OBJECTID,Gestor de red,Nombre del gestor,Provincia,Municipio,Coordenada X,Coordenada Y,Subestación,Nivel de tensión (kV),Capacidad disponible (MW),Nudo reservado,Capacidad ocupada (MW),Capacidad admitida y no evaluada (MW),Nudo 0*,x,y
1,R1-091,"ELECTRA AVELLANA, SL",Girona,Cornellà del Terri,981647.31,4676263.25,SUBESTACIO SORDS,10,0,No,0,0,0,981647.31,4676263.25
2,R1-091,"ELECTRA AVELLANA, SL",Girona,Cornellà del Terri,981647.31,4676263.25,SUBESTACIO SORDS,10,0,No,0,0,0,981647.31,4676263.25
3,R1-061,OÑARGI SL,Gipuzkoa,Oñati,547396.66,4764587.71,Bustinzulo_1,13,0,No,0,0,0,547396.66,4764587.71
4,R1-061,OÑARGI SL,Gipuzkoa,Oñati,547384.72,4764582.05,Bustinzulo_1,30,0,No,0,0,0,547384.72,4764582.05
5,R1-227,RUIZ DE LA TORRE SL,"Rioja, La",Arnedo,575534.19,4676731.3,Ruidela,20,5,No,5,0,0,575534.19,4676731.3
6,R1-227,RUIZ DE LA TORRE SL,"Rioja, La",Arnedo,575523.28,4676703.2,Ruidela,66,5,No,5,0,0,575523.28,4676703.2
7,R1-077,ELÉCTRICA CORVERA S.L.,Murcia,Murcia,663252.66,4189968.37,SUB_CORVERA,20,0,No,0,0,0,663252.66,4189968.37
8,R1-077,ELÉCTRICA CORVERA S.L.,Murcia,Murcia,663259.32,4189954.37,SUB_CORVERA,132,0,No,0,0,0,663259.32,4189954.37
9,R1-077,ELÉCTRICA CORVERA S.L.,Murcia,Murcia,663252.66,4189954.37,SUB_CORVERA,20,0,No,0,0,0,663252.66,4189954.37
10,R1-077,ELÉCTRICA CORVERA S.L.,Murcia,Murcia,663259.32,4189968.37,SUB_CORVERA,20,0,No,0,0,0,663259.32,4189968.37
11,R1-037,CARDENER DISTRIBUCIO ELECTRICA S.L.U.,Lleida,Clariana de Cardener,881387.47,4651566.12,SUBESTACIÓ TRULLÀS,6,0,No,0,0,0,881387.47,4651566.12
12,R1-050,HIJOS DE JACINTO GUILLEN DISTRIBUIDORA ELECTRICA SL,Badajoz,Guareña,229754.76,4305669.99,S.T.R. GUAREÑA,45,0,No,12.38,4,0,229754.76,4305669.99
13,R1-050,HIJOS DE JACINTO GUILLEN DISTRIBUIDORA ELECTRICA SL,Badajoz,Guareña,229794.99,4305686.21,S.T.R. GUAREÑA,22,0,No,12.38,4,0,229794.99,4305686.21
14,R1-050,HIJOS DE JACINTO GUILLEN DISTRIBUIDORA ELECTRICA SL,Badajoz,Guareña,229756.29,4305674.86,S.T.R. GUAREÑA,22,0,No,0,0,0,229756.29,4305674.86
15,R1-037,CARDENER DISTRIBUCIO ELECTRICA S.L.U.,Lleida,Olius,872577.13,4654410.32,SUBESTACIÓ VILADOT,6,0,No,0,0,0,872577.13,4654410.32
16,R1-191,"ALSET ELÉCTRICA, S.L.",Cádiz,Alcalá del Valle,306369.83,4086264.85,Sub 33Kv Alcala,33,0,No,0,0,0,306369.83,4086264.85
17,R1-191,"ALSET ELÉCTRICA, S.L.",Cádiz,Alcalá del Valle,306370.75,4086252.92,Sub 33Kv Alcala,20,0,No,0,0,0,306370.75,4086252.92
18,R1-191,"ALSET ELÉCTRICA, S.L.",Cádiz,Setenil de las Bodegas,305445.47,4082464.55,La Molinilla,33,0,No,0,0,0,305445.47,4082464.55
19,R1-191,"ALSET ELÉCTRICA, S.L.",Cádiz,Setenil de las Bodegas,305445.47,4082478.55,La Molinilla,20,0,No,0,0,0,305445.47,4082478.55
20,R1-204,ELECTRA DE SANTA COMBA SL,"Coruña, A",Santa Comba,28007,4780057,SANTA COMBA,66,1,No,0,0,0,28007,4780057
21,R1-204,ELECTRA DE SANTA COMBA SL,"Coruña, A",Santa Comba,28034,4780068,SANTA COMBA,20,1,No,0,0,0,28034,4780068
22,R1-085,"CENTRAL ELECTRICA MITJANS,SL",Girona,Sarrià de Ter,982249.91,4667757.71,S.E. Estacio Central,25,0,No,2,0,0,982249.91,4667757.71
23,R1-085,"CENTRAL ELECTRICA MITJANS,SL",Girona,Sarrià de Ter,982227.84,4667751.14,PF. ENDESA,25,0,No,2,0,0,982227.84,4667751.14
24,R1-085,"CENTRAL ELECTRICA MITJANS,SL",Girona,Sarrià de Ter,982404.12,4668300.86,PLACETA,25,0,No,2,0,0,982404.12,4668300.86
25,R1-099,"ELECTRICITAT LA AURORA, SLU",Girona,Girona,982362.93,4666327.4,PF. ENDESA,25,0,No,2,0,0,982362.93,4666327.4
26,R1-099,"ELECTRICITAT LA AURORA, SLU",Girona,Girona,982360.25,4666326.72,PF. GEC,25,0,No,2,0,0,982360.25,4666326.72
27,R1-099,"ELECTRICITAT LA AURORA, SLU",Girona,Girona,982369.36,4666327.77,CM. PALOMAR,25,0,No,3,0,0,982369.36,4666327.77
28,R1-099,"ELECTRICITAT LA AURORA, SLU",Girona,Celrà,986284.37,4669772.03,CRM. PIRINEUS,25,0,No,3,0,0,986284.37,4669772.03
29,R1-099,"ELECTRICITAT LA AURORA, SLU",Girona,Celrà,986495.54,4669711.17,CR. ORRIOLS,25,0,No,1.5,0,0,986495.54,4669711.17
30,R1-099,"ELECTRICITAT LA AURORA, SLU",Girona,Sarrià de Ter,981654.99,4666906.43,CM. MERKAMUEBLE,25,0,No,0.5,0,0,981654.99,4666906.43
31,R1-099,"ELECTRICITAT LA AURORA, SLU",Girona,Sant Julià de Ramis,984009.17,4669949.84,CM. EL CASTELL,25,0,No,1,0,0,984009.17,4669949.84
32,R1-099,"ELECTRICITAT LA AURORA, SLU",Girona,Celrà,986085.38,4670844.11,CM. EDAR,25,0,No,0.4,0,0,986085.38,4670844.11
33,R1-115,HIDROELECTRICA VEGA SA,Ávila,Sotillo de la Adrada,365535.98,4459776.25,Subestacion La Vega,15,2.96,No,7.15,0,0,365535.98,4459776.25
34,R1-020,PEUSA DISTRIBUCIO SLU,Lleida,Ribera d'Urgellet,862229.6,4695088.63,SE ADRALL,22,20.6,No,18.28,13,0,862229.6,4695088.63
35,R1-059,GRUPO DE ELECTRIFICACIÓN RURAL DE BINÉFAR Y COMARCA SOC. COOP,Huesca,Monzón,764856.23,4646358.95,SUBESTACION MONZON,20,0.5,No,1.4,0,0,764856.23,4646358.95
36,R1-059,GRUPO DE ELECTRIFICACIÓN RURAL DE BINÉFAR Y COMARCA SOC. COOP,Huesca,Binéfar,773433.67,4639549.45,SUBESTACION BINEFAR,20,0.6,No,4.2,0,0,773433.67,4639549.45
37,R1-059,GRUPO DE ELECTRIFICACIÓN RURAL DE BINÉFAR Y COMARCA SOC. COOP,Huesca,Tamarite de Litera,785425.21,4636197.51,SUBESTACION TAMARITE,20,0,No,1.8,0,0,785425.21,4636197.51
38,R1-099,"ELECTRICITAT LA AURORA, SLU",Girona,Celrà,986281.08,4669771.76,CMC PIRINEUS,25,0,No,3,0,0,986281.08,4669771.76
39,R1-180,"C. MARCIAL CHACON E HIJOS, S.L.",Ciudad Real,Puerto Lápice,460253.93,4349576.72,QUIJOTE,45,0,No,0,0,0,460253.93,4349576.72
40,R1-180,"C. MARCIAL CHACON E HIJOS, S.L.",Ciudad Real,Puerto Lápice,460253.93,4349576.72,QUIJOTE,15,0,No,0,10,0,460253.93,4349576.72
41,R1-131,"ISMAEL BIOSCA, S.L.",Valencia/València,"Font de la Figuera, la",682757.01,4299268.97,Subestacion,20,2.68,No,0,0,0,682757.01,4299268.97
42,R1-003,"BARRAS ELÉCTRICAS GALAICO-ASTURIANAS, S. A",Lugo,Lourenzá,155519.8,4821905,BARREIROS,20,1.88,No,0.62,0,0,155519.8,4821905
43,R1-003,"BARRAS ELÉCTRICAS GALAICO-ASTURIANAS, S. A",Lugo,Lourenzá,155519.8,4821905,BARREIROS,132,70,No,0,0,0,155519.8,4821905
44,R1-003,"BARRAS ELÉCTRICAS GALAICO-ASTURIANAS, S. A",Lugo,Begonte,121983.3,4784946.4,BEGONTE,20,5.51,No,20.07,0,0,121983.3,4784946.4
45,R1-003,"BARRAS ELÉCTRICAS GALAICO-ASTURIANAS, S. A",Lugo,Begonte,121983.3,4784946.4,BEGONTE,132,0,No,0,0,0,121983.3,4784946.4
46,R1-003,"BARRAS ELÉCTRICAS GALAICO-ASTURIANAS, S. A",Lugo,Burela,146778.1,4844034.3,BURELA,20,19.68,No,19.82,0,0,146778.1,4844034.3
47,R1-003,"BARRAS ELÉCTRICAS GALAICO-ASTURIANAS, S. A",Lugo,Burela,146778.1,4844034.3,BURELA,132,32,No,0,0,0,146778.1,4844034.3
48,R1-003,"BARRAS ELÉCTRICAS GALAICO-ASTURIANAS, S. A",Lugo,Lugo,128628.8,4772583.3,C_CONDE,20,1.32,No,9.28,0,0,128628.8,4772583.3
49,R1-003,"BARRAS ELÉCTRICAS GALAICO-ASTURIANAS, S. A",Lugo,Lugo,127938.3,4772949.8,CASTIÑEIRO,20,3.62,No,7.46,0,0,127938.3,4772949.8
50,R1-003,"BARRAS ELÉCTRICAS GALAICO-ASTURIANAS, S. A",Lugo,Lugo,128539,4776217.7,CEAO,20,1.32,No,52.9,5.23,0,128539,4776217.7
51,R1-003,"BARRAS ELÉCTRICAS GALAICO-ASTURIANAS, S. A",Lugo,Lugo,128539,4776217.7,CEAO,132,0,No,0,0,0,128539,4776217.7
52,R1-003,"BARRAS ELÉCTRICAS GALAICO-ASTURIANAS, S. A",Lugo,"Fonsagrada, A",163587,4778438.6,FONSAGRADA,20,0.6,No,1.9,0,0,163587,4778438.6
53,R1-003,"BARRAS ELÉCTRICAS GALAICO-ASTURIANAS, S. A",Lugo,Foz,155353.5,4830679.7,FOZ,20,6.93,No,13.92,0,0,155353.5,4830679.7
54,R1-003,"BARRAS ELÉCTRICAS GALAICO-ASTURIANAS, S. A",Lugo,Foz,155353.5,4830679.7,FOZ,132,35,No,0,0,0,155353.5,4830679.7
55,R1-003,"BARRAS ELÉCTRICAS GALAICO-ASTURIANAS, S. A",Lugo,Castro de Rei,140726.1,4784560.7,LUDRIO,20,1.55,No,0.95,0,0,140726.1,4784560.7
56,R1-003,"BARRAS ELÉCTRICAS GALAICO-ASTURIANAS, S. A",Lugo,Viveiro,128843.9,4842876.9,MAGAZOS,20,7.8,No,16.2,0,0,128843.9,4842876.9
57,R1-003,"BARRAS ELÉCTRICAS GALAICO-ASTURIANAS, S. A",Lugo,Viveiro,128843.9,4842876.9,MAGAZOS,132,30,No,0,0,0,128843.9,4842876.9
58,R1-003,"BARRAS ELÉCTRICAS GALAICO-ASTURIANAS, S. A",Lugo,"Pastoriza, A",149251.9,4794477.8,MEIRA,20,0,No,11.54,1.25,0,149251.9,4794477.8
59,R1-003,"BARRAS ELÉCTRICAS GALAICO-ASTURIANAS, S. A",Lugo,"Pastoriza, A",149251.9,4794477.8,MEIRA,132,100,No,0,0,0,149251.9,4794477.8
60,R1-003,"BARRAS ELÉCTRICAS GALAICO-ASTURIANAS, S. A",Lugo,Lugo,129424.1,4770617.5,MERCEDES,20,1.32,No,11.43,0,0,129424.1,4770617.5
61,R1-167,EMPRESA ELECTRICA MARTIN SILVA POZO SL,Córdoba,Cardeña,384191.04,4237082.12,Subestacion Cardena,20,0,No,0,0,0,384191.04,4237082.12
62,R1-175,DISTRIBUCIONES ELECTRICAS PORTILLO SL,Almería,Cuevas del Almanzora,606724.13,4124835.65,ST_PORTILLO,66,27.6,No,5.67,0,0,606724.13,4124835.65
63,R1-175,DISTRIBUCIONES ELECTRICAS PORTILLO SL,Almería,Cuevas del Almanzora,606702.34,4124836.69,ST_PORTILLO,25,12,No,5.46,0,0,606702.34,4124836.69
64,R1-175,DISTRIBUCIONES ELECTRICAS PORTILLO SL,Almería,Vera,603704.96,4121273.66,ST_COSTA-VERA,132,63.2,No,1.51,40,0,603704.96,4121273.66
65,R1-175,DISTRIBUCIONES ELECTRICAS PORTILLO SL,Almería,Vera,603704.77,4121255.77,ST_COSTA-VERA,25,10.6,No,1.43,18,0,603704.77,4121255.77
66,R1-034,"ELECTRICIDAD DE PUERTO REAL, S.A. (EPRESA)",Cádiz,Puerto Real,217350.11,4046207.32,SUB-23001,20,2.59,No,14.4,0,0,217350.11,4046207.32
67,R1-051,"JUAN DE FRUTOS GARCIA DISTRIBUCIÓN ELÉCTRICA, S.L.U",Segovia,Fuentepelayo,401752.06,4563688.73,SUB FUENTEPELAYO,45,0,No,0,0,0,401752.06,4563688.73
68,R1-051,"JUAN DE FRUTOS GARCIA DISTRIBUCIÓN ELÉCTRICA, S.L.U",Segovia,Fuentepelayo,401774.43,4563715.5,SUB FUENTEPELAYO,15,0,No,0,0,0,401774.43,4563715.5
69,R1-365,ELECTRA REDENERGIA SL,Lleida,Lleida,805615.25,4613257.61,LLEIDA EST,132,73.7,No,3.22,0,0,805615.25,4613257.61
70,R1-365,ELECTRA REDENERGIA SL,Lleida,Lleida,805615.25,4613257.61,LLEIDA EST,25,0,No,3.06,15,0,805615.25,4613257.61
71,R1-003,"BARRAS ELÉCTRICAS GALAICO-ASTURIANAS, S. A",Lugo,Mondoñedo,146550.7,4818040.1,MONDOÑEDO,20,6.03,No,8.7,0,0,146550.7,4818040.1
72,R1-003,"BARRAS ELÉCTRICAS GALAICO-ASTURIANAS, S. A",Lugo,Ribadeo,170870.2,4828331.6,RIBADEO,20,0,No,10.5,2,0,170870.2,4828331.6
73,R1-003,"BARRAS ELÉCTRICAS GALAICO-ASTURIANAS, S. A",Lugo,Lugo,131875.3,4772615.1,SAN_CIBRAO,20,1.32,No,19.94,0,0,131875.3,4772615.1
74,R1-003,"BARRAS ELÉCTRICAS GALAICO-ASTURIANAS, S. A",Lugo,Vilalba,121786.5,4806250.8,SETE PONTES,20,1.19,No,25.31,0,0,121786.5,4806250.8
75,R1-008,HIDROCANTÁBRICO DISTRIBUCIÓN ELÉCTRICA S.A.U,Alicante/Alacant,Rojales,698503,4214382.6,SE ROJALES,20,10,No,10.02,0,0,698503,4214382.6
76,R1-008,HIDROCANTÁBRICO DISTRIBUCIÓN ELÉCTRICA S.A.U,Alicante/Alacant,Guardamar del Segura,702971.7,4214266.8,CR EL RASO,20,5,No,4.6,0,0,702971.7,4214266.8
77,R1-008,HIDROCANTÁBRICO DISTRIBUCIÓN ELÉCTRICA S.A.U,Alicante/Alacant,Elx/Elche,706819.1,4237770,SE ELCHE,20,0,No,21.14,60,0,706819.1,4237770
78,R1-008,HIDROCANTÁBRICO DISTRIBUCIÓN ELÉCTRICA S.A.U,Alicante/Alacant,Dolores,698199.6,4224060.4,CR PGNO LOS AZARBES,20,0,No,1.8,0,0,698199.6,4224060.4
79,R1-008,HIDROCANTÁBRICO DISTRIBUCIÓN ELÉCTRICA S.A.U,Barcelona,Sallent,907279.22,4637263.42,SE PLANS DE LA SALA,110,0,No,0,0,0,907279.22,4637263.42
80,R1-008,HIDROCANTÁBRICO DISTRIBUCIÓN ELÉCTRICA S.A.U,Barcelona,Sallent,907279.22,4637263.42,SE PLANS DE LA SALA,25,0,No,17,10,0,907279.22,4637263.42
81,R1-008,HIDROCANTÁBRICO DISTRIBUCIÓN ELÉCTRICA S.A.U,Huesca,Isábena,791847.6,4689450.6,SE PUEBLA DE RODA,25,0.5,No,0.7,0,0,791847.6,4689450.6
82,R1-008,HIDROCANTÁBRICO DISTRIBUCIÓN ELÉCTRICA S.A.U,Huesca,Isábena,791698.3,4689560.5,SE ISABENA,25,0.2,No,0.2,0,0,791698.3,4689560.5
83,R1-008,HIDROCANTÁBRICO DISTRIBUCIÓN ELÉCTRICA S.A.U,Huesca,Capella,784713.9,4678233.2,CR LAGUARRES,25,1,No,0.7,0,0,784713.9,4678233.2
84,R1-008,HIDROCANTÁBRICO DISTRIBUCIÓN ELÉCTRICA S.A.U,Huesca,Campo,779198.4,4701876.4,CR BARDAJI,25,0,No,0.2,0,0,779198.4,4701876.4
85,R1-008,HIDROCANTÁBRICO DISTRIBUCIÓN ELÉCTRICA S.A.U,Madrid,Pinto,438517.5,4457263.3,SE PINTO,20,0,No,37.9,7,0,438517.5,4457263.3
86,R1-008,HIDROCANTÁBRICO DISTRIBUCIÓN ELÉCTRICA S.A.U,Madrid,Pinto,438251,4455840.6,CR SECTOR 4,20,0,No,2.1,7,0,438251,4455840.6
87,R1-008,HIDROCANTÁBRICO DISTRIBUCIÓN ELÉCTRICA S.A.U,Madrid,Getafe,437963.4,4458427.8,CR GETAFE SUR,20,0,No,8.8,0,0,437963.4,4458427.8
88,R1-008,HIDROCANTÁBRICO DISTRIBUCIÓN ELÉCTRICA S.A.U,Asturias,Yernes y Tameza,247604.8,4802908,CR SAN PEDRO,22,0.25,No,0.5,0,0,247604.8,4802908
89,R1-008,HIDROCANTÁBRICO DISTRIBUCIÓN ELÉCTRICA S.A.U,Asturias,Villaviciosa,302884.9,4818312.9,CR BEDRIÑANA,24,0,No,3.3,0,0,302884.9,4818312.9
90,R1-008,HIDROCANTÁBRICO DISTRIBUCIÓN ELÉCTRICA S.A.U,Asturias,Villaviciosa,303141.7,4816363,SE VILLAVICIOSA,24,0,No,11.7,0,0,303141.7,4816363
91,R1-008,HIDROCANTÁBRICO DISTRIBUCIÓN ELÉCTRICA S.A.U,Asturias,Villaviciosa,303141.7,4816363,SE VILLAVICIOSA,50,0,No,0,40,0,303141.7,4816363
92,R1-008,HIDROCANTÁBRICO DISTRIBUCIÓN ELÉCTRICA S.A.U,Asturias,Villaviciosa,303141.7,4816363,SE VILLAVICIOSA,132,0,No,0,0,0,303141.7,4816363
93,R1-008,HIDROCANTÁBRICO DISTRIBUCIÓN ELÉCTRICA S.A.U,Asturias,Villaviciosa,294262.9,4818148.4,CR PEON,22,0,No,3.7,0,0,294262.9,4818148.4
94,R1-008,HIDROCANTÁBRICO DISTRIBUCIÓN ELÉCTRICA S.A.U,Asturias,Villaviciosa,297336.6,4820931.2,CR VENTA LAS RANAS,24,0,No,4.2,0,0,297336.6,4820931.2
95,R1-008,HIDROCANTÁBRICO DISTRIBUCIÓN ELÉCTRICA S.A.U,Asturias,Villaviciosa,298752,4813521.3,CR AMBAS,24,0.8,No,0.5,0,0,298752,4813521.3
96,R1-008,HIDROCANTÁBRICO DISTRIBUCIÓN ELÉCTRICA S.A.U,Asturias,Villaviciosa,293962.6,4822353.5,CR QUINTES,22,0,No,5.1,0,0,293962.6,4822353.5
97,R1-008,HIDROCANTÁBRICO DISTRIBUCIÓN ELÉCTRICA S.A.U,Asturias,Tineo,223004.7,4798513.2,SE LA FLORIDA,22,3.94,No,3.3,0,0,223004.7,4798513.2
98,R1-008,HIDROCANTÁBRICO DISTRIBUCIÓN ELÉCTRICA S.A.U,Asturias,Tineo,223004.7,4798513.2,SE LA FLORIDA,50,3.94,No,0,0,0,223004.7,4798513.2
99,R1-008,HIDROCANTÁBRICO DISTRIBUCIÓN ELÉCTRICA S.A.U,Asturias,Tineo,227776.2,4798523.4,CR BEBARES,22,3.94,No,2.6,0,0,227776.2,4798523.4
100,R1-008,HIDROCANTÁBRICO DISTRIBUCIÓN ELÉCTRICA S.A.U,Asturias,Tineo,226000.8,4805385.5,CR LOS LLANOS-EL CRUCERO,22,3.94,No,3.3,0,0,226000.8,4805385.5
101,R1-008,HIDROCANTÁBRICO DISTRIBUCIÓN ELÉCTRICA S.A.U,Asturias,Teverga,248144.5,4784542,CR ENTRAGO,22,0.25,No,3.5,0,0,248144.5,4784542
102,R1-008,HIDROCANTÁBRICO DISTRIBUCIÓN ELÉCTRICA S.A.U,Asturias,Soto del Barco,251728.4,4827287.2,CR LA ARENA,22,5,No,2.5,0,0,251728.4,4827287.2
103,R1-008,HIDROCANTÁBRICO DISTRIBUCIÓN ELÉCTRICA S.A.U,Asturias,Somiedo,235385.1,4778861.1,SE LA MALVA,22,0.25,No,1.1,0,0,235385.1,4778861.1
104,R1-008,HIDROCANTÁBRICO DISTRIBUCIÓN ELÉCTRICA S.A.U,Asturias,Somiedo,235385.1,4778861.1,SE LA MALVA,50,0,No,0,0,1,235385.1,4778861.1
105,R1-008,HIDROCANTÁBRICO DISTRIBUCIÓN ELÉCTRICA S.A.U,Asturias,Sobrescobio,300392.5,4788383.3,CR RIOSECO,24,3,No,0.3,0,0,300392.5,4788383.3
106,R1-008,HIDROCANTÁBRICO DISTRIBUCIÓN ELÉCTRICA S.A.U,Asturias,Sobrescobio,301338.5,4788419.5,CR TANES,24,3,No,0.9,0,0,301338.5,4788419.5
107,R1-008,HIDROCANTÁBRICO DISTRIBUCIÓN ELÉCTRICA S.A.U,Asturias,Siero,272786.5,4809865.5,SE CASTRO,22,4.23,No,8,1.5,0,272786.5,4809865.5
108,R1-008,HIDROCANTÁBRICO DISTRIBUCIÓN ELÉCTRICA S.A.U,Asturias,Siero,290853.4,4806441.7,CR LIERES,24,0.8,No,3.9,0,0,290853.4,4806441.7
109,R1-008,HIDROCANTÁBRICO DISTRIBUCIÓN ELÉCTRICA S.A.U,Asturias,Siero,274974.1,4807545.8,CR CLAS,22,0,No,11,0,0,274974.1,4807545.8
110,R1-008,HIDROCANTÁBRICO DISTRIBUCIÓN ELÉCTRICA S.A.U,Asturias,Siero,285424.6,4808942.4,CR LA CABAÑA,22,0,No,2.4,1,0,285424.6,4808942.4
111,R1-008,HIDROCANTÁBRICO DISTRIBUCIÓN ELÉCTRICA S.A.U,Asturias,Siero,277789.8,4807503,CR SAN MIGUEL,22,0,No,35.2,0,0,277789.8,4807503
112,R1-008,HIDROCANTÁBRICO DISTRIBUCIÓN ELÉCTRICA S.A.U,Asturias,Siero,281194.7,4807274.8,CR EL BERRON,22,0,No,8,0,0,281194.7,4807274.8
113,R1-008,HIDROCANTÁBRICO DISTRIBUCIÓN ELÉCTRICA S.A.U,Asturias,Siero,276729.6,4806625.5,SE MERES,22,0,No,63,3.5,0,276729.6,4806625.5
114,R1-008,HIDROCANTÁBRICO DISTRIBUCIÓN ELÉCTRICA S.A.U,Asturias,Siero,272743.4,4809861,SE MOVIL LUGONES,22,0.26,No,6.6,0,0,272743.4,4809861
115,R1-008,HIDROCANTÁBRICO DISTRIBUCIÓN ELÉCTRICA S.A.U,Asturias,Siero,272743.4,4809861,SE MOVIL LUGONES,50,0,No,0,0,0,272743.4,4809861
116,R1-008,HIDROCANTÁBRICO DISTRIBUCIÓN ELÉCTRICA S.A.U,Asturias,Santo Adriano,258886.8,4807666.1,SE PRIAÑES,22,0.25,No,16,15,0,258886.8,4807666.1
117,R1-008,HIDROCANTÁBRICO DISTRIBUCIÓN ELÉCTRICA S.A.U,Asturias,Santo Adriano,258886.8,4807666.1,SE PRIAÑES,50,0,No,0,0,1,258886.8,4807666.1
118,R1-008,HIDROCANTÁBRICO DISTRIBUCIÓN ELÉCTRICA S.A.U,Asturias,San Martín del Rey Aurelio,289775.9,4794065.1,CR BLIMEA,24,4.37,No,3,0,0,289775.9,4794065.1
119,R1-008,HIDROCANTÁBRICO DISTRIBUCIÓN ELÉCTRICA S.A.U,Asturias,San Martín del Rey Aurelio,287132.9,4796092.6,CR CARROCERA I,24,4.37,No,25,0,0,287132.9,4796092.6
120,R1-008,HIDROCANTÁBRICO DISTRIBUCIÓN ELÉCTRICA S.A.U,Asturias,San Martín del Rey Aurelio,287160.5,4796159.1,SE CARROCERA II,24,4.37,No,17.7,0,0,287160.5,4796159.1
121,R1-008,HIDROCANTÁBRICO DISTRIBUCIÓN ELÉCTRICA S.A.U,Asturias,San Martín del Rey Aurelio,287160.5,4796159.1,SE CARROCERA II,50,0,No,0,0,0,287160.5,4796159.1
122,R1-008,HIDROCANTÁBRICO DISTRIBUCIÓN ELÉCTRICA S.A.U,Asturias,Salas,237341.3,4810817.2,CR ZORRINA,22,0,No,13.8,0,0,237341.3,4810817.2
123,R1-008,HIDROCANTÁBRICO DISTRIBUCIÓN ELÉCTRICA S.A.U,Asturias,Salas,244571.2,4811339.4,CR CORNELLANA,22,4.23,No,2.2,0,0,244571.2,4811339.4
124,R1-008,HIDROCANTÁBRICO DISTRIBUCIÓN ELÉCTRICA S.A.U,Asturias,Salas,232601.9,4806809.7,SE SALAS,22,7,No,11.1,0,0,232601.9,4806809.7
125,R1-008,HIDROCANTÁBRICO DISTRIBUCIÓN ELÉCTRICA S.A.U,Asturias,Salas,232601.9,4806809.7,SE SALAS,132,5,No,0,5,0,232601.9,4806809.7
126,R1-008,HIDROCANTÁBRICO DISTRIBUCIÓN ELÉCTRICA S.A.U,Asturias,Ribera de Arriba,266969.6,4799584.4,SE SOTO,132,0,No,0,0,0,266969.6,4799584.4
127,R1-008,HIDROCANTÁBRICO DISTRIBUCIÓN ELÉCTRICA S.A.U,Asturias,Ribadesella,333294.6,4813556.8,CR EL COBAYO,24,0.8,No,1.5,0,0,333294.6,4813556.8
128,R1-008,HIDROCANTÁBRICO DISTRIBUCIÓN ELÉCTRICA S.A.U,Asturias,Ribadesella,331751.1,4813458.2,SE RIBADESELLA,24,0.8,No,8.8,0,0,331751.1,4813458.2
129,R1-008,HIDROCANTÁBRICO DISTRIBUCIÓN ELÉCTRICA S.A.U,Asturias,Ribadesella,331751.1,4813458.2,SE RIBADESELLA,50,0,No,0,0,0,331751.1,4813458.2
130,R1-008,HIDROCANTÁBRICO DISTRIBUCIÓN ELÉCTRICA S.A.U,Asturias,Proaza,254951.7,4792917.1,CR PROAZA,22,0.25,No,1.7,0,0,254951.7,4792917.1
131,R1-008,HIDROCANTÁBRICO DISTRIBUCIÓN ELÉCTRICA S.A.U,Asturias,Proaza,255028.6,4792889.9,SE PROAZA CENTRAL,50,0,No,8,0,1,255028.6,4792889.9
132,R1-008,HIDROCANTÁBRICO DISTRIBUCIÓN ELÉCTRICA S.A.U,Asturias,Proaza,255028.6,4792889.9,SE PROAZA CENTRAL,132,0,No,2.1,0,0,255028.6,4792889.9
133,R1-008,HIDROCANTÁBRICO DISTRIBUCIÓN ELÉCTRICA S.A.U,Asturias,Pravia,248476.8,4820000.9,CR LA ESTACION,22,0,No,6,5,0,248476.8,4820000.9
134,R1-008,HIDROCANTÁBRICO DISTRIBUCIÓN ELÉCTRICA S.A.U,Asturias,Pravia,244317,4821542,CR LA BARRACA,22,4,No,2,0,0,244317,4821542
135,R1-008,HIDROCANTÁBRICO DISTRIBUCIÓN ELÉCTRICA S.A.U,Asturias,Pravia,243729,4817732.3,SE PRAVIA,22,4,No,12.1,0,0,243729,4817732.3
136,R1-008,HIDROCANTÁBRICO DISTRIBUCIÓN ELÉCTRICA S.A.U,Asturias,Pravia,243729,4817732.3,SE PRAVIA,50,4,No,2.5,0,0,243729,4817732.3
137,R1-008,HIDROCANTÁBRICO DISTRIBUCIÓN ELÉCTRICA S.A.U,Asturias,Ponga,328914.4,4790849.1,SE CAMPORRIONDI 1,24,3,No,0.4,0,0,328914.4,4790849.1
138,R1-008,HIDROCANTÁBRICO DISTRIBUCIÓN ELÉCTRICA S.A.U,Asturias,Piloña,307729.3,4801812,CR FERREROS,24,3,No,7.4,0,0,307729.3,4801812
139,R1-008,HIDROCANTÁBRICO DISTRIBUCIÓN ELÉCTRICA S.A.U,Asturias,Piloña,312856.2,4803568.9,CR VILLAMAYOR,24,4.37,No,3.6,0,0,312856.2,4803568.9
140,R1-008,HIDROCANTÁBRICO DISTRIBUCIÓN ELÉCTRICA S.A.U,Asturias,Peñamellera Baja,371673.1,4797994.2,SE PANES,24,0,No,4.2,0,0,371673.1,4797994.2
141,R1-008,HIDROCANTÁBRICO DISTRIBUCIÓN ELÉCTRICA S.A.U,Asturias,Parres,322490.1,4807772.7,SE ARRIONDAS,24,4.37,No,29.8,3,0,322490.1,4807772.7
142,R1-008,HIDROCANTÁBRICO DISTRIBUCIÓN ELÉCTRICA S.A.U,Asturias,Parres,322490.1,4807772.7,SE ARRIONDAS,50,0,No,0,0,0,322490.1,4807772.7
143,R1-008,HIDROCANTÁBRICO DISTRIBUCIÓN ELÉCTRICA S.A.U,Asturias,Parres,322490.1,4807772.7,SE ARRIONDAS,132,0,No,0,0,0,322490.1,4807772.7
144,R1-008,HIDROCANTÁBRICO DISTRIBUCIÓN ELÉCTRICA S.A.U,Asturias,Parres,323146.1,4806672,CR NOCEDA,24,4.37,No,9.5,0,0,323146.1,4806672
145,R1-008,HIDROCANTÁBRICO DISTRIBUCIÓN ELÉCTRICA S.A.U,Asturias,Oviedo,270878.3,4807163.3,SE CORREDORIA,22,4.23,No,139.1,6,0,270878.3,4807163.3
146,R1-008,HIDROCANTÁBRICO DISTRIBUCIÓN ELÉCTRICA S.A.U,Asturias,Oviedo,270878.3,4807163.3,SE CORREDORIA,50,5.24,No,6,0,0,270878.3,4807163.3
147,R1-008,HIDROCANTÁBRICO DISTRIBUCIÓN ELÉCTRICA S.A.U,Asturias,Oviedo,270878.3,4807163.3,SE CORREDORIA,132,0,No,191.6,0,0,270878.3,4807163.3
148,R1-008,HIDROCANTÁBRICO DISTRIBUCIÓN ELÉCTRICA S.A.U,Asturias,Oviedo,268903.4,4804500.2,CR EDIFICIO SOCIAL,22,3.6,No,1.4,0,0,268903.4,4804500.2
149,R1-008,HIDROCANTÁBRICO DISTRIBUCIÓN ELÉCTRICA S.A.U,Asturias,Oviedo,270654.4,4802981.7,SE SAN ESTEBAN,22,3.6,No,76.8,0,0,270654.4,4802981.7
150,R1-008,HIDROCANTÁBRICO DISTRIBUCIÓN ELÉCTRICA S.A.U,Asturias,Oviedo,270654.4,4802981.7,SE SAN ESTEBAN,132,0,No,45,45,0,270654.4,4802981.7
151,R1-008,HIDROCANTÁBRICO DISTRIBUCIÓN ELÉCTRICA S.A.U,Asturias,Oviedo,274840,4801169.2,CR VEGUIN 2,24,4.37,No,2.3,0,0,274840,4801169.2
152,R1-008,HIDROCANTÁBRICO DISTRIBUCIÓN ELÉCTRICA S.A.U,Asturias,Oviedo,262408.5,4800955.7,SE PUERTO,22,0.25,No,12.7,4,0,262408.5,4800955.7
153,R1-008,HIDROCANTÁBRICO DISTRIBUCIÓN ELÉCTRICA S.A.U,Asturias,Oviedo,262408.5,4800955.7,SE PUERTO,50,0,No,0,0,1,262408.5,4800955.7
154,R1-008,HIDROCANTÁBRICO DISTRIBUCIÓN ELÉCTRICA S.A.U,Asturias,Oviedo,267806.4,4804098.1,CR EL CRISTO,22,3.6,No,5.2,0,0,267806.4,4804098.1
155,R1-008,HIDROCANTÁBRICO DISTRIBUCIÓN ELÉCTRICA S.A.U,Asturias,Oviedo,268617.3,4804372.3,CR EL FRESNO,22,3.6,No,9,0,0,268617.3,4804372.3
156,R1-008,HIDROCANTÁBRICO DISTRIBUCIÓN ELÉCTRICA S.A.U,Asturias,Oviedo,275208.2,4801199.7,SE VEGUIN 1,24,4.37,No,0.7,0,0,275208.2,4801199.7
157,R1-008,HIDROCANTÁBRICO DISTRIBUCIÓN ELÉCTRICA S.A.U,Asturias,Oviedo,268819.4,4805601.1,CR AVDA SANTANDER,22,4.23,No,8.4,0,0,268819.4,4805601.1
158,R1-008,HIDROCANTÁBRICO DISTRIBUCIÓN ELÉCTRICA S.A.U,Asturias,Oviedo,268622.2,4805852.9,CR NARANCO,22,4.23,No,12.4,0,0,268622.2,4805852.9
159,R1-008,HIDROCANTÁBRICO DISTRIBUCIÓN ELÉCTRICA S.A.U,Asturias,Oviedo,268266.5,4804666,CR PALACIO DE CONGRESOS,22,3.6,No,15.8,0,0,268266.5,4804666
160,R1-008,HIDROCANTÁBRICO DISTRIBUCIÓN ELÉCTRICA S.A.U,Asturias,Oviedo,269729.8,4805297.4,SE EL VASCO,22,3.6,No,8.8,0,0,269729.8,4805297.4
161,R1-008,HIDROCANTÁBRICO DISTRIBUCIÓN ELÉCTRICA S.A.U,Asturias,Nava,295005.2,4805212.3,SE QUINTANA,24,0.8,No,7.7,0,0,295005.2,4805212.3
162,R1-008,HIDROCANTÁBRICO DISTRIBUCIÓN ELÉCTRICA S.A.U,Asturias,Nava,295005.2,4805212.3,SE QUINTANA,50,0,No,0,0,0,295005.2,4805212.3
163,R1-008,HIDROCANTÁBRICO DISTRIBUCIÓN ELÉCTRICA S.A.U,Asturias,Muros de Nalón,250611.8,4826697.4,CR SAN ESTEBAN DE PRAVIA,22,4,No,2.4,0,0,250611.8,4826697.4
164,R1-008,HIDROCANTÁBRICO DISTRIBUCIÓN ELÉCTRICA S.A.U,Asturias,Morcín,266415,4796367.1,CR SANTA EULALIA,22,3.6,No,2.1,0,0,266415,4796367.1
165,R1-008,HIDROCANTÁBRICO DISTRIBUCIÓN ELÉCTRICA S.A.U,Asturias,Llanes,348942.8,4808583.2,CR LLEDIAS,24,0.8,No,7.2,0,0,348942.8,4808583.2
166,R1-008,HIDROCANTÁBRICO DISTRIBUCIÓN ELÉCTRICA S.A.U,Asturias,Llanes,356818.7,4806928.5,SE LLANES,24,0.8,No,16.7,0,0,356818.7,4806928.5
167,R1-008,HIDROCANTÁBRICO DISTRIBUCIÓN ELÉCTRICA S.A.U,Asturias,Llanes,356818.7,4806928.5,SE LLANES,50,0,No,0,0,0,356818.7,4806928.5
168,R1-008,HIDROCANTÁBRICO DISTRIBUCIÓN ELÉCTRICA S.A.U,Asturias,Llanes,342792.4,4810722.9,CR NUEVA,24,0.8,No,0.5,0,0,342792.4,4810722.9
169,R1-008,HIDROCANTÁBRICO DISTRIBUCIÓN ELÉCTRICA S.A.U,Asturias,Llanera,273525.7,4814022.6,SE ALIMERKA,22,0.26,No,4.4,0,0,273525.7,4814022.6
170,R1-008,HIDROCANTÁBRICO DISTRIBUCIÓN ELÉCTRICA S.A.U,Asturias,Llanera,273525.7,4814022.6,SE ALIMERKA,50,0,No,26,0,1,273525.7,4814022.6
171,R1-008,HIDROCANTÁBRICO DISTRIBUCIÓN ELÉCTRICA S.A.U,Asturias,Laviana,292218.2,4790925.8,CR LAVIANA,24,4.37,No,9.1,0,0,292218.2,4790925.8
172,R1-008,HIDROCANTÁBRICO DISTRIBUCIÓN ELÉCTRICA S.A.U,Asturias,"Regueras, Las",262218.8,4812465.4,CR BIEDES,22,0.25,No,8.4,0,0,262218.8,4812465.4
173,R1-008,HIDROCANTÁBRICO DISTRIBUCIÓN ELÉCTRICA S.A.U,Asturias,Langreo,281603.2,4799679.5,SE LANGREO,24,4.37,No,52.2,0,0,281603.2,4799679.5
174,R1-008,HIDROCANTÁBRICO DISTRIBUCIÓN ELÉCTRICA S.A.U,Asturias,Langreo,281603.2,4799679.5,SE LANGREO,50,0,No,0,0,0,281603.2,4799679.5
175,R1-008,HIDROCANTÁBRICO DISTRIBUCIÓN ELÉCTRICA S.A.U,Asturias,Langreo,281603.2,4799679.5,SE LANGREO,132,0,No,0,0,0,281603.2,4799679.5
176,R1-008,HIDROCANTÁBRICO DISTRIBUCIÓN ELÉCTRICA S.A.U,Asturias,Langreo,281408.4,4799341.8,CR SANDIN,24,4.37,No,5.8,0,0,281408.4,4799341.8
177,R1-008,HIDROCANTÁBRICO DISTRIBUCIÓN ELÉCTRICA S.A.U,Asturias,Langreo,279743.1,4797627.7,CR LADA,24,3.5,No,5.5,0,0,279743.1,4797627.7
178,R1-008,HIDROCANTÁBRICO DISTRIBUCIÓN ELÉCTRICA S.A.U,Asturias,Langreo,279657.9,4800303.4,CR RIAÑO,24,4.37,No,7,0,0,279657.9,4800303.4
179,R1-008,HIDROCANTÁBRICO DISTRIBUCIÓN ELÉCTRICA S.A.U,Asturias,Langreo,283096.6,4796077.9,CR CASIELLES,24,4.37,No,6.3,0,0,283096.6,4796077.9
180,R1-008,HIDROCANTÁBRICO DISTRIBUCIÓN ELÉCTRICA S.A.U,Asturias,Langreo,282930,4796821.9,CR SAMA,24,4.37,No,12.8,0,0,282930,4796821.9
181,R1-008,HIDROCANTÁBRICO DISTRIBUCIÓN ELÉCTRICA S.A.U,Asturias,Ibias,184691.6,4771611.8,CR IBIAS,22,2,No,0.4,0,0,184691.6,4771611.8
182,R1-008,HIDROCANTÁBRICO DISTRIBUCIÓN ELÉCTRICA S.A.U,Asturias,Ibias,192501,4759138,CR LUIÑA,22,2,No,0.4,0,0,192501,4759138
183,R1-008,HIDROCANTÁBRICO DISTRIBUCIÓN ELÉCTRICA S.A.U,Asturias,Grado,252877.5,4814489.8,CR GRULLOS,22,5,No,0.6,0,0,252877.5,4814489.8
184,R1-008,HIDROCANTÁBRICO DISTRIBUCIÓN ELÉCTRICA S.A.U,Asturias,Grado,251563.1,4808538.8,CR MALLADERA,22,0.25,No,10.8,0,0,251563.1,4808538.8
185,R1-008,HIDROCANTÁBRICO DISTRIBUCIÓN ELÉCTRICA S.A.U,Asturias,Grado,257190.3,4818680,SE ROMIO,22,6.23,No,7.5,0,0,257190.3,4818680
186,R1-008,HIDROCANTÁBRICO DISTRIBUCIÓN ELÉCTRICA S.A.U,Asturias,Grado,257190.3,4818680,SE ROMIO,50,6.23,No,0,0,0,257190.3,4818680
187,R1-008,HIDROCANTÁBRICO DISTRIBUCIÓN ELÉCTRICA S.A.U,Asturias,Grado,257190.3,4818680,SE ROMIO,132,0,No,0,0,0,257190.3,4818680
188,R1-008,HIDROCANTÁBRICO DISTRIBUCIÓN ELÉCTRICA S.A.U,Asturias,Grado,257469.2,4808405.9,SE GRADO,22,4.23,No,1.1,0,0,257469.2,4808405.9
189,R1-008,HIDROCANTÁBRICO DISTRIBUCIÓN ELÉCTRICA S.A.U,Asturias,Grado,257469.2,4808405.9,SE GRADO,132,0,No,0,45,0,257469.2,4808405.9
190,R1-008,HIDROCANTÁBRICO DISTRIBUCIÓN ELÉCTRICA S.A.U,Asturias,Gozón,274665.8,4832205.3,CR BOCINES,22,1,No,7.6,0,0,274665.8,4832205.3
191,R1-008,HIDROCANTÁBRICO DISTRIBUCIÓN ELÉCTRICA S.A.U,Asturias,Gozón,265939.1,4828694.6,SE TABIELLA,22,6.07,No,44.9,6,0,265939.1,4828694.6
192,R1-008,HIDROCANTÁBRICO DISTRIBUCIÓN ELÉCTRICA S.A.U,Asturias,Gozón,265939.1,4828694.6,SE TABIELLA,50,4,No,97,12,0,265939.1,4828694.6
193,R1-008,HIDROCANTÁBRICO DISTRIBUCIÓN ELÉCTRICA S.A.U,Asturias,Gozón,265939.1,4828694.6,SE TABIELLA,132,0,No,157,0,0,265939.1,4828694.6
194,R1-008,HIDROCANTÁBRICO DISTRIBUCIÓN ELÉCTRICA S.A.U,Asturias,Gozón,274246.8,4832516.1,CR URB LA VALLINA 1,22,4,No,8.3,0,0,274246.8,4832516.1
195,R1-008,HIDROCANTÁBRICO DISTRIBUCIÓN ELÉCTRICA S.A.U,Asturias,Gijón,282773.2,4821873.5,SE PUMARIN,22,0,No,99.8,16.5,0,282773.2,4821873.5
196,R1-008,HIDROCANTÁBRICO DISTRIBUCIÓN ELÉCTRICA S.A.U,Asturias,Gijón,282773.2,4821873.5,SE PUMARIN,50,0,No,2.5,0,0,282773.2,4821873.5
197,R1-008,HIDROCANTÁBRICO DISTRIBUCIÓN ELÉCTRICA S.A.U,Asturias,Gijón,282773.2,4821873.5,SE PUMARIN,132,0,No,100,45,0,282773.2,4821873.5
198,R1-008,HIDROCANTÁBRICO DISTRIBUCIÓN ELÉCTRICA S.A.U,Asturias,Gijón,286339.8,4821832.5,SE CASTIELLO,22,0,No,42.9,9,0,286339.8,4821832.5
199,R1-008,HIDROCANTÁBRICO DISTRIBUCIÓN ELÉCTRICA S.A.U,Asturias,Gijón,286339.8,4821832.5,SE CASTIELLO,132,0,No,0,0,0,286339.8,4821832.5
200,R1-008,HIDROCANTÁBRICO DISTRIBUCIÓN ELÉCTRICA S.A.U,Asturias,Gijón,284870.5,4824264,CR COSTANILLA,22,0,No,14.6,0,0,284870.5,4824264
201,R1-008,HIDROCANTÁBRICO DISTRIBUCIÓN ELÉCTRICA S.A.U,Asturias,Gijón,285865.2,4824119.7,CR EZCURDIA,22,0,No,10.5,0,0,285865.2,4824119.7
202,R1-008,HIDROCANTÁBRICO DISTRIBUCIÓN ELÉCTRICA S.A.U,Asturias,Gijón,280315.2,4822764.1,CR COLINA DEL FAISAN,22,0,No,6.3,0,0,280315.2,4822764.1
203,R1-008,HIDROCANTÁBRICO DISTRIBUCIÓN ELÉCTRICA S.A.U,Asturias,Gijón,282364.9,4824446.7,CR OXIGENO,22,0,No,10,0,0,282364.9,4824446.7
204,R1-008,HIDROCANTÁBRICO DISTRIBUCIÓN ELÉCTRICA S.A.U,Asturias,Gijón,284665.5,4823488.3,CR EL LLANO,22,0,No,19,0,0,284665.5,4823488.3
205,R1-008,HIDROCANTÁBRICO DISTRIBUCIÓN ELÉCTRICA S.A.U,Asturias,Gijón,284704.2,4821271.6,CR ROCES RESIDENCIAL,22,0,No,2.5,0,0,284704.2,4821271.6
206,R1-008,HIDROCANTÁBRICO DISTRIBUCIÓN ELÉCTRICA S.A.U,Asturias,Gijón,283098.2,4823531.9,SE GIJON NORTE,22,0,No,40.1,11,0,283098.2,4823531.9
207,R1-008,HIDROCANTÁBRICO DISTRIBUCIÓN ELÉCTRICA S.A.U,Asturias,Gijón,283098.2,4823531.9,SE GIJON NORTE,132,0,No,0,0,0,283098.2,4823531.9
208,R1-008,HIDROCANTÁBRICO DISTRIBUCIÓN ELÉCTRICA S.A.U,Asturias,Gijón,281645.7,4822505.6,SE LLOREDA,22,0,No,21.5,0,0,281645.7,4822505.6
209,R1-008,HIDROCANTÁBRICO DISTRIBUCIÓN ELÉCTRICA S.A.U,Asturias,Gijón,282061.6,4827603.6,SE PUERTO DE GIJON,22,0,No,33.5,14,0,282061.6,4827603.6
210,R1-008,HIDROCANTÁBRICO DISTRIBUCIÓN ELÉCTRICA S.A.U,Asturias,Gijón,282061.6,4827603.6,SE PUERTO DE GIJON,132,0,No,0,90,0,282061.6,4827603.6
211,R1-008,HIDROCANTÁBRICO DISTRIBUCIÓN ELÉCTRICA S.A.U,Asturias,Gijón,273607.3,4819765,SE COGERSA,132,0,No,0,0,0,273607.3,4819765
212,R1-008,HIDROCANTÁBRICO DISTRIBUCIÓN ELÉCTRICA S.A.U,Asturias,Gijón,277448,4821663,SE ENTREVÍAS,132,0,No,0,0,0,277448,4821663
213,R1-008,HIDROCANTÁBRICO DISTRIBUCIÓN ELÉCTRICA S.A.U,Asturias,Gijón,277448,4821663,SE ENTREVÍAS,22,0,No,0,40,0,277448,4821663
214,R1-008,HIDROCANTÁBRICO DISTRIBUCIÓN ELÉCTRICA S.A.U,Asturias,Cudillero,244879.8,4827141.5,SE CUDILLERO,22,0,No,6.6,10,0,244879.8,4827141.5
215,R1-008,HIDROCANTÁBRICO DISTRIBUCIÓN ELÉCTRICA S.A.U,Asturias,Colunga,317591.8,4816830.7,SE COLUNGA,24,0.8,No,6.6,0,0,317591.8,4816830.7
216,R1-008,HIDROCANTÁBRICO DISTRIBUCIÓN ELÉCTRICA S.A.U,Asturias,Colunga,317591.8,4816830.7,SE COLUNGA,50,0,No,0,0,0,317591.8,4816830.7
217,R1-008,HIDROCANTÁBRICO DISTRIBUCIÓN ELÉCTRICA S.A.U,Asturias,Castrillón,254849.3,4827297,CR AEROPUERTO,22,3,No,6.5,0,0,254849.3,4827297
218,R1-008,HIDROCANTÁBRICO DISTRIBUCIÓN ELÉCTRICA S.A.U,Asturias,Caso,305752.1,4786110.2,CR ABANTRO,24,3,No,0.9,0,0,305752.1,4786110.2
219,R1-008,HIDROCANTÁBRICO DISTRIBUCIÓN ELÉCTRICA S.A.U,Asturias,Carreño,279614.7,4826173.1,SE CARRIO,22,0,No,43.5,39,0,279614.7,4826173.1
220,R1-008,HIDROCANTÁBRICO DISTRIBUCIÓN ELÉCTRICA S.A.U,Asturias,Carreño,279614.7,4826173.1,SE CARRIO,132,0,No,212,60,0,279614.7,4826173.1
221,R1-008,HIDROCANTÁBRICO DISTRIBUCIÓN ELÉCTRICA S.A.U,Asturias,Carreño,273910.7,4828080.9,CR PIEDELORO,22,0,No,9.8,5,0,273910.7,4828080.9
222,R1-008,HIDROCANTÁBRICO DISTRIBUCIÓN ELÉCTRICA S.A.U,Asturias,Cangas del Narcea,211193.6,4786777.5,CR INSTITUTO,22,4.02,No,4,0,0,211193.6,4786777.5
223,R1-008,HIDROCANTÁBRICO DISTRIBUCIÓN ELÉCTRICA S.A.U,Asturias,Cangas del Narcea,212134.1,4785245.7,SE SIENRA,22,4.02,No,5.5,0,0,212134.1,4785245.7
224,R1-008,HIDROCANTÁBRICO DISTRIBUCIÓN ELÉCTRICA S.A.U,Asturias,Cangas del Narcea,212134.1,4785245.7,SE SIENRA,50,4.02,No,0,0,0,212134.1,4785245.7
225,R1-008,HIDROCANTÁBRICO DISTRIBUCIÓN ELÉCTRICA S.A.U,Asturias,Cangas del Narcea,213392.7,4792100.4,CR EL PUELO,22,3,No,1.2,0,0,213392.7,4792100.4
226,R1-008,HIDROCANTÁBRICO DISTRIBUCIÓN ELÉCTRICA S.A.U,Asturias,Cangas del Narcea,205631.2,4772688,SE VEGA RENGOS,22,3.9,No,7.2,0,0,205631.2,4772688
227,R1-008,HIDROCANTÁBRICO DISTRIBUCIÓN ELÉCTRICA S.A.U,Asturias,Cangas del Narcea,205631.2,4772688,SE VEGA RENGOS,50,3.9,No,0,0,0,205631.2,4772688
228,R1-008,HIDROCANTÁBRICO DISTRIBUCIÓN ELÉCTRICA S.A.U,Asturias,Cangas de Onís,333659.2,4801061.9,CR LA ESTRADA,24,2,No,1.4,0,0,333659.2,4801061.9
229,R1-008,HIDROCANTÁBRICO DISTRIBUCIÓN ELÉCTRICA S.A.U,Asturias,Cangas de Onís,328988.1,4801752.8,CR NIEDA,24,2,No,7.4,0,0,328988.1,4801752.8
230,R1-008,HIDROCANTÁBRICO DISTRIBUCIÓN ELÉCTRICA S.A.U,Asturias,Cangas de Onís,326530.4,4798984.7,CR CAÑO,24,4.37,No,0.7,0,0,326530.4,4798984.7
231,R1-008,HIDROCANTÁBRICO DISTRIBUCIÓN ELÉCTRICA S.A.U,Asturias,Cabrales,349878.8,4797536.3,SE CARREÑA,24,2,No,0.4,0,0,349878.8,4797536.3
232,R1-008,HIDROCANTÁBRICO DISTRIBUCIÓN ELÉCTRICA S.A.U,Asturias,Cabrales,351385,4791225.4,SE CAMARMEÑA,24,0.8,No,0.2,0,0,351385,4791225.4
233,R1-008,HIDROCANTÁBRICO DISTRIBUCIÓN ELÉCTRICA S.A.U,Asturias,Belmonte de Miranda,240253.9,4802624.3,SE MIRANDA,22,4.23,No,9.4,0,0,240253.9,4802624.3
234,R1-008,HIDROCANTÁBRICO DISTRIBUCIÓN ELÉCTRICA S.A.U,Asturias,Belmonte de Miranda,240253.9,4802624.3,SE MIRANDA,132,0,No,0,0,0,240253.9,4802624.3
235,R1-008,HIDROCANTÁBRICO DISTRIBUCIÓN ELÉCTRICA S.A.U,Asturias,Avilés,264962.7,4825601.2,SE VILLALEGRE,22,5,No,26.5,0,0,264962.7,4825601.2
236,R1-008,HIDROCANTÁBRICO DISTRIBUCIÓN ELÉCTRICA S.A.U,Asturias,Avilés,264962.7,4825601.2,SE VILLALEGRE,50,8.32,No,0,0,0,264962.7,4825601.2
237,R1-008,HIDROCANTÁBRICO DISTRIBUCIÓN ELÉCTRICA S.A.U,Asturias,Corvera de Asturias,268343.5,4826093.5,SE TRASONA,22,6.82,No,29.5,0,0,268343.5,4826093.5
238,R1-008,HIDROCANTÁBRICO DISTRIBUCIÓN ELÉCTRICA S.A.U,Asturias,Corvera de Asturias,268343.5,4826093.5,SE TRASONA,132,0,No,47,0,0,268343.5,4826093.5
239,R1-008,HIDROCANTÁBRICO DISTRIBUCIÓN ELÉCTRICA S.A.U,Asturias,Corvera de Asturias,268343.5,4826093.5,SE TRASONA,50,0,No,0,0,0,268343.5,4826093.5
240,R1-008,HIDROCANTÁBRICO DISTRIBUCIÓN ELÉCTRICA S.A.U,Asturias,Avilés,261850.9,4825029,CR MIRANDA,22,0,No,1.5,5,0,261850.9,4825029
241,R1-008,HIDROCANTÁBRICO DISTRIBUCIÓN ELÉCTRICA S.A.U,Asturias,Avilés,263753.3,4828650.1,SE MARUCA,22,2.7,No,45.4,0,0,263753.3,4828650.1
242,R1-008,HIDROCANTÁBRICO DISTRIBUCIÓN ELÉCTRICA S.A.U,Asturias,Avilés,263753.3,4828650.1,SE MARUCA,132,0,No,95,0,0,263753.3,4828650.1
243,R1-008,HIDROCANTÁBRICO DISTRIBUCIÓN ELÉCTRICA S.A.U,Asturias,Avilés,264322.3,4826404,SE AMBULATORIO,22,5.5,No,7.6,0,0,264322.3,4826404
244,R1-008,HIDROCANTÁBRICO DISTRIBUCIÓN ELÉCTRICA S.A.U,Valencia/València,Sagunt/Sagunto,734307.6,4395054.8,SE SAGUNTO,20,0,No,30,11,0,734307.6,4395054.8
245,R1-008,HIDROCANTÁBRICO DISTRIBUCIÓN ELÉCTRICA S.A.U,Valencia/València,Sagunt/Sagunto,737106,4394968.7,CR LA PINAETA,20,0,No,4.8,0,0,737106,4394968.7
246,R1-008,HIDROCANTÁBRICO DISTRIBUCIÓN ELÉCTRICA S.A.U,Valencia/València,Sagunt/Sagunto,734471.5,4395153.4,SE VIDANOVA,20,0,No,2.5,0,0,734471.5,4395153.4
247,R1-008,HIDROCANTÁBRICO DISTRIBUCIÓN ELÉCTRICA S.A.U,Valencia/València,Riba-roja de Túria,710616.8,4372525.7,CR SECTOR 13,20,0,No,27.4,0,0,710616.8,4372525.7
248,R1-008,HIDROCANTÁBRICO DISTRIBUCIÓN ELÉCTRICA S.A.U,Valencia/València,Riba-roja de Túria,708269,4372910.9,CR MASIA BALO,20,0,No,4.8,0,0,708269,4372910.9
249,R1-008,HIDROCANTÁBRICO DISTRIBUCIÓN ELÉCTRICA S.A.U,Valencia/València,Quart de Poblet,715876.4,4372208.5,CR BONAIRE 1,20,0,No,3.4,0,0,715876.4,4372208.5
250,R1-008,HIDROCANTÁBRICO DISTRIBUCIÓN ELÉCTRICA S.A.U,Valencia/València,Quart de Poblet,715876.6,4372208.7,CR BONAIRE 2,20,0,No,3.5,0,0,715876.6,4372208.7
251,R1-008,HIDROCANTÁBRICO DISTRIBUCIÓN ELÉCTRICA S.A.U,Valencia/València,Quart de Poblet,712736.6,4373049.4,SE QUART DEL POBLET,20,0,No,53,37,0,712736.6,4373049.4
252,R1-008,HIDROCANTÁBRICO DISTRIBUCIÓN ELÉCTRICA S.A.U,Valencia/València,Paterna,719800.2,4378930.3,CR ASTURIAS,20,0,No,2.8,0,0,719800.2,4378930.3
253,R1-008,HIDROCANTÁBRICO DISTRIBUCIÓN ELÉCTRICA S.A.U,Valencia/València,Canet d'En Berenguer,739370.1,4396114.5,CR CABECERA,20,0,No,1.6,0,0,739370.1,4396114.5
254,R1-008,HIDROCANTÁBRICO DISTRIBUCIÓN ELÉCTRICA S.A.U,Valencia/València,Aldaia,715402.1,4369400.4,CR DANONE (ALDAYA),20,0,No,5.8,15,0,715402.1,4369400.4
255,R1-008,HIDROCANTÁBRICO DISTRIBUCIÓN ELÉCTRICA S.A.U,Valencia/València,Aldaia,716158.2,4372007,CR BONAIRE 3,20,0,No,2.1,0,0,716158.2,4372007
256,R1-008,HIDROCANTÁBRICO DISTRIBUCIÓN ELÉCTRICA S.A.U,Valencia/València,Aldaia,715067.8,4369943.3,SE ALDAIA,20,0,No,28.6,53.5,0,715067.8,4369943.3
257,R1-008,HIDROCANTÁBRICO DISTRIBUCIÓN ELÉCTRICA S.A.U,Zaragoza,Zaragoza,671141.3,4611146.2,CR BEETHOVEN 8,15,0,No,0.9,0,0,671141.3,4611146.2
258,R1-008,HIDROCANTÁBRICO DISTRIBUCIÓN ELÉCTRICA S.A.U,Zaragoza,Zaragoza,670932.8,4612095.7,CR CTRA MADRID,15,0,No,3.4,9,0,670932.8,4612095.7
259,R1-008,HIDROCANTÁBRICO DISTRIBUCIÓN ELÉCTRICA S.A.U,Zaragoza,Muel,655291.2,4595312,SE LOS VIENTOS,132,0,No,25,0,0,655291.2,4595312
260,R1-008,HIDROCANTÁBRICO DISTRIBUCIÓN ELÉCTRICA S.A.U,Zaragoza,Épila,649697,4601957.2,SE EL SABINAR,15,0,No,10,5,1,649697,4601957.2
261,R1-008,HIDROCANTÁBRICO DISTRIBUCIÓN ELÉCTRICA S.A.U,Zaragoza,Épila,649697,4601957.2,SE EL SABINAR,132,0,No,0,0,0,649697,4601957.2
262,R1-005,"VIESGO DISTRIBUCIÓN ELECTRICA, S.L",Burgos,Arija,421441.3,4759963.5,ARIJA,12,0,No,2.2,0,0,421441.3,4759963.5
263,R1-005,"VIESGO DISTRIBUCIÓN ELECTRICA, S.L",Burgos,Arija,421441.3,4759963.5,ARIJA,30,0,No,0,0,1,421441.3,4759963.5
264,R1-005,"VIESGO DISTRIBUCIÓN ELECTRICA, S.L",Burgos,Melgar de Fernamental,398752.7,4695241,MELGAR,12,0,No,4.87,0,0,398752.7,4695241
265,R1-005,"VIESGO DISTRIBUCIÓN ELECTRICA, S.L",Burgos,Melgar de Fernamental,398752.7,4695241,MELGAR,30,0,No,0,0,1,398752.7,4695241
266,R1-005,"VIESGO DISTRIBUCIÓN ELECTRICA, S.L",Burgos,Villadiego,415898.4,4706924.3,VILLADIEGO,12,0,No,1.53,0,0,415898.4,4706924.3
267,R1-005,"VIESGO DISTRIBUCIÓN ELECTRICA, S.L",Burgos,Villadiego,415898.4,4706924.3,VILLADIEGO,30,0,No,0,0,1,415898.4,4706924.3
268,R1-005,"VIESGO DISTRIBUCIÓN ELECTRICA, S.L",Lugo,Viveiro,132447,4836310.7,BOIMENTE,132,100,No,0,0,0,132447,4836310.7
269,R1-005,"VIESGO DISTRIBUCIÓN ELECTRICA, S.L",Lugo,Vilalba,122821.1,4818556.3,CARBA,132,70,No,0,0,0,122821.1,4818556.3
270,R1-005,"VIESGO DISTRIBUCIÓN ELECTRICA, S.L",Lugo,Mondoñedo,142917.8,4817884,ESTELO,132,100,No,0,0,0,142917.8,4817884
271,R1-005,"VIESGO DISTRIBUCIÓN ELECTRICA, S.L",Lugo,"Fonsagrada, A",163587,4778438.6,FONSAGRADA,132,80,No,0,0,0,163587,4778438.6
272,R1-005,"VIESGO DISTRIBUCIÓN ELECTRICA, S.L",Lugo,Castro de Rei,140726.1,4784560.7,LUDRIO,132,100,No,0,0,0,140726.1,4784560.7
273,R1-005,"VIESGO DISTRIBUCIÓN ELECTRICA, S.L",Lugo,Mondoñedo,146550.7,4818040.1,MONDONEDO,132,68,No,0,0,0,146550.7,4818040.1
274,R1-005,"VIESGO DISTRIBUCIÓN ELECTRICA, S.L",Lugo,Vilalba,121786.5,4806250.8,SETE_PONTES,132,60,No,0,0,0,121786.5,4806250.8
275,R1-005,"VIESGO DISTRIBUCIÓN ELECTRICA, S.L",Lugo,Lugo,131875.3,4772615.1,SAN_CIBRAO,132,16.5,No,0,100,0,131875.3,4772615.1
276,R1-005,"VIESGO DISTRIBUCIÓN ELECTRICA, S.L",Lugo,Ribadeo,170870.2,4828331.6,RIBADEO,132,0,No,0,0,0,170870.2,4828331.6
277,R1-005,"VIESGO DISTRIBUCIÓN ELECTRICA, S.L",Asturias,Valdés,215356.7,4825840.4,ALMUÑA,20,0,No,16.03,0,0,215356.7,4825840.4
278,R1-005,"VIESGO DISTRIBUCIÓN ELECTRICA, S.L",Asturias,Valdés,215356.7,4825840.4,ALMUÑA,132,0,No,0,30,0,215356.7,4825840.4
279,R1-005,"VIESGO DISTRIBUCIÓN ELECTRICA, S.L",Asturias,Coaña,198270.1,4820751.9,ARBON,30,0,No,23.09,0,0,198270.1,4820751.9
280,R1-005,"VIESGO DISTRIBUCIÓN ELECTRICA, S.L",Asturias,Coaña,198270.1,4820751.9,ARBON,132,0,No,79,0,0,198270.1,4820751.9
281,R1-005,"VIESGO DISTRIBUCIÓN ELECTRICA, S.L",Asturias,Cabrales,353203.8,4795814.4,ARENAS,132,3,No,0,0,0,353203.8,4795814.4
282,R1-005,"VIESGO DISTRIBUCIÓN ELECTRICA, S.L",Asturias,Mieres,270537.7,4795210.5,BAIÑA,12,0,No,1.95,0,1,270537.7,4795210.5
283,R1-005,"VIESGO DISTRIBUCIÓN ELECTRICA, S.L",Asturias,Mieres,270537.7,4795210.5,BAIÑA,30,1.99,No,0,0,0,270537.7,4795210.5
284,R1-005,"VIESGO DISTRIBUCIÓN ELECTRICA, S.L",Asturias,Cabrales,351354.5,4791325.5,CAMARMEÑA,132,3,No,0,0,0,351354.5,4791325.5
285,R1-005,"VIESGO DISTRIBUCIÓN ELECTRICA, S.L",Asturias,Lena,271011.4,4776288.6,CAMPOMANES,12,0.19,No,1.1,0,0,271011.4,4776288.6
286,R1-005,"VIESGO DISTRIBUCIÓN ELECTRICA, S.L",Asturias,Lena,271011.4,4776288.6,CAMPOMANES,30,0,No,0,0,1,271011.4,4776288.6
287,R1-005,"VIESGO DISTRIBUCIÓN ELECTRICA, S.L",Asturias,Cangas de Onís,327246.1,4801252.1,CANGAS,132,3,No,7,7,0,327246.1,4801252.1
288,R1-005,"VIESGO DISTRIBUCIÓN ELECTRICA, S.L",Asturias,Illano,190402.5,4811139.7,DOIRAS,30,0,No,0,0,0,190402.5,4811139.7
289,R1-005,"VIESGO DISTRIBUCIÓN ELECTRICA, S.L",Asturias,Illano,190402.5,4811139.7,DOIRAS,132,0,No,0,0,0,190402.5,4811139.7
290,R1-005,"VIESGO DISTRIBUCIÓN ELECTRICA, S.L",Asturias,Allande,201593.3,4797451.4,EL PALO,132,0,No,0,0,1,201593.3,4797451.4
291,R1-005,"VIESGO DISTRIBUCIÓN ELECTRICA, S.L",Asturias,Aller,290504.1,4779522.7,ENTREPEÑAS,12,1.56,No,2.52,0,0,290504.1,4779522.7
292,R1-005,"VIESGO DISTRIBUCIÓN ELECTRICA, S.L",Asturias,Aller,290504.1,4779522.7,ENTREPEÑAS,30,1.56,No,0,0,0,290504.1,4779522.7
293,R1-005,"VIESGO DISTRIBUCIÓN ELECTRICA, S.L",Asturias,Navia,195730.4,4827514,JARRIO,20,0,No,12.12,0,0,195730.4,4827514
294,R1-005,"VIESGO DISTRIBUCIÓN ELECTRICA, S.L",Asturias,Navia,195730.4,4827514,JARRIO,132,0,No,0,0,0,195730.4,4827514
295,R1-005,"VIESGO DISTRIBUCIÓN ELECTRICA, S.L",Asturias,Mieres,274856.5,4772981.8,LA_OLLA,12,1.56,No,7.54,0,0,274856.5,4772981.8
296,R1-005,"VIESGO DISTRIBUCIÓN ELECTRICA, S.L",Asturias,Mieres,274856.5,4772981.8,LA_OLLA,30,1.56,No,0,0,0,274856.5,4772981.8
297,R1-005,"VIESGO DISTRIBUCIÓN ELECTRICA, S.L",Asturias,Aller,277563.5,4782929,MOREDA,12,1.56,No,3.34,0,0,277563.5,4782929
298,R1-005,"VIESGO DISTRIBUCIÓN ELECTRICA, S.L",Asturias,Aller,277563.5,4782929,MOREDA,30,1.56,No,0,0,0,277563.5,4782929
299,R1-005,"VIESGO DISTRIBUCIÓN ELECTRICA, S.L",Asturias,Tineo,224988.7,4809666.4,PICO GALLO,132,5,No,0,0,0,224988.7,4809666.4
300,R1-005,"VIESGO DISTRIBUCIÓN ELECTRICA, S.L",Asturias,Lena,270297.6,4780804.2,POLA_LENA,12,1.56,No,4.24,0,0,270297.6,4780804.2
301,R1-005,"VIESGO DISTRIBUCIÓN ELECTRICA, S.L",Asturias,Lena,270297.6,4780804.2,POLA_LENA,30,1.56,No,0,0,0,270297.6,4780804.2
302,R1-005,"VIESGO DISTRIBUCIÓN ELECTRICA, S.L",Asturias,Mieres,274384.5,4790787.8,POLIGONO,12,0.31,No,8.67,0,0,274384.5,4790787.8
303,R1-005,"VIESGO DISTRIBUCIÓN ELECTRICA, S.L",Asturias,Mieres,274384.5,4790787.8,POLIGONO,30,1.56,No,0,0,0,274384.5,4790787.8
304,R1-005,"VIESGO DISTRIBUCIÓN ELECTRICA, S.L",Asturias,Mieres,270785.8,4795193.9,POLIGONO DE BAIÑA,30,1.99,No,24.3,0,0,270785.8,4795193.9
305,R1-005,"VIESGO DISTRIBUCIÓN ELECTRICA, S.L",Asturias,Mieres,270785.8,4795193.9,POLIGONO DE BAIÑA,132,1.99,No,0,0,0,270785.8,4795193.9
306,R1-005,"VIESGO DISTRIBUCIÓN ELECTRICA, S.L",Asturias,Vegadeo,174633.8,4819986.5,PORZUN,20,0,No,12.13,1.5,0,174633.8,4819986.5
307,R1-005,"VIESGO DISTRIBUCIÓN ELECTRICA, S.L",Asturias,Vegadeo,174633.8,4819986.5,PORZUN,132,0,No,0,0,0,174633.8,4819986.5
308,R1-005,"VIESGO DISTRIBUCIÓN ELECTRICA, S.L",Asturias,Illano,190691.5,4814907.5,SAN_LUIS,30,0,No,0,0,0,190691.5,4814907.5
309,R1-005,"VIESGO DISTRIBUCIÓN ELECTRICA, S.L",Asturias,Mieres,273961.3,4786535.6,SANTA_CRUZ,12,0.38,No,5.92,0,0,273961.3,4786535.6
310,R1-005,"VIESGO DISTRIBUCIÓN ELECTRICA, S.L",Asturias,Mieres,273961.3,4786535.6,SANTA_CRUZ,30,1.56,No,45.52,0,0,273961.3,4786535.6
311,R1-005,"VIESGO DISTRIBUCIÓN ELECTRICA, S.L",Asturias,Mieres,273961.3,4786535.6,SANTA_CRUZ,132,1.56,No,45,0,0,273961.3,4786535.6
312,R1-005,"VIESGO DISTRIBUCIÓN ELECTRICA, S.L",Asturias,Grandas de Salime,187038.4,4794994.5,SANZO,12,0,No,1.87,0,1,187038.4,4794994.5
313,R1-005,"VIESGO DISTRIBUCIÓN ELECTRICA, S.L",Asturias,Grandas de Salime,187038.4,4794994.5,SANZO,132,100,No,0,0,0,187038.4,4794994.5
314,R1-005,"VIESGO DISTRIBUCIÓN ELECTRICA, S.L",Asturias,Siero,276661.5,4806633.8,SIERO,132,0,No,0,0,0,276661.5,4806633.8
315,R1-005,"VIESGO DISTRIBUCIÓN ELECTRICA, S.L",Asturias,Tapia de Casariego,181847.9,4830683.9,TAPIA,20,0,No,4.95,0,0,181847.9,4830683.9
316,R1-005,"VIESGO DISTRIBUCIÓN ELECTRICA, S.L",Asturias,Lena,268732.5,4767708.4,TELLEDO,30,0,No,30.96,0,1,268732.5,4767708.4
317,R1-005,"VIESGO DISTRIBUCIÓN ELECTRICA, S.L",Palencia,Aguilar de Campoo,397426.4,4737554.9,AGUILAR_P,12,1.46,No,4.54,0,0,397426.4,4737554.9
318,R1-005,"VIESGO DISTRIBUCIÓN ELECTRICA, S.L",Palencia,Aguilar de Campoo,397426.4,4737554.9,AGUILAR_P,30,2,No,0,0,0,397426.4,4737554.9
319,R1-005,"VIESGO DISTRIBUCIÓN ELECTRICA, S.L",Palencia,Barruelo de Santullán,395187.1,4750925.8,BARRUELO,12,0,No,1.6,0,0,395187.1,4750925.8
320,R1-005,"VIESGO DISTRIBUCIÓN ELECTRICA, S.L",Palencia,Barruelo de Santullán,395187.1,4750925.8,BARRUELO,30,2,No,0,0,0,395187.1,4750925.8
321,R1-005,"VIESGO DISTRIBUCIÓN ELECTRICA, S.L",Palencia,Aguilar de Campoo,394775.4,4738831.8,C_AGUILAR,30,2,No,2.16,0,0,394775.4,4738831.8
322,R1-005,"VIESGO DISTRIBUCIÓN ELECTRICA, S.L",Palencia,Aguilar de Campoo,394775.4,4738831.8,C_AGUILAR,132,0,No,0,0,0,394775.4,4738831.8
323,R1-005,"VIESGO DISTRIBUCIÓN ELECTRICA, S.L",Palencia,Carrión de los Condes,367656.4,4689393.6,CARRION_N,12,0.12,No,5.75,0,0,367656.4,4689393.6
324,R1-005,"VIESGO DISTRIBUCIÓN ELECTRICA, S.L",Palencia,Carrión de los Condes,367656.4,4689393.6,CARRION_N,30,0,No,0,0,1,367656.4,4689393.6
325,R1-005,"VIESGO DISTRIBUCIÓN ELECTRICA, S.L",Palencia,Dehesa de Montejo,378318.6,4745779.4,CERVERA,12,0,No,2.3,0,0,378318.6,4745779.4
326,R1-005,"VIESGO DISTRIBUCIÓN ELECTRICA, S.L",Palencia,Dehesa de Montejo,378318.6,4745779.4,CERVERA,30,0,No,0,0,1,378318.6,4745779.4
327,R1-005,"VIESGO DISTRIBUCIÓN ELECTRICA, S.L",Palencia,Herrera de Pisuerga,390161.9,4717197.5,HERRERA,12,1.45,No,3.35,0,0,390161.9,4717197.5
328,R1-005,"VIESGO DISTRIBUCIÓN ELECTRICA, S.L",Palencia,Herrera de Pisuerga,390161.9,4717197.5,HERRERA,30,2,No,0,0,0,390161.9,4717197.5
329,R1-005,"VIESGO DISTRIBUCIÓN ELECTRICA, S.L",Palencia,Aguilar de Campoo,395161.6,4737833.6,MAZUELAS,30,2,No,29.57,0,0,395161.6,4737833.6
330,R1-005,"VIESGO DISTRIBUCIÓN ELECTRICA, S.L",Palencia,Aguilar de Campoo,395161.6,4737833.6,MAZUELAS,132,0,No,0,0,0,395161.6,4737833.6
331,R1-005,"VIESGO DISTRIBUCIÓN ELECTRICA, S.L",Palencia,Osorno la Mayor,387481.8,4696192.1,OSORNO,12,0.12,No,3.97,0,0,387481.8,4696192.1
332,R1-005,"VIESGO DISTRIBUCIÓN ELECTRICA, S.L",Palencia,Osorno la Mayor,387481.8,4696192.1,OSORNO,30,0,No,18.55,0,1,387481.8,4696192.1
333,R1-005,"VIESGO DISTRIBUCIÓN ELECTRICA, S.L",Palencia,Osorno la Mayor,387481.8,4696192.1,OSORNO,132,0,No,0,0,0,387481.8,4696192.1
334,R1-005,"VIESGO DISTRIBUCIÓN ELECTRICA, S.L",Palencia,Collazos de Boedo,389753.6,4720050.1,VILLABERMUDO,30,0,No,5.62,0,1,389753.6,4720050.1
335,R1-005,"VIESGO DISTRIBUCIÓN ELECTRICA, S.L",Palencia,Collazos de Boedo,389753.6,4720050.1,VILLABERMUDO,132,0,No,0,0,0,389753.6,4720050.1
336,R1-005,"VIESGO DISTRIBUCIÓN ELECTRICA, S.L",Cantabria,Bárcena de Cicero,456844.5,4807952.4,AMBROSERO,12,0.87,No,5.73,0,0,456844.5,4807952.4
337,R1-005,"VIESGO DISTRIBUCIÓN ELECTRICA, S.L",Cantabria,Bárcena de Cicero,456844.5,4807952.4,AMBROSERO,55,0,No,0,0,0,456844.5,4807952.4
338,R1-005,"VIESGO DISTRIBUCIÓN ELECTRICA, S.L",Cantabria,Arenas de Iguña,414150,4780695,ARENAS_IGUNA,12,1.13,No,6.43,3.5,0,414150,4780695
339,R1-005,"VIESGO DISTRIBUCIÓN ELECTRICA, S.L",Cantabria,Arenas de Iguña,414150,4780695,ARENAS_IGUNA,55,0,No,2.78,0,0,414150,4780695
340,R1-005,"VIESGO DISTRIBUCIÓN ELECTRICA, S.L",Cantabria,Escalante,459837.4,4810826.1,ARGOÑOS,12,0.88,No,16.3,0,0,459837.4,4810826.1
341,R1-005,"VIESGO DISTRIBUCIÓN ELECTRICA, S.L",Cantabria,Escalante,459837.4,4810826.1,ARGOÑOS,55,0,No,0,0,0,459837.4,4810826.1
342,R1-005,"VIESGO DISTRIBUCIÓN ELECTRICA, S.L",Cantabria,"Astillero, El",433043.6,4805133.3,ASTILLERO,12,1.74,No,38.26,0.56,0,433043.6,4805133.3
343,R1-005,"VIESGO DISTRIBUCIÓN ELECTRICA, S.L",Cantabria,"Astillero, El",433043.6,4805133.3,ASTILLERO,55,0,No,79.63,0,0,433043.6,4805133.3
344,R1-005,"VIESGO DISTRIBUCIÓN ELECTRICA, S.L",Cantabria,Hermandad de Campoo de Suso,389462.3,4765616.3,BRAÑAVIEJA,12,0,No,2.84,0,0,389462.3,4765616.3
345,R1-005,"VIESGO DISTRIBUCIÓN ELECTRICA, S.L",Cantabria,Hermandad de Campoo de Suso,389462.3,4765616.3,BRAÑAVIEJA,30,0,No,0,0,1,389462.3,4765616.3
346,R1-005,"VIESGO DISTRIBUCIÓN ELECTRICA, S.L",Cantabria,Cabezón de la Sal,399097.9,4796232.5,CABEZON,12,0.18,No,13.32,0,0,399097.9,4796232.5
347,R1-005,"VIESGO DISTRIBUCIÓN ELECTRICA, S.L",Cantabria,Cabezón de la Sal,399097.9,4796232.5,CABEZON,55,0,No,0,0,0,399097.9,4796232.5
348,R1-005,"VIESGO DISTRIBUCIÓN ELECTRICA, S.L",Cantabria,Camargo,429751.4,4809588.5,CACICEDO,12,0,No,58.8,5.57,0,429751.4,4809588.5
349,R1-005,"VIESGO DISTRIBUCIÓN ELECTRICA, S.L",Cantabria,Camargo,429751.4,4809588.5,CACICEDO,55,0,No,101,0,0,429751.4,4809588.5
350,R1-005,"VIESGO DISTRIBUCIÓN ELECTRICA, S.L",Cantabria,Santander,432557.1,4811224,CANDINA,12,0,No,43.61,0,0,432557.1,4811224
351,R1-005,"VIESGO DISTRIBUCIÓN ELECTRICA, S.L",Cantabria,Santander,432557.1,4811224,CANDINA,55,0,No,0,0,0,432557.1,4811224
352,R1-005,"VIESGO DISTRIBUCIÓN ELECTRICA, S.L",Cantabria,Villacarriedo,432068.1,4788071.2,CARRIEDO,12,1.17,No,4.38,0,0,432068.1,4788071.2
353,R1-005,"VIESGO DISTRIBUCIÓN ELECTRICA, S.L",Cantabria,Villacarriedo,432068.1,4788071.2,CARRIEDO,55,0,No,0,0,0,432068.1,4788071.2
354,R1-005,"VIESGO DISTRIBUCIÓN ELECTRICA, S.L",Cantabria,Rionansa,383227,4792957.6,CELIS,12,0.37,No,1.13,0,0,383227,4792957.6
355,R1-005,"VIESGO DISTRIBUCIÓN ELECTRICA, S.L",Cantabria,Rionansa,383227,4792957.6,CELIS,55,0,No,0,0,0,383227,4792957.6
356,R1-005,"VIESGO DISTRIBUCIÓN ELECTRICA, S.L",Cantabria,Solórzano,457554.2,4804562.7,CICERO,55,0,No,0,0,0,457554.2,4804562.7
357,R1-005,"VIESGO DISTRIBUCIÓN ELECTRICA, S.L",Cantabria,Comillas,396192,4802597.4,COMILLAS,12,3.01,No,4.17,0,0,396192,4802597.4
358,R1-005,"VIESGO DISTRIBUCIÓN ELECTRICA, S.L",Cantabria,Comillas,396192,4802597.4,COMILLAS,55,0,No,0,0,0,396192,4802597.4
359,R1-005,"VIESGO DISTRIBUCIÓN ELECTRICA, S.L",Cantabria,Santa Cruz de Bezana,428988.1,4812607.9,CORBAN,12,0,No,19.05,0,0,428988.1,4812607.9
360,R1-005,"VIESGO DISTRIBUCIÓN ELECTRICA, S.L",Cantabria,Santa Cruz de Bezana,428988.1,4812607.9,CORBAN,55,0,No,2.65,0,0,428988.1,4812607.9
361,R1-005,"VIESGO DISTRIBUCIÓN ELECTRICA, S.L",Cantabria,"Corrales de Buelna, Los",413205.8,4789364.7,CORRALES,12,0.49,No,11.01,0,0,413205.8,4789364.7
362,R1-005,"VIESGO DISTRIBUCIÓN ELECTRICA, S.L",Cantabria,"Corrales de Buelna, Los",413205.8,4789364.7,CORRALES,55,0,No,6,30,0,413205.8,4789364.7
363,R1-005,"VIESGO DISTRIBUCIÓN ELECTRICA, S.L",Cantabria,Entrambasaguas,441765.4,4804495.1,EL_BOSQUE,12,0.72,No,14.37,0.63,0,441765.4,4804495.1
364,R1-005,"VIESGO DISTRIBUCIÓN ELECTRICA, S.L",Cantabria,Entrambasaguas,441765.4,4804495.1,EL_BOSQUE,55,0,No,0,0,0,441765.4,4804495.1
365,R1-005,"VIESGO DISTRIBUCIÓN ELECTRICA, S.L",Cantabria,Camargo,427018.2,4806221,ESCOBEDO,12,0,No,6.42,14.89,0,427018.2,4806221
366,R1-005,"VIESGO DISTRIBUCIÓN ELECTRICA, S.L",Cantabria,Camargo,427018.2,4806221,ESCOBEDO,55,0,No,0,0,0,427018.2,4806221
367,R1-005,"VIESGO DISTRIBUCIÓN ELECTRICA, S.L",Cantabria,Herrerías,377851.1,4798524.8,HERRERIAS,12,1.37,No,0.13,0,0,377851.1,4798524.8
368,R1-005,"VIESGO DISTRIBUCIÓN ELECTRICA, S.L",Cantabria,Herrerías,377851.1,4798524.8,HERRERIAS,55,0,No,0,0,0,377851.1,4798524.8
369,R1-005,"VIESGO DISTRIBUCIÓN ELECTRICA, S.L",Cantabria,Valdáliga,387868.2,4797664.7,LABARCES,12,0,No,2.68,0,0,387868.2,4797664.7
370,R1-005,"VIESGO DISTRIBUCIÓN ELECTRICA, S.L",Cantabria,Valdáliga,387868.2,4797664.7,LABARCES,55,0,No,0,0,0,387868.2,4797664.7
371,R1-005,"VIESGO DISTRIBUCIÓN ELECTRICA, S.L",Cantabria,Valdáliga,387868.2,4797664.7,LABARCES,132,0,No,0,0,0,387868.2,4797664.7
372,R1-005,"VIESGO DISTRIBUCIÓN ELECTRICA, S.L",Cantabria,Peñarrubia,369393.4,4790089.5,LA_HERMIDA,12,0.51,No,0.49,0,0,369393.4,4790089.5
373,R1-005,"VIESGO DISTRIBUCIÓN ELECTRICA, S.L",Cantabria,Peñarrubia,369393.4,4790089.5,LA_HERMIDA,30,0,No,5.31,0,0,369393.4,4790089.5
374,R1-005,"VIESGO DISTRIBUCIÓN ELECTRICA, S.L",Cantabria,Peñarrubia,369393.4,4790089.5,LA_HERMIDA,132,3,No,0,0,0,369393.4,4790089.5
375,R1-005,"VIESGO DISTRIBUCIÓN ELECTRICA, S.L",Cantabria,Santander,435248.8,4813885.7,LAS_LLAMAS,12,2,No,22.58,0,0,435248.8,4813885.7
376,R1-005,"VIESGO DISTRIBUCIÓN ELECTRICA, S.L",Cantabria,Santander,435248.8,4813885.7,LAS_LLAMAS,55,0,No,0,0,0,435248.8,4813885.7
377,R1-005,"VIESGO DISTRIBUCIÓN ELECTRICA, S.L",Cantabria,Arnuero,452643.3,4813327.8,LA_VENERA,12,1.05,No,15.77,0,0,452643.3,4813327.8
378,R1-005,"VIESGO DISTRIBUCIÓN ELECTRICA, S.L",Cantabria,Arnuero,452643.3,4813327.8,LA_VENERA,55,0,No,0,0,0,452643.3,4813327.8
379,R1-005,"VIESGO DISTRIBUCIÓN ELECTRICA, S.L",Cantabria,"Astillero, El",431891.4,4807170.8,MALIAÑO,12,0,No,22.43,0,0,431891.4,4807170.8
380,R1-005,"VIESGO DISTRIBUCIÓN ELECTRICA, S.L",Cantabria,"Astillero, El",431891.4,4807170.8,MALIAÑO,55,0,No,5.09,0,0,431891.4,4807170.8
381,R1-005,"VIESGO DISTRIBUCIÓN ELECTRICA, S.L",Cantabria,Valdeolea,405287.5,4748069.4,MATAPORQUERA,30,2,No,17.47,0,0,405287.5,4748069.4
382,R1-005,"VIESGO DISTRIBUCIÓN ELECTRICA, S.L",Cantabria,Valdeolea,405287.5,4748069.4,MATAPORQUERA,132,0,No,66,50,0,405287.5,4748069.4
383,R1-005,"VIESGO DISTRIBUCIÓN ELECTRICA, S.L",Cantabria,Entrambasaguas,439861.3,4805281.8,M_CUDEYO,12,0.53,No,9.38,0,0,439861.3,4805281.8
384,R1-005,"VIESGO DISTRIBUCIÓN ELECTRICA, S.L",Cantabria,Entrambasaguas,439861.3,4805281.8,M_CUDEYO,55,0,No,40.03,0,0,439861.3,4805281.8
385,R1-005,"VIESGO DISTRIBUCIÓN ELECTRICA, S.L",Cantabria,"Corrales de Buelna, Los",414042.1,4789819,MECOBUSA,55,0,No,19.8,0,0,414042.1,4789819
386,R1-005,"VIESGO DISTRIBUCIÓN ELECTRICA, S.L",Cantabria,Meruelo,450821.4,4808860.6,MERUELO,12,0.67,No,4.7,0,0,450821.4,4808860.6
387,R1-005,"VIESGO DISTRIBUCIÓN ELECTRICA, S.L",Cantabria,Meruelo,450821.4,4808860.6,MERUELO,55,0,No,0,0,0,450821.4,4808860.6
388,R1-005,"VIESGO DISTRIBUCIÓN ELECTRICA, S.L",Cantabria,Camargo,431818.1,4809732.5,N_MONTAÑA,12,0,No,11.85,0,0,431818.1,4809732.5
389,R1-005,"VIESGO DISTRIBUCIÓN ELECTRICA, S.L",Cantabria,Camargo,431818.1,4809732.5,N_MONTAÑA,55,0,No,4.3,0,0,431818.1,4809732.5
390,R1-005,"VIESGO DISTRIBUCIÓN ELECTRICA, S.L",Cantabria,Cillorigo de Liébana,369208.8,4780375.5,OJEDO,12,0.06,No,4.65,0,0,369208.8,4780375.5
391,R1-005,"VIESGO DISTRIBUCIÓN ELECTRICA, S.L",Cantabria,Cillorigo de Liébana,369208.8,4780375.5,OJEDO,30,0,No,0,0,0,369208.8,4780375.5
392,R1-005,"VIESGO DISTRIBUCIÓN ELECTRICA, S.L",Cantabria,Penagos,433166,4799697.5,PENAGOS,12,0,No,9.51,0,0,433166,4799697.5
393,R1-005,"VIESGO DISTRIBUCIÓN ELECTRICA, S.L",Cantabria,Penagos,433166,4799697.5,PENAGOS,55,0,No,0,0,0,433166,4799697.5
394,R1-005,"VIESGO DISTRIBUCIÓN ELECTRICA, S.L",Cantabria,Tudanca,387945.2,4778316.5,PEÑA BEJO,12,0.91,No,0.59,0,0,387945.2,4778316.5
395,R1-005,"VIESGO DISTRIBUCIÓN ELECTRICA, S.L",Cantabria,Tudanca,387945.2,4778316.5,PEÑA BEJO,55,0,No,0,0,0,387945.2,4778316.5
396,R1-005,"VIESGO DISTRIBUCIÓN ELECTRICA, S.L",Cantabria,Valderredible,422461.6,4739548.3,POLIENTES,12,0.31,No,5.51,0,0,422461.6,4739548.3
397,R1-005,"VIESGO DISTRIBUCIÓN ELECTRICA, S.L",Cantabria,Valderredible,422461.6,4739548.3,POLIENTES,30,0,No,0,0,1,422461.6,4739548.3
398,R1-005,"VIESGO DISTRIBUCIÓN ELECTRICA, S.L",Cantabria,Santander,428907.2,4811172.5,PT_SANTANDER,12,2.17,No,17.83,0,0,428907.2,4811172.5
399,R1-005,"VIESGO DISTRIBUCIÓN ELECTRICA, S.L",Cantabria,Santander,428907.2,4811172.5,PT_SANTANDER,55,0,No,0,0,0,428907.2,4811172.5
400,R1-005,"VIESGO DISTRIBUCIÓN ELECTRICA, S.L",Cantabria,Santander,432594.1,4810079.2,PUERTO,12,2,No,3.45,0,0,432594.1,4810079.2
401,R1-005,"VIESGO DISTRIBUCIÓN ELECTRICA, S.L",Cantabria,Santander,432594.1,4810079.2,PUERTO,55,0,No,32.15,0,0,432594.1,4810079.2
402,R1-005,"VIESGO DISTRIBUCIÓN ELECTRICA, S.L",Cantabria,Ramales de la Victoria,461950.8,4789972.8,RAMALES,12,0.85,No,4.57,0,0,461950.8,4789972.8
403,R1-005,"VIESGO DISTRIBUCIÓN ELECTRICA, S.L",Cantabria,Ramales de la Victoria,461950.8,4789972.8,RAMALES,55,0,No,0,0,0,461950.8,4789972.8
404,R1-005,"VIESGO DISTRIBUCIÓN ELECTRICA, S.L",Cantabria,Reinosa,406855.6,4760129.9,REINOSA,12,0,No,9.85,3.19,0,406855.6,4760129.9
405,R1-005,"VIESGO DISTRIBUCIÓN ELECTRICA, S.L",Cantabria,Reinosa,406855.6,4760129.9,REINOSA,30,0,No,13.95,2.39,0,406855.6,4760129.9
406,R1-005,"VIESGO DISTRIBUCIÓN ELECTRICA, S.L",Cantabria,Reinosa,406855.6,4760129.9,REINOSA,132,0,No,0,0,0,406855.6,4760129.9
407,R1-005,"VIESGO DISTRIBUCIÓN ELECTRICA, S.L",Cantabria,Piélagos,422496.8,4801167.8,RENEDO,12,0.53,No,17.3,2.79,0,422496.8,4801167.8
408,R1-005,"VIESGO DISTRIBUCIÓN ELECTRICA, S.L",Cantabria,Piélagos,422496.8,4801167.8,RENEDO,55,0,No,0,0,0,422496.8,4801167.8
409,R1-005,"VIESGO DISTRIBUCIÓN ELECTRICA, S.L",Cantabria,Reocín,410888,4798668.4,REOCIN,12,3.37,No,13.29,3,0,410888,4798668.4
410,R1-005,"VIESGO DISTRIBUCIÓN ELECTRICA, S.L",Cantabria,Reocín,410888,4798668.4,REOCIN,55,0,No,4.36,0,0,410888,4798668.4
411,R1-005,"VIESGO DISTRIBUCIÓN ELECTRICA, S.L",Cantabria,Santillana del Mar,414701.5,4802234,RIAÑO,12,0.53,No,19.17,3.52,0,414701.5,4802234
412,R1-005,"VIESGO DISTRIBUCIÓN ELECTRICA, S.L",Cantabria,Santillana del Mar,414701.5,4802234,RIAÑO,55,0,No,0,45,0,414701.5,4802234
413,R1-005,"VIESGO DISTRIBUCIÓN ELECTRICA, S.L",Cantabria,Rionansa,387417.2,4786475.2,ROZADIO,55,0,No,0,0,0,387417.2,4786475.2
414,R1-005,"VIESGO DISTRIBUCIÓN ELECTRICA, S.L",Cantabria,Torrelavega,412682.9,4801069.2,PUENTE SAN MIGUEL,12,0,No,20.94,0,1,412682.9,4801069.2
415,R1-005,"VIESGO DISTRIBUCIÓN ELECTRICA, S.L",Cantabria,Torrelavega,412682.9,4801069.2,PUENTE SAN MIGUEL,55,0,No,45.09,0,0,412682.9,4801069.2
416,R1-005,"VIESGO DISTRIBUCIÓN ELECTRICA, S.L",Cantabria,Torrelavega,412682.9,4801069.2,PUENTE SAN MIGUEL,132,0,No,0,0,0,412682.9,4801069.2
417,R1-005,"VIESGO DISTRIBUCIÓN ELECTRICA, S.L",Cantabria,Torrelavega,415233.9,4803069,SOLVAY_N,55,0,No,44,0,0,415233.9,4803069
418,R1-005,"VIESGO DISTRIBUCIÓN ELECTRICA, S.L",Cantabria,San Vicente de la Barquera,387436.7,4801607,S_VICENTE,12,0,No,17.62,0,1,387436.7,4801607
419,R1-005,"VIESGO DISTRIBUCIÓN ELECTRICA, S.L",Cantabria,San Vicente de la Barquera,387436.7,4801607,S_VICENTE,55,0,No,0,0,0,387436.7,4801607
420,R1-005,"VIESGO DISTRIBUCIÓN ELECTRICA, S.L",Cantabria,Torrelavega,415152.4,4797765.9,TANOS,12,0.64,No,25.07,3.54,0,415152.4,4797765.9
421,R1-005,"VIESGO DISTRIBUCIÓN ELECTRICA, S.L",Cantabria,Torrelavega,415152.4,4797765.9,TANOS,55,0,No,0,62.3,0,415152.4,4797765.9
422,R1-005,"VIESGO DISTRIBUCIÓN ELECTRICA, S.L",Cantabria,Santander,434774.1,4812718.1,TANTIN,12,2,No,23.75,1.25,0,434774.1,4812718.1
423,R1-005,"VIESGO DISTRIBUCIÓN ELECTRICA, S.L",Cantabria,Santander,434774.1,4812718.1,TANTIN,55,0,No,0,0,0,434774.1,4812718.1
424,R1-005,"VIESGO DISTRIBUCIÓN ELECTRICA, S.L",Cantabria,Vega de Liébana,423233.6,4784885,TORANZO,12,0.99,No,4.78,0,0,423233.6,4784885
425,R1-005,"VIESGO DISTRIBUCIÓN ELECTRICA, S.L",Cantabria,Vega de Liébana,423233.6,4784885,TORANZO,55,0,No,0,0,0,423233.6,4784885
426,R1-005,"VIESGO DISTRIBUCIÓN ELECTRICA, S.L",Cantabria,Molledo,414840.3,4774617.7,TORINA,12,0.83,No,7.62,10,0,414840.3,4774617.7
427,R1-005,"VIESGO DISTRIBUCIÓN ELECTRICA, S.L",Cantabria,Molledo,414840.3,4774617.7,TORINA,55,0,No,8.35,0,0,414840.3,4774617.7
428,R1-005,"VIESGO DISTRIBUCIÓN ELECTRICA, S.L",Cantabria,Bárcena de Cicero,461484.1,4804916.5,TRETO,12,0.65,No,17.2,0,0,461484.1,4804916.5
429,R1-005,"VIESGO DISTRIBUCIÓN ELECTRICA, S.L",Cantabria,Bárcena de Cicero,461484.1,4804916.5,TRETO,55,0,No,5.15,0,0,461484.1,4804916.5
430,R1-005,"VIESGO DISTRIBUCIÓN ELECTRICA, S.L",Cantabria,Ampuero,462599,4796835.7,UDALLA,12,0.73,No,9.15,0,0,462599,4796835.7
431,R1-005,"VIESGO DISTRIBUCIÓN ELECTRICA, S.L",Cantabria,Ampuero,462599,4796835.7,UDALLA,55,0,No,0,0,0,462599,4796835.7
432,R1-005,"VIESGO DISTRIBUCIÓN ELECTRICA, S.L",Cantabria,Peñarrubia,367384.4,4791692.3,URDON,30,0,No,4.16,0,0,367384.4,4791692.3
433,R1-005,"VIESGO DISTRIBUCIÓN ELECTRICA, S.L",Cantabria,Peñarrubia,367384.4,4791692.3,URDON,132,3,No,0,0,0,367384.4,4791692.3
434,R1-005,"VIESGO DISTRIBUCIÓN ELECTRICA, S.L",Cantabria,Santander,432991.5,4811624,VALDECILLA,12,0,No,7.01,0,0,432991.5,4811624
435,R1-005,"VIESGO DISTRIBUCIÓN ELECTRICA, S.L",Cantabria,Santander,432991.5,4811624,VALDECILLA,55,0,No,4.5,0,0,432991.5,4811624
436,R1-005,"VIESGO DISTRIBUCIÓN ELECTRICA, S.L",Cantabria,Valdeolea,404842,4747593.8,VALDEOLEA,12,0.66,No,0.84,0,0,404842,4747593.8
437,R1-005,"VIESGO DISTRIBUCIÓN ELECTRICA, S.L",Cantabria,Valdeolea,404842,4747593.8,VALDEOLEA,30,0,No,0,0,0,404842,4747593.8
438,R1-005,"VIESGO DISTRIBUCIÓN ELECTRICA, S.L",Tarragona,"Canonja, La",851966.5,4559276.6,LA CANONJA,25,46.2,No,143.8,20,0,851966.5,4559276.6
439,R1-299,EDISTRIBUCIÓN REDES DIGITALES S.L.U.,Almería,Roquetas de Mar,535771.67,4074262.07,AGUADULC,66,0,No,0,0,0,535771.67,4074262.07
440,R1-299,EDISTRIBUCIÓN REDES DIGITALES S.L.U.,Almería,Roquetas de Mar,535771.67,4074262.07,AGUADULC,20,0,No,60.54,0,0,535771.67,4074262.07
441,R1-299,EDISTRIBUCIÓN REDES DIGITALES S.L.U.,Almería,Albox,575906.01,4135997.4,ALBOX,66,0,No,0.76,0,0,575906.01,4135997.4
442,R1-299,EDISTRIBUCIÓN REDES DIGITALES S.L.U.,Almería,Albox,575906.01,4135997.4,ALBOX,25,0,No,14.86,0,0,575906.01,4135997.4
443,R1-299,EDISTRIBUCIÓN REDES DIGITALES S.L.U.,Almería,Alcolea,503257.52,4091485.03,ALCOLEA,66,0,No,0,0,0,503257.52,4091485.03
444,R1-299,EDISTRIBUCIÓN REDES DIGITALES S.L.U.,Almería,Alcolea,503257.52,4091485.03,ALCOLEA,20,0,No,6.41,0,0,503257.52,4091485.03
445,R1-299,EDISTRIBUCIÓN REDES DIGITALES S.L.U.,Almería,Almería,550658.46,4077243.59,ANDARAX,132,0,No,0,0,0,550658.46,4077243.59
446,R1-299,EDISTRIBUCIÓN REDES DIGITALES S.L.U.,Almería,Almería,550658.46,4077243.59,ANDARAX,66,0,No,0,0,0,550658.46,4077243.59
447,R1-299,EDISTRIBUCIÓN REDES DIGITALES S.L.U.,Almería,Almería,550658.46,4077243.59,ANDARAX,20,0,No,54.25,0,0,550658.46,4077243.59
448,R1-299,EDISTRIBUCIÓN REDES DIGITALES S.L.U.,Almería,Almería,546841.66,4078401.93,BELEN,66,0,No,0,0,0,546841.66,4078401.93
449,R1-299,EDISTRIBUCIÓN REDES DIGITALES S.L.U.,Almería,Almería,546841.66,4078401.93,BELEN,20,0,No,43.16,0,0,546841.66,4078401.93
450,R1-299,EDISTRIBUCIÓN REDES DIGITALES S.L.U.,Almería,Benahadux,547587.76,4084860.19,BENAHADU,132,0,No,0,0,0,547587.76,4084860.19
451,R1-299,EDISTRIBUCIÓN REDES DIGITALES S.L.U.,Almería,Benahadux,547587.76,4084860.19,BENAHADU,66,0,No,0.75,0,0,547587.76,4084860.19
452,R1-299,EDISTRIBUCIÓN REDES DIGITALES S.L.U.,Almería,Benahadux,547587.76,4084860.19,BENAHADU,20,0,No,21.74,0,0,547587.76,4084860.19
453,R1-299,EDISTRIBUCIÓN REDES DIGITALES S.L.U.,Almería,Berja,506827.46,4076325.54,BERJA,66,0,No,31.96,0,0,506827.46,4076325.54
454,R1-299,EDISTRIBUCIÓN REDES DIGITALES S.L.U.,Almería,Berja,506827.46,4076325.54,BERJA,20,0,No,41.75,0,0,506827.46,4076325.54
455,R1-299,EDISTRIBUCIÓN REDES DIGITALES S.L.U.,Almería,Cantoria,567252.5,4135903.71,CANTORIA,66,0,No,39.8,0,0,567252.5,4135903.71
456,R1-299,EDISTRIBUCIÓN REDES DIGITALES S.L.U.,Almería,Carboneras,597120.19,4092843.61,CARBONER,132,0,No,52,0,0,597120.19,4092843.61
457,R1-299,EDISTRIBUCIÓN REDES DIGITALES S.L.U.,Almería,Carboneras,597120.19,4092843.61,CARBONER,20,0,No,38.52,0,0,597120.19,4092843.61
458,R1-299,EDISTRIBUCIÓN REDES DIGITALES S.L.U.,Almería,"Mojonera, La",528430.08,4072234.8,COSARIO,66,0,No,0,0,0,528430.08,4072234.8
459,R1-299,EDISTRIBUCIÓN REDES DIGITALES S.L.U.,Almería,"Mojonera, La",528430.08,4072234.8,COSARIO,20,0,No,49.37,0,0,528430.08,4072234.8
460,R1-299,EDISTRIBUCIÓN REDES DIGITALES S.L.U.,Almería,"Ejido, El",521012.47,4064606.76,CUMBRES,66,0,No,0,0,0,521012.47,4064606.76
461,R1-299,EDISTRIBUCIÓN REDES DIGITALES S.L.U.,Almería,"Ejido, El",521012.47,4064606.76,CUMBRES,20,0,No,29.61,0.01,0,521012.47,4064606.76
462,R1-299,EDISTRIBUCIÓN REDES DIGITALES S.L.U.,Almería,Almería,551301.31,4074626.68,DESALADO,66,0,No,1.83,0,0,551301.31,4074626.68
463,R1-299,EDISTRIBUCIÓN REDES DIGITALES S.L.U.,Almería,"Ejido, El",514561.93,4070051.68,EJIDO,66,0,No,0,0,0,514561.93,4070051.68
464,R1-299,EDISTRIBUCIÓN REDES DIGITALES S.L.U.,Almería,"Ejido, El",514561.93,4070051.68,EJIDO,20,0,No,35.51,0,0,514561.93,4070051.68
465,R1-299,EDISTRIBUCIÓN REDES DIGITALES S.L.U.,Almería,Níjar,576346.86,4093418.73,EMBALSE,132,0,No,0,0,0,576346.86,4093418.73
466,R1-299,EDISTRIBUCIÓN REDES DIGITALES S.L.U.,Almería,Enix,533131.94,4084986.83,ENIX,66,0,No,0,0,0,533131.94,4084986.83
467,R1-299,EDISTRIBUCIÓN REDES DIGITALES S.L.U.,Almería,Enix,533131.94,4084986.83,ENIX,20,0,No,0,0,0,533131.94,4084986.83
468,R1-299,EDISTRIBUCIÓN REDES DIGITALES S.L.U.,Almería,Fines,564134.71,4135034.06,FINES,66,0,No,0,0,0,564134.71,4135034.06
469,R1-299,EDISTRIBUCIÓN REDES DIGITALES S.L.U.,Almería,Fines,564134.71,4135034.06,FINES,25,0,No,22.47,0,0,564134.71,4135034.06
470,R1-299,EDISTRIBUCIÓN REDES DIGITALES S.L.U.,Almería,Turrillas,566883.22,4101577.74,GRUPOTEC,132,0,No,0,0,0,566883.22,4101577.74
471,R1-299,EDISTRIBUCIÓN REDES DIGITALES S.L.U.,Almería,Huércal-Overa,592238.49,4136499.92,H_OVERA,66,0,No,0,0,0,592238.49,4136499.92
472,R1-299,EDISTRIBUCIÓN REDES DIGITALES S.L.U.,Almería,Huércal-Overa,592238.49,4136499.92,H_OVERA,25,0,No,25.38,0,0,592238.49,4136499.92
473,R1-299,EDISTRIBUCIÓN REDES DIGITALES S.L.U.,Almería,Carboneras,597363.78,4091626.22,HIBERICO,132,0,No,7.99,0,0,597363.78,4091626.22
474,R1-299,EDISTRIBUCIÓN REDES DIGITALES S.L.U.,Almería,Vélez-Rubio,579790.89,4167682.03,LOSVELEZ,25,0,No,9.21,0,0,579790.89,4167682.03
475,R1-299,EDISTRIBUCIÓN REDES DIGITALES S.L.U.,Almería,Lucainena de las Torres,573662.52,4096924.77,LUCAINEN,132,0,No,0,0,0,573662.52,4096924.77
476,R1-299,EDISTRIBUCIÓN REDES DIGITALES S.L.U.,Almería,Mojácar,603420.83,4112594.88,MOJACAR,132,0,No,0,0,0,603420.83,4112594.88
477,R1-299,EDISTRIBUCIÓN REDES DIGITALES S.L.U.,Almería,Mojácar,603420.83,4112594.88,MOJACAR,25,0,No,31,1.59,0,603420.83,4112594.88
478,R1-299,EDISTRIBUCIÓN REDES DIGITALES S.L.U.,Almería,Almería,550135.84,4079816.3,MOLINOS,132,0,No,0,0,0,550135.84,4079816.3
479,R1-299,EDISTRIBUCIÓN REDES DIGITALES S.L.U.,Almería,Almería,550135.84,4079816.3,MOLINOS,20,0,No,18.95,0,0,550135.84,4079816.3
480,R1-299,EDISTRIBUCIÓN REDES DIGITALES S.L.U.,Almería,Benahadux,546952.93,4087540.24,NARANJOS,132,0,No,30,0,0,546952.93,4087540.24
481,R1-299,EDISTRIBUCIÓN REDES DIGITALES S.L.U.,Almería,Benahadux,546952.93,4087540.24,NARANJOS,66,0,No,0.26,0,0,546952.93,4087540.24
482,R1-299,EDISTRIBUCIÓN REDES DIGITALES S.L.U.,Almería,Benahadux,546952.93,4087540.24,NARANJOS,25,0,No,34.88,0,0,546952.93,4087540.24
483,R1-299,EDISTRIBUCIÓN REDES DIGITALES S.L.U.,Almería,Níjar,574797.37,4085788.28,PIPACES,132,0,No,0,0,0,574797.37,4085788.28
484,R1-299,EDISTRIBUCIÓN REDES DIGITALES S.L.U.,Almería,Níjar,574797.37,4085788.28,PIPACES,20,0,No,34.73,0,0,574797.37,4085788.28
485,R1-299,EDISTRIBUCIÓN REDES DIGITALES S.L.U.,Almería,Roquetas de Mar,532097.24,4064551.12,PLAYA_SE,66,0,No,0,0,0,532097.24,4064551.12
486,R1-299,EDISTRIBUCIÓN REDES DIGITALES S.L.U.,Almería,Roquetas de Mar,532097.24,4064551.12,PLAYA_SE,20,0,No,27.73,0,0,532097.24,4064551.12
487,R1-299,EDISTRIBUCIÓN REDES DIGITALES S.L.U.,Almería,Cuevas del Almanzora,606723.84,4124819.36,PORTILLO,66,0,No,3.97,0,0,606723.84,4124819.36
488,R1-299,EDISTRIBUCIÓN REDES DIGITALES S.L.U.,Almería,Almería,549665.09,4075455.37,S_TOMAS,66,0,No,0,0,0,549665.09,4075455.37
489,R1-299,EDISTRIBUCIÓN REDES DIGITALES S.L.U.,Almería,Almería,549665.09,4075455.37,S_TOMAS,20,0,No,37.65,0,0,549665.09,4075455.37
490,R1-299,EDISTRIBUCIÓN REDES DIGITALES S.L.U.,Almería,Serón,538374.95,4141234.98,SERON,132,0,No,0,0,0,538374.95,4141234.98
491,R1-299,EDISTRIBUCIÓN REDES DIGITALES S.L.U.,Almería,Sorbas,575058.77,4106359.04,SORBAS,132,0,No,0,0,0,575058.77,4106359.04
492,R1-299,EDISTRIBUCIÓN REDES DIGITALES S.L.U.,Almería,Sorbas,575058.77,4106359.04,SORBAS,25,0,No,11.02,0,0,575058.77,4106359.04
493,R1-299,EDISTRIBUCIÓN REDES DIGITALES S.L.U.,Almería,Pulpí,616822.81,4138597.43,TERREROS,132,0,No,0,0,0,616822.81,4138597.43
494,R1-299,EDISTRIBUCIÓN REDES DIGITALES S.L.U.,Almería,Pulpí,616822.81,4138597.43,TERREROS,25,0,No,27.43,0.02,0,616822.81,4138597.43
495,R1-299,EDISTRIBUCIÓN REDES DIGITALES S.L.U.,Almería,"Ejido, El",517485.07,4071482.52,TOMILLAR,66,0,No,5.44,0,0,517485.07,4071482.52
496,R1-299,EDISTRIBUCIÓN REDES DIGITALES S.L.U.,Almería,"Ejido, El",517485.07,4071482.52,TOMILLAR,20,0,No,18.6,0,0,517485.07,4071482.52
497,R1-299,EDISTRIBUCIÓN REDES DIGITALES S.L.U.,Almería,Almería,549114.39,4080329.92,TORRECAR,66,0,No,0,0,0,549114.39,4080329.92
498,R1-299,EDISTRIBUCIÓN REDES DIGITALES S.L.U.,Almería,Almería,549114.39,4080329.92,TORRECAR,20,0,No,38.46,0,0,549114.39,4080329.92
499,R1-299,EDISTRIBUCIÓN REDES DIGITALES S.L.U.,Almería,Almería,559674.45,4079523.23,TOYO,132,0,No,0,0,0,559674.45,4079523.23
500,R1-299,EDISTRIBUCIÓN REDES DIGITALES S.L.U.,Almería,Almería,559674.45,4079523.23,TOYO,20,0,No,55.78,0.01,0,559674.45,4079523.23
501,R1-001,"i-DE REDES ELÉCTRICAS INTELIGENTES, S.A.U","Rioja, La",Logroño,545822.45,4704531.08,STR OYON,66,0,No,0,0,1,545822.45,4704531.08
502,R1-001,"i-DE REDES ELÉCTRICAS INTELIGENTES, S.A.U","Rioja, La",Logroño,545822.45,4704531.08,STR OYON,13,0,No,4.27,0,0,545822.45,4704531.08
503,R1-001,"i-DE REDES ELÉCTRICAS INTELIGENTES, S.A.U","Rioja, La",Logroño,545822.45,4704531.08,STR OYON,66,0,No,0.02,0,1,545822.45,4704531.08
504,R1-001,"i-DE REDES ELÉCTRICAS INTELIGENTES, S.A.U","Rioja, La",Logroño,545822.45,4704531.08,STR OYON,13,0,No,5.59,0,0,545822.45,4704531.08
505,R1-001,"i-DE REDES ELÉCTRICAS INTELIGENTES, S.A.U","Rioja, La",Viguera,536033.19,4682709.79,STR PANZARES,13,0,No,1.55,0,0,536033.19,4682709.79
506,R1-001,"i-DE REDES ELÉCTRICAS INTELIGENTES, S.A.U","Rioja, La",Viguera,536033.19,4682709.79,STR PANZARES,66,0,No,0,0,1,536033.19,4682709.79
507,R1-001,"i-DE REDES ELÉCTRICAS INTELIGENTES, S.A.U","Rioja, La",Viguera,536033.19,4682709.79,STR PANZARES,66,0,No,0,0,1,536033.19,4682709.79
508,R1-001,"i-DE REDES ELÉCTRICAS INTELIGENTES, S.A.U","Rioja, La",Viguera,536033.19,4682709.79,STR PANZARES,20,0,No,0,0,0,536033.19,4682709.79
509,R1-001,"i-DE REDES ELÉCTRICAS INTELIGENTES, S.A.U","Rioja, La",Pradejón,579367.51,4685971.18,STR PRADEJON,13,0,No,6.85,0,0,579367.51,4685971.18
510,R1-001,"i-DE REDES ELÉCTRICAS INTELIGENTES, S.A.U","Rioja, La",Pradejón,579367.51,4685971.18,STR PRADEJON,66,0,No,0,0,1,579367.51,4685971.18
511,R1-001,"i-DE REDES ELÉCTRICAS INTELIGENTES, S.A.U","Rioja, La",Pradejón,579367.51,4685971.18,STR PRADEJON,13,0,No,9.5,0,0,579367.51,4685971.18
512,R1-001,"i-DE REDES ELÉCTRICAS INTELIGENTES, S.A.U","Rioja, La",Pradejón,579367.51,4685971.18,STR PRADEJON,66,0,No,0,0,1,579367.51,4685971.18
513,R1-001,"i-DE REDES ELÉCTRICAS INTELIGENTES, S.A.U","Rioja, La",Calahorra,588129.39,4681441.13,STR RECUENCO,13,0,No,29.15,0,0,588129.39,4681441.13
514,R1-001,"i-DE REDES ELÉCTRICAS INTELIGENTES, S.A.U","Rioja, La",Calahorra,588129.39,4681441.13,STR RECUENCO,66,0,No,0,0,1,588129.39,4681441.13
515,R1-001,"i-DE REDES ELÉCTRICAS INTELIGENTES, S.A.U","Rioja, La",Calahorra,588129.39,4681441.13,STR RECUENCO,13,0,No,26.24,0,0,588129.39,4681441.13
516,R1-001,"i-DE REDES ELÉCTRICAS INTELIGENTES, S.A.U","Rioja, La",Calahorra,588129.39,4681441.13,STR RECUENCO,66,0,No,0,0,1,588129.39,4681441.13
517,R1-001,"i-DE REDES ELÉCTRICAS INTELIGENTES, S.A.U","Rioja, La",Rincón de Soto,594150.55,4675856.24,STR RINCON DE SOTO,13,0,No,8.23,0,0,594150.55,4675856.24
518,R1-001,"i-DE REDES ELÉCTRICAS INTELIGENTES, S.A.U","Rioja, La",Rincón de Soto,594150.55,4675856.24,STR RINCON DE SOTO,66,0,No,0,0,1,594150.55,4675856.24
519,R1-001,"i-DE REDES ELÉCTRICAS INTELIGENTES, S.A.U","Rioja, La",Rincón de Soto,594150.55,4675856.24,STR RINCON DE SOTO,13,0,No,3.78,0,0,594150.55,4675856.24
520,R1-001,"i-DE REDES ELÉCTRICAS INTELIGENTES, S.A.U","Rioja, La",Rincón de Soto,594150.55,4675856.24,STR RINCON DE SOTO,66,0,No,0,0,1,594150.55,4675856.24
521,R1-001,"i-DE REDES ELÉCTRICAS INTELIGENTES, S.A.U","Rioja, La",Calahorra,585636.29,4686030.73,STR SAN ADRIAN,13,0,No,9.54,0,0,585636.29,4686030.73
522,R1-001,"i-DE REDES ELÉCTRICAS INTELIGENTES, S.A.U","Rioja, La",Calahorra,585636.29,4686030.73,STR SAN ADRIAN,66,0,No,0,0,1,585636.29,4686030.73
523,R1-001,"i-DE REDES ELÉCTRICAS INTELIGENTES, S.A.U","Rioja, La",Calahorra,585636.29,4686030.73,STR SAN ADRIAN,13,0,No,4.57,0,0,585636.29,4686030.73
524,R1-001,"i-DE REDES ELÉCTRICAS INTELIGENTES, S.A.U","Rioja, La",Calahorra,585636.29,4686030.73,STR SAN ADRIAN,66,0,No,0,0,1,585636.29,4686030.73
525,R1-001,"i-DE REDES ELÉCTRICAS INTELIGENTES, S.A.U","Rioja, La",Santo Domingo de la Calzada,504119.14,4699363.98,STR SANTO DOMINGO,66,0,No,0.01,0,1,504119.14,4699363.98
526,R1-001,"i-DE REDES ELÉCTRICAS INTELIGENTES, S.A.U","Rioja, La",Santo Domingo de la Calzada,504119.14,4699363.98,STR SANTO DOMINGO,66,0,No,0,0,1,504119.14,4699363.98
527,R1-001,"i-DE REDES ELÉCTRICAS INTELIGENTES, S.A.U","Rioja, La",Santo Domingo de la Calzada,504119.14,4699363.98,STR SANTO DOMINGO,13,0,No,8.79,0,0,504119.14,4699363.98
528,R1-001,"i-DE REDES ELÉCTRICAS INTELIGENTES, S.A.U","Rioja, La",Santo Domingo de la Calzada,504119.14,4699363.98,STR SANTO DOMINGO,13,0,No,11.78,0,0,504119.14,4699363.98
529,R1-001,"i-DE REDES ELÉCTRICAS INTELIGENTES, S.A.U","Rioja, La",Logroño,548221.11,4700675.84,STR VAREA,13,0,No,20.86,0,0,548221.11,4700675.84
530,R1-001,"i-DE REDES ELÉCTRICAS INTELIGENTES, S.A.U","Rioja, La",Logroño,548221.11,4700675.84,STR VAREA,66,0,No,0,0,1,548221.11,4700675.84
531,R1-001,"i-DE REDES ELÉCTRICAS INTELIGENTES, S.A.U","Rioja, La",Logroño,548221.11,4700675.84,STR VAREA,13,0,No,15.46,0,0,548221.11,4700675.84
532,R1-001,"i-DE REDES ELÉCTRICAS INTELIGENTES, S.A.U","Rioja, La",Logroño,548221.11,4700675.84,STR VAREA,66,0,No,0,0,1,548221.11,4700675.84
533,R1-001,"i-DE REDES ELÉCTRICAS INTELIGENTES, S.A.U","Rioja, La",Villamediana de Iregua,547693.76,4697930.08,STR VILLAMEDIANA,13,0,No,12.51,0,0,547693.76,4697930.08
534,R1-001,"i-DE REDES ELÉCTRICAS INTELIGENTES, S.A.U","Rioja, La",Villamediana de Iregua,547693.76,4697930.08,STR VILLAMEDIANA,66,0,No,0,0,1,547693.76,4697930.08
535,R1-001,"i-DE REDES ELÉCTRICAS INTELIGENTES, S.A.U","Rioja, La",Villamediana de Iregua,547693.76,4697930.08,STR VILLAMEDIANA,13,0,No,6.44,0,0,547693.76,4697930.08
536,R1-001,"i-DE REDES ELÉCTRICAS INTELIGENTES, S.A.U","Rioja, La",Villamediana de Iregua,547693.76,4697930.08,STR VILLAMEDIANA,66,0,No,0,0,1,547693.76,4697930.08
537,R1-001,"i-DE REDES ELÉCTRICAS INTELIGENTES, S.A.U",Lugo,Quiroga,152706.49,4701948.36,ST CH MONTEFURADO,132,35,No,0,0,0,152706.49,4701948.36
538,R1-001,"i-DE REDES ELÉCTRICAS INTELIGENTES, S.A.U",Lugo,Quiroga,156544.95,4701543.09,ST CH SAN MARTIN,132,35,No,0,0,0,156544.95,4701543.09
539,R1-001,"i-DE REDES ELÉCTRICAS INTELIGENTES, S.A.U",Lugo,Ribas de Sil,150302.06,4709191.47,ST CH SEQUEIROS,132,0,No,0,0,0,150302.06,4709191.47
540,R1-001,"i-DE REDES ELÉCTRICAS INTELIGENTES, S.A.U",Madrid,Algete,453363.53,4493686.4,4446,66,0,No,40,0,0,453363.53,4493686.4
541,R1-001,"i-DE REDES ELÉCTRICAS INTELIGENTES, S.A.U",Madrid,Algete,453363.53,4493686.4,4446,66,0,No,0,0,0,453363.53,4493686.4
542,R1-001,"i-DE REDES ELÉCTRICAS INTELIGENTES, S.A.U",Madrid,Getafe,440377.31,4461702.42,SMR DIESEL,45,0,Si,0,0,0,440377.31,4461702.42
543,R1-001,"i-DE REDES ELÉCTRICAS INTELIGENTES, S.A.U",Madrid,Getafe,440377.31,4461702.42,SMR DIESEL,45,0,Si,0,0,0,440377.31,4461702.42
544,R1-001,"i-DE REDES ELÉCTRICAS INTELIGENTES, S.A.U",Madrid,Alcobendas,443954.63,4487254.3,4457,66,0,No,0,0,0,443954.63,4487254.3
545,R1-001,"i-DE REDES ELÉCTRICAS INTELIGENTES, S.A.U",Madrid,Getafe,440999.49,4462220.49,SMR HERREROS 48A,45,0,Si,1.79,0,0,440999.49,4462220.49
546,R1-001,"i-DE REDES ELÉCTRICAS INTELIGENTES, S.A.U",Madrid,Getafe,440999.49,4462220.49,SMR HERREROS 48A,45,0,Si,0.01,0,0,440999.49,4462220.49
547,R1-001,"i-DE REDES ELÉCTRICAS INTELIGENTES, S.A.U",Madrid,Pinto,440174.48,4456612.87,SMR LA TENERIA 2-PINTO,45,0,No,27,0,0,440174.48,4456612.87
548,R1-001,"i-DE REDES ELÉCTRICAS INTELIGENTES, S.A.U",Madrid,Pinto,440174.48,4456612.87,SMR LA TENERIA 2-PINTO,45,0,No,1.68,0,0,440174.48,4456612.87
549,R1-001,"i-DE REDES ELÉCTRICAS INTELIGENTES, S.A.U",Madrid,Madrid,440415.27,4465615.49,SMR SAN EUSTAQUIO,45,0,No,2.4,0,0,440415.27,4465615.49
550,R1-001,"i-DE REDES ELÉCTRICAS INTELIGENTES, S.A.U",Madrid,Madrid,440415.27,4465615.49,SMR SAN EUSTAQUIO,45,0,No,0,0,0,440415.27,4465615.49
551,R1-001,"i-DE REDES ELÉCTRICAS INTELIGENTES, S.A.U",Madrid,Madrid,436455.45,4468530.69,ST AGUACATE,15,0,No,19.01,0,0,436455.45,4468530.69
552,R1-001,"i-DE REDES ELÉCTRICAS INTELIGENTES, S.A.U",Madrid,Madrid,435382.7,4470999.48,SMR MAQUEDA,45,0,Si,0,0,0,435382.7,4470999.48
553,R1-001,"i-DE REDES ELÉCTRICAS INTELIGENTES, S.A.U",Madrid,Madrid,440415.27,4465615.49,SMR SAN EUSTAQUIO,45,0,Si,0,0,0,440415.27,4465615.49
554,R1-001,"i-DE REDES ELÉCTRICAS INTELIGENTES, S.A.U",Madrid,Madrid,436455.45,4468530.69,ST AGUACATE,15,0,No,74.44,0,0,436455.45,4468530.69
555,R1-001,"i-DE REDES ELÉCTRICAS INTELIGENTES, S.A.U",Madrid,Madrid,436455.45,4468530.69,ST AGUACATE,15,0,No,26.95,0,0,436455.45,4468530.69
556,R1-001,"i-DE REDES ELÉCTRICAS INTELIGENTES, S.A.U",Madrid,Alcalá de Henares,468127.95,4483398.58,ST ALCALA,132,0,No,35.85,0,0,468127.95,4483398.58
557,R1-001,"i-DE REDES ELÉCTRICAS INTELIGENTES, S.A.U",Madrid,Alcalá de Henares,468127.95,4483398.58,ST ALCALA,20,0,No,32.25,0,0,468127.95,4483398.58
558,R1-001,"i-DE REDES ELÉCTRICAS INTELIGENTES, S.A.U",Madrid,Alcalá de Henares,468127.95,4483398.58,ST ALCALA,20,0,No,30.27,0,0,468127.95,4483398.58
559,R1-001,"i-DE REDES ELÉCTRICAS INTELIGENTES, S.A.U",Madrid,Alcalá de Henares,468127.95,4483398.58,ST ALCALA,20,0,No,87.6,0,0,468127.95,4483398.58
560,R1-001,"i-DE REDES ELÉCTRICAS INTELIGENTES, S.A.U",Madrid,Alcobendas,444879.56,4488883.72,ST ALCOBENDAS PM,20,8.91,No,109.59,0,0,444879.56,4488883.72
561,R1-001,"i-DE REDES ELÉCTRICAS INTELIGENTES, S.A.U",Madrid,Alcobendas,444879.56,4488883.72,ST ALCOBENDAS PM,20,5.83,No,39.49,0,0,444879.56,4488883.72
562,R1-001,"i-DE REDES ELÉCTRICAS INTELIGENTES, S.A.U",Madrid,Alcobendas,444879.56,4488883.72,ST ALCOBENDAS PM,20,9.11,No,19.54,0,0,444879.56,4488883.72
563,R1-001,"i-DE REDES ELÉCTRICAS INTELIGENTES, S.A.U",Madrid,Algete,453298.21,4493722.16,ST ALGETE,66,0,No,28.05,0,0,453298.21,4493722.16
564,R1-001,"i-DE REDES ELÉCTRICAS INTELIGENTES, S.A.U",Madrid,Algete,453298.21,4493722.16,ST ALGETE,20,0,No,7.5,0,0,453298.21,4493722.16
565,R1-001,"i-DE REDES ELÉCTRICAS INTELIGENTES, S.A.U",Madrid,Algete,453298.21,4493722.16,ST ALGETE,20,0,No,11.21,0,0,453298.21,4493722.16
566,R1-001,"i-DE REDES ELÉCTRICAS INTELIGENTES, S.A.U",Madrid,Madrid,439099.76,4470901.03,ST ANTONIO LEYVA PM,15,1.3,No,34.33,0,0,439099.76,4470901.03
567,R1-001,"i-DE REDES ELÉCTRICAS INTELIGENTES, S.A.U",Madrid,Madrid,439099.76,4470901.03,ST ANTONIO LEYVA PM,15,1.61,No,39.79,0,0,439099.76,4470901.03
568,R1-001,"i-DE REDES ELÉCTRICAS INTELIGENTES, S.A.U",Madrid,Madrid,439099.76,4470901.03,ST ANTONIO LEYVA PM,15,6.27,No,26.33,0,0,439099.76,4470901.03
569,R1-001,"i-DE REDES ELÉCTRICAS INTELIGENTES, S.A.U",Madrid,Madrid,431647.77,4479639.11,ST ARAVACA,20,3.65,No,55.22,0,0,431647.77,4479639.11
570,R1-001,"i-DE REDES ELÉCTRICAS INTELIGENTES, S.A.U",Madrid,Madrid,431647.77,4479639.11,ST ARAVACA,20,7.49,No,45.22,0,0,431647.77,4479639.11
571,R1-001,"i-DE REDES ELÉCTRICAS INTELIGENTES, S.A.U",Madrid,Madrid,431647.77,4479639.11,ST ARAVACA,20,5.98,No,41.58,0,0,431647.77,4479639.11
572,R1-001,"i-DE REDES ELÉCTRICAS INTELIGENTES, S.A.U",Madrid,Torrejón de Ardoz,459066.61,4477002.72,ST ARDOZ NUEVA,132,0,No,190,0,0,459066.61,4477002.72
573,R1-001,"i-DE REDES ELÉCTRICAS INTELIGENTES, S.A.U",Madrid,Torrejón de Ardoz,459066.61,4477002.72,ST ARDOZ NUEVA,66,0,No,17.77,0,0,459066.61,4477002.72
574,R1-001,"i-DE REDES ELÉCTRICAS INTELIGENTES, S.A.U",Madrid,Torrejón de Ardoz,459066.61,4477002.72,ST ARDOZ NUEVA,66,0,No,0,0,0,459066.61,4477002.72
575,R1-001,"i-DE REDES ELÉCTRICAS INTELIGENTES, S.A.U",Madrid,Torrejón de Ardoz,459066.61,4477002.72,ST ARDOZ NUEVA,20,0,No,45.1,0,0,459066.61,4477002.72
576,R1-001,"i-DE REDES ELÉCTRICAS INTELIGENTES, S.A.U",Madrid,Torrejón de Ardoz,459066.61,4477002.72,ST ARDOZ NUEVA,20,0,No,73.74,0,0,459066.61,4477002.72
577,R1-001,"i-DE REDES ELÉCTRICAS INTELIGENTES, S.A.U",Madrid,Torrejón de Ardoz,459066.61,4477002.72,ST ARDOZ NUEVA,20,0,No,47.73,0,0,459066.61,4477002.72
578,R1-001,"i-DE REDES ELÉCTRICAS INTELIGENTES, S.A.U",Madrid,Madrid,440363.77,4471956.58,ST ARGANZUELA,15,14.45,No,18.52,0,0,440363.77,4471956.58
579,R1-001,"i-DE REDES ELÉCTRICAS INTELIGENTES, S.A.U",Madrid,Madrid,440363.77,4471956.58,ST ARGANZUELA,15,6.13,No,36.17,0,0,440363.77,4471956.58
580,R1-001,"i-DE REDES ELÉCTRICAS INTELIGENTES, S.A.U",Madrid,Madrid,440363.77,4471956.58,ST ARGANZUELA,15,11.04,No,52.46,0,0,440363.77,4471956.58
581,R1-001,"i-DE REDES ELÉCTRICAS INTELIGENTES, S.A.U",Madrid,Madrid,439177.48,4475606.12,ST ARGUELLES,132,0,No,100,0,0,439177.48,4475606.12
582,R1-001,"i-DE REDES ELÉCTRICAS INTELIGENTES, S.A.U",Madrid,Madrid,439177.48,4475606.12,ST ARGUELLES,15,0,No,29.26,0,0,439177.48,4475606.12
583,R1-001,"i-DE REDES ELÉCTRICAS INTELIGENTES, S.A.U",Madrid,Madrid,439177.48,4475606.12,ST ARGUELLES,15,0,No,31.04,0,0,439177.48,4475606.12
584,R1-001,"i-DE REDES ELÉCTRICAS INTELIGENTES, S.A.U",Madrid,Madrid,439177.48,4475606.12,ST ARGUELLES,15,0,No,17.25,0,0,439177.48,4475606.12
585,R1-001,"i-DE REDES ELÉCTRICAS INTELIGENTES, S.A.U",Madrid,Alcobendas,449488.9,4487498.09,ST ARROYO DE LA VEGA,20,0.31,No,56.99,0,0,449488.9,4487498.09
586,R1-001,"i-DE REDES ELÉCTRICAS INTELIGENTES, S.A.U",Madrid,Alcobendas,449488.9,4487498.09,ST ARROYO DE LA VEGA,20,2.27,No,33.42,0,0,449488.9,4487498.09
587,R1-001,"i-DE REDES ELÉCTRICAS INTELIGENTES, S.A.U",Madrid,Alcobendas,449488.9,4487498.09,ST ARROYO DE LA VEGA,20,4.39,No,10.13,0,0,449488.9,4487498.09
588,R1-001,"i-DE REDES ELÉCTRICAS INTELIGENTES, S.A.U",Madrid,Alcobendas,449488.9,4487498.09,ST ARROYO DE LA VEGA,20,0,No,36.86,0,0,449488.9,4487498.09
589,R1-001,"i-DE REDES ELÉCTRICAS INTELIGENTES, S.A.U",Madrid,Madrid,441622.33,4475418.55,ST AYALA,132,0,No,0.74,0,0,441622.33,4475418.55
590,R1-001,"i-DE REDES ELÉCTRICAS INTELIGENTES, S.A.U",Madrid,Madrid,441622.33,4475418.55,ST AYALA,15,0,No,15.39,0,0,441622.33,4475418.55
591,R1-001,"i-DE REDES ELÉCTRICAS INTELIGENTES, S.A.U",Madrid,Madrid,441622.33,4475418.55,ST AYALA,15,0,No,15.42,0,0,441622.33,4475418.55
592,R1-001,"i-DE REDES ELÉCTRICAS INTELIGENTES, S.A.U",Madrid,Madrid,441622.33,4475418.55,ST AYALA,15,0,No,19.14,0,0,441622.33,4475418.55
593,R1-001,"i-DE REDES ELÉCTRICAS INTELIGENTES, S.A.U",Madrid,Madrid,441622.33,4475418.55,ST AYALA,15,0,No,12.99,0,0,441622.33,4475418.55
594,R1-001,"i-DE REDES ELÉCTRICAS INTELIGENTES, S.A.U",Madrid,Boadilla del Monte,422880.23,4473460.27,ST BOADILLA,20,0,No,59.07,0,0,422880.23,4473460.27
595,R1-001,"i-DE REDES ELÉCTRICAS INTELIGENTES, S.A.U",Madrid,Boadilla del Monte,422880.23,4473460.27,ST BOADILLA,20,0,Si,79.64,0,0,422880.23,4473460.27
596,R1-001,"i-DE REDES ELÉCTRICAS INTELIGENTES, S.A.U",Madrid,Getafe,436207.09,4462464.34,ST BUENAVISTA,15,0,No,56.93,0,0,436207.09,4462464.34
597,R1-001,"i-DE REDES ELÉCTRICAS INTELIGENTES, S.A.U",Madrid,Getafe,436207.09,4462464.34,ST BUENAVISTA,15,0,No,33.73,0,0,436207.09,4462464.34
598,R1-001,"i-DE REDES ELÉCTRICAS INTELIGENTES, S.A.U",Madrid,Fuenlabrada,430564.67,4460411.6,ST CAMINO FREGACEDOS,15,0,No,47.47,0,0,430564.67,4460411.6
599,R1-001,"i-DE REDES ELÉCTRICAS INTELIGENTES, S.A.U",Madrid,Fuenlabrada,430564.67,4460411.6,ST CAMINO FREGACEDOS,15,2.86,No,75.68,0,0,430564.67,4460411.6
600,R1-001,"i-DE REDES ELÉCTRICAS INTELIGENTES, S.A.U",Madrid,Fuenlabrada,430564.67,4460411.6,ST CAMINO FREGACEDOS,15,0,No,35.04,0,0,430564.67,4460411.6
601,R1-001,"i-DE REDES ELÉCTRICAS INTELIGENTES, S.A.U",Madrid,Madrid,443330,4479135.6,ST CHAMARTIN,132,0,No,1.9,0,0,443330,4479135.6
602,R1-001,"i-DE REDES ELÉCTRICAS INTELIGENTES, S.A.U",Madrid,Madrid,443330,4479135.6,ST CHAMARTIN,15,0,No,22.87,0,0,443330,4479135.6
603,R1-001,"i-DE REDES ELÉCTRICAS INTELIGENTES, S.A.U",Madrid,Madrid,443330,4479135.6,ST CHAMARTIN,15,0,No,27.64,0,0,443330,4479135.6
604,R1-001,"i-DE REDES ELÉCTRICAS INTELIGENTES, S.A.U",Madrid,Madrid,438169.99,4478887.64,ST CIUDAD UNIVERSITA,132,0,No,10.6,0,0,438169.99,4478887.64
605,R1-001,"i-DE REDES ELÉCTRICAS INTELIGENTES, S.A.U",Madrid,Madrid,438169.99,4478887.64,ST CIUDAD UNIVERSITA,15,0,No,27.52,0,0,438169.99,4478887.64
606,R1-001,"i-DE REDES ELÉCTRICAS INTELIGENTES, S.A.U",Madrid,Madrid,438169.99,4478887.64,ST CIUDAD UNIVERSITA,15,0,No,20.28,0,0,438169.99,4478887.64
607,R1-001,"i-DE REDES ELÉCTRICAS INTELIGENTES, S.A.U",Madrid,Daganzo de Arriba,459441.73,4489300.67,ST DAGANZO,20,0,No,41.26,0,0,459441.73,4489300.67
608,R1-001,"i-DE REDES ELÉCTRICAS INTELIGENTES, S.A.U",Madrid,Daganzo de Arriba,459441.73,4489300.67,ST DAGANZO,20,0,No,59.22,0,0,459441.73,4489300.67
609,R1-001,"i-DE REDES ELÉCTRICAS INTELIGENTES, S.A.U",Madrid,Madrid,441579.16,4481187.43,ST DEPORTIVA,20,9.14,No,53.76,0,0,441579.16,4481187.43
610,R1-001,"i-DE REDES ELÉCTRICAS INTELIGENTES, S.A.U",Madrid,Madrid,441579.16,4481187.43,ST DEPORTIVA,20,1.21,No,44.66,0,0,441579.16,4481187.43
611,R1-001,"i-DE REDES ELÉCTRICAS INTELIGENTES, S.A.U",Madrid,Madrid,440609.51,4480596.52,ST EL PILAR PM,132,0,No,60.29,0,0,440609.51,4480596.52
612,R1-001,"i-DE REDES ELÉCTRICAS INTELIGENTES, S.A.U",Madrid,Madrid,440609.51,4480596.52,ST EL PILAR PM,20,8.59,No,45.94,0,0,440609.51,4480596.52
613,R1-001,"i-DE REDES ELÉCTRICAS INTELIGENTES, S.A.U",Madrid,Madrid,440609.51,4480596.52,ST EL PILAR PM,20,0.2,No,32.06,0,0,440609.51,4480596.52
614,R1-001,"i-DE REDES ELÉCTRICAS INTELIGENTES, S.A.U",Madrid,Madrid,440609.51,4480596.52,ST EL PILAR PM,15,10.97,No,44.21,0,0,440609.51,4480596.52
615,R1-001,"i-DE REDES ELÉCTRICAS INTELIGENTES, S.A.U",Madrid,Madrid,440609.51,4480596.52,ST EL PILAR PM,15,23.54,No,20.56,0,0,440609.51,4480596.52
616,R1-001,"i-DE REDES ELÉCTRICAS INTELIGENTES, S.A.U",Madrid,"Rozas de Madrid, Las",426603.88,4484755.1,ST EL TEJAR (RENFE),132,0,No,10,0,0,426603.88,4484755.1
617,R1-001,"i-DE REDES ELÉCTRICAS INTELIGENTES, S.A.U",Madrid,Leganés,433537.43,4466495.78,ST FORTUNA,45,0,Si,38.34,0,0,433537.43,4466495.78
618,R1-001,"i-DE REDES ELÉCTRICAS INTELIGENTES, S.A.U",Madrid,Leganés,433537.43,4466495.78,ST FORTUNA,45,0,Si,6.73,0,0,433537.43,4466495.78
619,R1-001,"i-DE REDES ELÉCTRICAS INTELIGENTES, S.A.U",Madrid,Leganés,433537.43,4466495.78,ST FORTUNA,15,0,No,29.67,0,0,433537.43,4466495.78
620,R1-001,"i-DE REDES ELÉCTRICAS INTELIGENTES, S.A.U",Madrid,Madrid,443189.32,4485421.83,ST FUENCARRAL PM,20,0.21,No,44.76,0,0,443189.32,4485421.83
621,R1-001,"i-DE REDES ELÉCTRICAS INTELIGENTES, S.A.U",Madrid,Madrid,443189.32,4485421.83,ST FUENCARRAL PM,20,7.27,No,45.82,0,0,443189.32,4485421.83
622,R1-001,"i-DE REDES ELÉCTRICAS INTELIGENTES, S.A.U",Madrid,Madrid,443189.32,4485421.83,ST FUENCARRAL PM,20,0,No,54.48,0,0,443189.32,4485421.83
623,R1-001,"i-DE REDES ELÉCTRICAS INTELIGENTES, S.A.U",Madrid,Madrid,443189.32,4485421.83,ST FUENCARRAL PM,20,8.32,No,45.34,0,0,443189.32,4485421.83
624,R1-001,"i-DE REDES ELÉCTRICAS INTELIGENTES, S.A.U",Madrid,Madrid,443189.32,4485421.83,ST FUENCARRAL PM,132,0,No,543.6,0,1,443189.32,4485421.83
625,R1-001,"i-DE REDES ELÉCTRICAS INTELIGENTES, S.A.U",Madrid,Madrid,443189.32,4485421.83,ST FUENCARRAL PM,66,0,Si,180.26,0,0,443189.32,4485421.83
626,R1-001,"i-DE REDES ELÉCTRICAS INTELIGENTES, S.A.U",Madrid,Fuenlabrada,433537.16,4458752.86,ST FUENLABRADA,15,0,Si,57.57,0,0,433537.16,4458752.86
627,R1-001,"i-DE REDES ELÉCTRICAS INTELIGENTES, S.A.U",Madrid,Fuenlabrada,433537.16,4458752.86,ST FUENLABRADA,15,0,Si,55.16,0,0,433537.16,4458752.86
628,R1-001,"i-DE REDES ELÉCTRICAS INTELIGENTES, S.A.U",Madrid,Galapagar,415040.34,4494278.96,ST GALAPAGAR,66,0,No,27.61,0,0,415040.34,4494278.96
629,R1-001,"i-DE REDES ELÉCTRICAS INTELIGENTES, S.A.U",Madrid,Galapagar,415040.34,4494278.96,ST GALAPAGAR,66,0,No,1.11,0,0,415040.34,4494278.96
630,R1-001,"i-DE REDES ELÉCTRICAS INTELIGENTES, S.A.U",Madrid,Galapagar,415040.34,4494278.96,ST GALAPAGAR,132,0,No,40,0,0,415040.34,4494278.96
631,R1-001,"i-DE REDES ELÉCTRICAS INTELIGENTES, S.A.U",Madrid,Galapagar,415040.34,4494278.96,ST GALAPAGAR,20,0,No,44.89,0,0,415040.34,4494278.96
632,R1-001,"i-DE REDES ELÉCTRICAS INTELIGENTES, S.A.U",Madrid,San Fernando de Henares,457710.82,4475462.73,ST HENARES,132,0,No,162.22,15,0,457710.82,4475462.73
633,R1-001,"i-DE REDES ELÉCTRICAS INTELIGENTES, S.A.U",Madrid,Madrid,443518.13,4474301.1,ST LA ESTRELLA PM,15,16,No,12.89,0,0,443518.13,4474301.1
634,R1-001,"i-DE REDES ELÉCTRICAS INTELIGENTES, S.A.U",Madrid,Madrid,443518.13,4474301.1,ST LA ESTRELLA PM,15,10,No,8.44,0,0,443518.13,4474301.1
635,R1-001,"i-DE REDES ELÉCTRICAS INTELIGENTES, S.A.U",Madrid,Madrid,443518.13,4474301.1,ST LA ESTRELLA PM,15,29.43,No,12.3,0,0,443518.13,4474301.1
636,R1-001,"i-DE REDES ELÉCTRICAS INTELIGENTES, S.A.U",Madrid,Madrid,443518.13,4474301.1,ST LA ESTRELLA PM,15,23.85,No,4.59,0,0,443518.13,4474301.1
637,R1-001,"i-DE REDES ELÉCTRICAS INTELIGENTES, S.A.U",Madrid,Madrid,443518.13,4474301.1,ST LA ESTRELLA PM,15,27.1,No,14.33,0,0,443518.13,4474301.1
638,R1-001,"i-DE REDES ELÉCTRICAS INTELIGENTES, S.A.U",Madrid,Madrid,443518.13,4474301.1,ST LA ESTRELLA PM,15,22.89,No,6.85,0,0,443518.13,4474301.1
639,R1-001,"i-DE REDES ELÉCTRICAS INTELIGENTES, S.A.U",Madrid,Madrid,443518.13,4474301.1,ST LA ESTRELLA PM,132,0,No,1.13,0,0,443518.13,4474301.1
640,R1-001,"i-DE REDES ELÉCTRICAS INTELIGENTES, S.A.U",Madrid,Navas del Rey,394028.22,4465134.02,ST LAS PICADAS,132,0,No,0,0,0,394028.22,4465134.02
641,R1-001,"i-DE REDES ELÉCTRICAS INTELIGENTES, S.A.U",Madrid,Navas del Rey,394028.22,4465134.02,ST LAS PICADAS,45,0,No,24.6,0,0,394028.22,4465134.02
642,R1-001,"i-DE REDES ELÉCTRICAS INTELIGENTES, S.A.U",Madrid,Navas del Rey,394028.22,4465134.02,ST LAS PICADAS,45,0,No,0,0,0,394028.22,4465134.02
643,R1-001,"i-DE REDES ELÉCTRICAS INTELIGENTES, S.A.U",Madrid,Navas del Rey,394028.22,4465134.02,ST LAS PICADAS,15,0,No,12.48,0,0,394028.22,4465134.02
644,R1-001,"i-DE REDES ELÉCTRICAS INTELIGENTES, S.A.U",Madrid,"Rozas de Madrid, Las",424575.13,4484285.05,ST LAS ROZAS,132,0,No,0,0,0,424575.13,4484285.05
645,R1-001,"i-DE REDES ELÉCTRICAS INTELIGENTES, S.A.U",Madrid,"Rozas de Madrid, Las",424575.13,4484285.05,ST LAS ROZAS,20,0,No,46.12,0,0,424575.13,4484285.05
646,R1-001,"i-DE REDES ELÉCTRICAS INTELIGENTES, S.A.U",Madrid,"Rozas de Madrid, Las",424575.13,4484285.05,ST LAS ROZAS,20,0,No,67.81,0,0,424575.13,4484285.05
647,R1-001,"i-DE REDES ELÉCTRICAS INTELIGENTES, S.A.U",Madrid,"Rozas de Madrid, Las",424575.13,4484285.05,ST LAS ROZAS,20,0,No,83.48,0.27,0,424575.13,4484285.05
648,R1-001,"i-DE REDES ELÉCTRICAS INTELIGENTES, S.A.U",Madrid,Leganés,433994.65,4462846.04,ST LEGANES,45,0,Si,32.34,0,0,433994.65,4462846.04
649,R1-001,"i-DE REDES ELÉCTRICAS INTELIGENTES, S.A.U",Madrid,Leganés,433994.65,4462846.04,ST LEGANES,45,0,Si,45.9,0,0,433994.65,4462846.04
650,R1-001,"i-DE REDES ELÉCTRICAS INTELIGENTES, S.A.U",Madrid,Leganés,433994.65,4462846.04,ST LEGANES,45,0,Si,52.04,0,0,433994.65,4462846.04
651,R1-001,"i-DE REDES ELÉCTRICAS INTELIGENTES, S.A.U",Madrid,Leganés,433994.65,4462846.04,ST LEGANES,15,2.4,No,31.65,0,0,433994.65,4462846.04
652,R1-001,"i-DE REDES ELÉCTRICAS INTELIGENTES, S.A.U",Madrid,Leganés,433994.65,4462846.04,ST LEGANES,15,2.39,Si,24.21,0,0,433994.65,4462846.04
653,R1-001,"i-DE REDES ELÉCTRICAS INTELIGENTES, S.A.U",Madrid,Móstoles,424981.4,4465970.47,ST LUCERO,15,0,No,57.21,0,0,424981.4,4465970.47
654,R1-001,"i-DE REDES ELÉCTRICAS INTELIGENTES, S.A.U",Madrid,Majadahonda,425052.12,4477945.09,ST MAJADAHONDA,132,0,No,22.56,0,0,425052.12,4477945.09
655,R1-001,"i-DE REDES ELÉCTRICAS INTELIGENTES, S.A.U",Madrid,Majadahonda,425052.12,4477945.09,ST MAJADAHONDA,20,0,No,29.12,0,0,425052.12,4477945.09
656,R1-001,"i-DE REDES ELÉCTRICAS INTELIGENTES, S.A.U",Madrid,Majadahonda,425052.12,4477945.09,ST MAJADAHONDA,20,0,No,32.48,0,0,425052.12,4477945.09
657,R1-001,"i-DE REDES ELÉCTRICAS INTELIGENTES, S.A.U",Madrid,Majadahonda,425052.12,4477945.09,ST MAJADAHONDA,20,0,No,33.09,0,0,425052.12,4477945.09
658,R1-001,"i-DE REDES ELÉCTRICAS INTELIGENTES, S.A.U",Madrid,Móstoles,424981.4,4465970.47,ST LUCERO,45,0,Si,0.55,0,0,424981.4,4465970.47
659,R1-001,"i-DE REDES ELÉCTRICAS INTELIGENTES, S.A.U",Madrid,Móstoles,424981.4,4465970.47,ST LUCERO,45,0,Si,152.21,0,0,424981.4,4465970.47
660,R1-001,"i-DE REDES ELÉCTRICAS INTELIGENTES, S.A.U",Madrid,Móstoles,424981.4,4465970.47,ST LUCERO,15,0,Si,39.08,0,0,424981.4,4465970.47
661,R1-001,"i-DE REDES ELÉCTRICAS INTELIGENTES, S.A.U",Madrid,Meco,473418.12,4487818.09,ST MECO,45,0,No,0.2,0,0,473418.12,4487818.09
662,R1-001,"i-DE REDES ELÉCTRICAS INTELIGENTES, S.A.U",Madrid,Meco,473418.12,4487818.09,ST MECO,132,0,No,184.6,0,0,473418.12,4487818.09
663,R1-001,"i-DE REDES ELÉCTRICAS INTELIGENTES, S.A.U",Madrid,Meco,473418.12,4487818.09,ST MECO,20,0,No,47.29,0,0,473418.12,4487818.09
664,R1-001,"i-DE REDES ELÉCTRICAS INTELIGENTES, S.A.U",Madrid,Meco,473418.12,4487818.09,ST MECO,20,0,No,32.37,0,0,473418.12,4487818.09
665,R1-001,"i-DE REDES ELÉCTRICAS INTELIGENTES, S.A.U",Madrid,Madrid,438894.52,4473248.84,ST MELANCOLICOS PM,20,0,No,61.79,0,0,438894.52,4473248.84
666,R1-001,"i-DE REDES ELÉCTRICAS INTELIGENTES, S.A.U",Madrid,Madrid,438894.52,4473248.84,ST MELANCOLICOS PM,15,18.9,No,23.95,0,0,438894.52,4473248.84
667,R1-001,"i-DE REDES ELÉCTRICAS INTELIGENTES, S.A.U",Madrid,Madrid,438894.52,4473248.84,ST MELANCOLICOS PM,15,25.28,No,16.9,0,0,438894.52,4473248.84
668,R1-001,"i-DE REDES ELÉCTRICAS INTELIGENTES, S.A.U",Madrid,Madrid,438894.52,4473248.84,ST MELANCOLICOS PM,15,20.68,No,16.13,0,0,438894.52,4473248.84
669,R1-001,"i-DE REDES ELÉCTRICAS INTELIGENTES, S.A.U",Madrid,Madrid,438894.52,4473248.84,ST MELANCOLICOS PM,15,23.85,No,2.25,0,0,438894.52,4473248.84
670,R1-001,"i-DE REDES ELÉCTRICAS INTELIGENTES, S.A.U",Madrid,Madrid,438894.52,4473248.84,ST MELANCOLICOS PM,45,0,No,47.21,0,0,438894.52,4473248.84
671,R1-001,"i-DE REDES ELÉCTRICAS INTELIGENTES, S.A.U",Madrid,Madrid,438894.52,4473248.84,ST MELANCOLICOS PM,132,0,No,0,0,0,438894.52,4473248.84
672,R1-001,"i-DE REDES ELÉCTRICAS INTELIGENTES, S.A.U",Madrid,Madrid,439209.77,4482498.37,ST MIRASIERRA PM,20,0,No,38.43,0.98,0,439209.77,4482498.37
673,R1-001,"i-DE REDES ELÉCTRICAS INTELIGENTES, S.A.U",Madrid,Madrid,439209.77,4482498.37,ST MIRASIERRA PM,20,3.48,No,32.87,0,0,439209.77,4482498.37
674,R1-001,"i-DE REDES ELÉCTRICAS INTELIGENTES, S.A.U",Madrid,Madrid,439209.77,4482498.37,ST MIRASIERRA PM,20,0.16,No,27.62,0,0,439209.77,4482498.37
675,R1-001,"i-DE REDES ELÉCTRICAS INTELIGENTES, S.A.U",Madrid,Madrid,439209.77,4482498.37,ST MIRASIERRA PM,20,0.42,No,33,0,0,439209.77,4482498.37
676,R1-001,"i-DE REDES ELÉCTRICAS INTELIGENTES, S.A.U",Madrid,Moraleja de Enmedio,425526.09,4457001.26,ST MORALEJA,45,0,Si,71.15,0,0,425526.09,4457001.26
677,R1-001,"i-DE REDES ELÉCTRICAS INTELIGENTES, S.A.U",Madrid,Moraleja de Enmedio,425526.09,4457001.26,ST MORALEJA,45,0,Si,11.58,0,0,425526.09,4457001.26
678,R1-001,"i-DE REDES ELÉCTRICAS INTELIGENTES, S.A.U",Madrid,Moraleja de Enmedio,425526.09,4457001.26,ST MORALEJA,15,0,No,18.1,0,0,425526.09,4457001.26
679,R1-001,"i-DE REDES ELÉCTRICAS INTELIGENTES, S.A.U",Madrid,Morata de Tajuña,462321.43,4456335.19,ST MORATA,66,0,No,141.15,0,0,462321.43,4456335.19
680,R1-001,"i-DE REDES ELÉCTRICAS INTELIGENTES, S.A.U",Madrid,Madrid,439924.77,4478089.98,ST OLITE,132,0,No,0.29,0,0,439924.77,4478089.98
681,R1-001,"i-DE REDES ELÉCTRICAS INTELIGENTES, S.A.U",Madrid,Madrid,439924.77,4478089.98,ST OLITE,15,0,No,17.68,0,0,439924.77,4478089.98
682,R1-001,"i-DE REDES ELÉCTRICAS INTELIGENTES, S.A.U",Madrid,Madrid,439924.77,4478089.98,ST OLITE,15,0,No,21.87,0,0,439924.77,4478089.98
683,R1-001,"i-DE REDES ELÉCTRICAS INTELIGENTES, S.A.U",Madrid,Madrid,439924.77,4478089.98,ST OLITE,15,0,No,13.38,0,0,439924.77,4478089.98
684,R1-001,"i-DE REDES ELÉCTRICAS INTELIGENTES, S.A.U",Madrid,Madrid,440568.2,4475813.6,ST PALAFOX,15,14.83,No,27.06,0,0,440568.2,4475813.6
685,R1-001,"i-DE REDES ELÉCTRICAS INTELIGENTES, S.A.U",Madrid,Madrid,440568.2,4475813.6,ST PALAFOX,15,3.52,No,32.58,0,0,440568.2,4475813.6
686,R1-001,"i-DE REDES ELÉCTRICAS INTELIGENTES, S.A.U",Madrid,Madrid,440568.2,4475813.6,ST PALAFOX,15,21,No,19.4,0,0,440568.2,4475813.6
687,R1-001,"i-DE REDES ELÉCTRICAS INTELIGENTES, S.A.U",Madrid,Parla,434907.33,4452729.77,ST PARLA,15,0,Si,47.12,2.3,0,434907.33,4452729.77
688,R1-001,"i-DE REDES ELÉCTRICAS INTELIGENTES, S.A.U",Madrid,Parla,434907.33,4452729.77,ST PARLA,15,0,Si,39.61,0,0,434907.33,4452729.77
689,R1-001,"i-DE REDES ELÉCTRICAS INTELIGENTES, S.A.U",Madrid,Madrid,440357.59,4466870.49,ST PARQUE INGENIEROS,15,0,No,89.74,0,0,440357.59,4466870.49
690,R1-001,"i-DE REDES ELÉCTRICAS INTELIGENTES, S.A.U",Madrid,Madrid,440357.59,4466870.49,ST PARQUE INGENIEROS,15,0,No,41.81,0,0,440357.59,4466870.49
691,R1-001,"i-DE REDES ELÉCTRICAS INTELIGENTES, S.A.U",Madrid,Pinto,437066.81,4456162.54,ST PINTO,45,0,Si,15.55,0,0,437066.81,4456162.54
692,R1-001,"i-DE REDES ELÉCTRICAS INTELIGENTES, S.A.U",Madrid,Pinto,437066.81,4456162.54,ST PINTO,45,0,Si,78.91,0,0,437066.81,4456162.54
693,R1-001,"i-DE REDES ELÉCTRICAS INTELIGENTES, S.A.U",Madrid,Pinto,437066.81,4456162.54,ST PINTO,15,0,Si,42.15,0,0,437066.81,4456162.54
694,R1-001,"i-DE REDES ELÉCTRICAS INTELIGENTES, S.A.U",Madrid,Madrid,439268.17,4475105.28,ST PLAZA ESPANA,132,0,No,0,0,0,439268.17,4475105.28
695,R1-001,"i-DE REDES ELÉCTRICAS INTELIGENTES, S.A.U",Madrid,Madrid,439268.17,4475105.28,ST PLAZA ESPANA,15,0,No,0,0,0,439268.17,4475105.28
696,R1-001,"i-DE REDES ELÉCTRICAS INTELIGENTES, S.A.U",Madrid,Madrid,439268.17,4475105.28,ST PLAZA ESPANA,15,0,No,0,0,0,439268.17,4475105.28
697,R1-001,"i-DE REDES ELÉCTRICAS INTELIGENTES, S.A.U",Madrid,Madrid,435273.92,4470128.75,ST POLIGONO C,45,0,No,79.48,0,0,435273.92,4470128.75
698,R1-001,"i-DE REDES ELÉCTRICAS INTELIGENTES, S.A.U",Madrid,Madrid,435273.92,4470128.75,ST POLIGONO C,45,0,No,39.35,0,0,435273.92,4470128.75
699,R1-001,"i-DE REDES ELÉCTRICAS INTELIGENTES, S.A.U",Madrid,Madrid,435273.92,4470128.75,ST POLIGONO C,15,0,No,45.26,0,0,435273.92,4470128.75
700,R1-001,"i-DE REDES ELÉCTRICAS INTELIGENTES, S.A.U",Madrid,Madrid,435273.92,4470128.75,ST POLIGONO C,15,0,No,39.08,0,0,435273.92,4470128.75
701,R1-001,"i-DE REDES ELÉCTRICAS INTELIGENTES, S.A.U",Madrid,Pozuelo de Alarcón,430122.41,4473724.52,ST POZUELO,132,0,No,50.47,0,0,430122.41,4473724.52
702,R1-001,"i-DE REDES ELÉCTRICAS INTELIGENTES, S.A.U",Madrid,Pozuelo de Alarcón,430122.41,4473724.52,ST POZUELO,20,0,No,28.4,0,0,430122.41,4473724.52
703,R1-001,"i-DE REDES ELÉCTRICAS INTELIGENTES, S.A.U",Madrid,Pozuelo de Alarcón,430122.41,4473724.52,ST POZUELO,20,0,No,25.92,0,0,430122.41,4473724.52
704,R1-001,"i-DE REDES ELÉCTRICAS INTELIGENTES, S.A.U",Madrid,Pozuelo de Alarcón,430122.41,4473724.52,ST POZUELO,20,0,No,31.84,0,0,430122.41,4473724.52
705,R1-001,"i-DE REDES ELÉCTRICAS INTELIGENTES, S.A.U",Madrid,Alcorcón,428753.07,4464243.07,ST PRADO SANTO DOMIN,15,0,No,39.2,0,0,428753.07,4464243.07
706,R1-001,"i-DE REDES ELÉCTRICAS INTELIGENTES, S.A.U",Madrid,Alcorcón,428753.07,4464243.07,ST PRADO SANTO DOMIN,15,0,No,40.98,0,0,428753.07,4464243.07
707,R1-001,"i-DE REDES ELÉCTRICAS INTELIGENTES, S.A.U",Madrid,Alcorcón,428753.07,4464243.07,ST PRADO SANTO DOMIN,45,0,No,82.14,0,0,428753.07,4464243.07
708,R1-001,"i-DE REDES ELÉCTRICAS INTELIGENTES, S.A.U",Madrid,Madrid,438590.17,4465177.29,ST RETAMAR,15,5.42,No,1.94,0,0,438590.17,4465177.29
709,R1-001,"i-DE REDES ELÉCTRICAS INTELIGENTES, S.A.U",Madrid,Madrid,438590.17,4465177.29,ST RETAMAR,45,0,Si,45.19,0,0,438590.17,4465177.29
710,R1-001,"i-DE REDES ELÉCTRICAS INTELIGENTES, S.A.U",Madrid,Madrid,438590.17,4465177.29,ST RETAMAR,45,0,Si,70.2,0,0,438590.17,4465177.29
711,R1-001,"i-DE REDES ELÉCTRICAS INTELIGENTES, S.A.U",Madrid,Madrid,438590.17,4465177.29,ST RETAMAR,45,0,Si,85.11,0,0,438590.17,4465177.29
712,R1-001,"i-DE REDES ELÉCTRICAS INTELIGENTES, S.A.U",Madrid,Madrid,438590.17,4465177.29,ST RETAMAR,15,0.15,No,98.9,0,0,438590.17,4465177.29
713,R1-001,"i-DE REDES ELÉCTRICAS INTELIGENTES, S.A.U",Madrid,Madrid,438590.17,4465177.29,ST RETAMAR,15,4.33,No,70.81,0,0,438590.17,4465177.29
714,R1-001,"i-DE REDES ELÉCTRICAS INTELIGENTES, S.A.U",Madrid,Madrid,441026.55,4479149.59,ST SAN FELIPE,132,0,No,0,0,0,441026.55,4479149.59
715,R1-001,"i-DE REDES ELÉCTRICAS INTELIGENTES, S.A.U",Madrid,Madrid,441026.55,4479149.59,ST SAN FELIPE,15,0,No,28.62,0,0,441026.55,4479149.59
716,R1-001,"i-DE REDES ELÉCTRICAS INTELIGENTES, S.A.U",Madrid,Madrid,441026.55,4479149.59,ST SAN FELIPE,15,0,No,26.63,0,0,441026.55,4479149.59
717,R1-001,"i-DE REDES ELÉCTRICAS INTELIGENTES, S.A.U",Madrid,Madrid,441026.55,4479149.59,ST SAN FELIPE,15,0,No,21.8,0,0,441026.55,4479149.59
718,R1-001,"i-DE REDES ELÉCTRICAS INTELIGENTES, S.A.U",Madrid,Madrid,444018.3,4482416.94,ST SANCHINARRO,20,1.27,No,57.01,0,0,444018.3,4482416.94
719,R1-001,"i-DE REDES ELÉCTRICAS INTELIGENTES, S.A.U",Madrid,Madrid,444018.3,4482416.94,ST SANCHINARRO,20,0,No,72.66,0,0,444018.3,4482416.94
720,R1-001,"i-DE REDES ELÉCTRICAS INTELIGENTES, S.A.U",Madrid,Madrid,444018.3,4482416.94,ST SANCHINARRO,20,0.33,No,0.32,0,0,444018.3,4482416.94
721,R1-001,"i-DE REDES ELÉCTRICAS INTELIGENTES, S.A.U",Madrid,Madrid,444018.3,4482416.94,ST SANCHINARRO,20,20.71,No,7.6,0,0,444018.3,4482416.94
722,R1-001,"i-DE REDES ELÉCTRICAS INTELIGENTES, S.A.U",Madrid,Alcalá de Henares,466670.32,4482477.82,ST TALES MILETO,20,0,No,73.49,0,0,466670.32,4482477.82
723,R1-001,"i-DE REDES ELÉCTRICAS INTELIGENTES, S.A.U",Madrid,Alcalá de Henares,466670.32,4482477.82,ST TALES MILETO,20,0,No,28.01,0,0,466670.32,4482477.82
724,R1-001,"i-DE REDES ELÉCTRICAS INTELIGENTES, S.A.U",Madrid,Alcalá de Henares,466670.32,4482477.82,ST TALES MILETO,132,0,No,15.14,0,0,466670.32,4482477.82
725,R1-001,"i-DE REDES ELÉCTRICAS INTELIGENTES, S.A.U",Madrid,San Martín de Valdeiglesias,377292.4,4467180.63,ST TOROS DE GUISANDO,15,0,No,6.01,0,0,377292.4,4467180.63
726,R1-001,"i-DE REDES ELÉCTRICAS INTELIGENTES, S.A.U",Madrid,San Martín de Valdeiglesias,377292.4,4467180.63,ST TOROS DE GUISANDO,15,0,No,13.11,0,0,377292.4,4467180.63
727,R1-001,"i-DE REDES ELÉCTRICAS INTELIGENTES, S.A.U",Madrid,San Martín de Valdeiglesias,377292.4,4467180.63,ST TOROS DE GUISANDO,132,0,No,0.5,0,0,377292.4,4467180.63
728,R1-001,"i-DE REDES ELÉCTRICAS INTELIGENTES, S.A.U",Madrid,San Martín de Valdeiglesias,377292.4,4467180.63,ST TOROS DE GUISANDO,45,0,No,1.67,0,0,377292.4,4467180.63
729,R1-001,"i-DE REDES ELÉCTRICAS INTELIGENTES, S.A.U",Madrid,Torrejón de Ardoz,463554.42,4481068.09,ST TOROTE,132,0,No,0,0,0,463554.42,4481068.09
730,R1-001,"i-DE REDES ELÉCTRICAS INTELIGENTES, S.A.U",Madrid,Torrejón de Ardoz,463554.42,4481068.09,ST TOROTE,20,0,No,102.3,0,0,463554.42,4481068.09
731,R1-001,"i-DE REDES ELÉCTRICAS INTELIGENTES, S.A.U",Madrid,Torrejón de Ardoz,463554.42,4481068.09,ST TOROTE,20,0,No,42.59,0,0,463554.42,4481068.09
732,R1-001,"i-DE REDES ELÉCTRICAS INTELIGENTES, S.A.U",Madrid,Torrejón de Ardoz,463554.42,4481068.09,ST TOROTE,20,0,No,38.01,0,0,463554.42,4481068.09
733,R1-001,"i-DE REDES ELÉCTRICAS INTELIGENTES, S.A.U",Madrid,Tres Cantos,440328.14,4496480.26,ST TRES CANTOS,20,0,No,79.77,0,0,440328.14,4496480.26
734,R1-001,"i-DE REDES ELÉCTRICAS INTELIGENTES, S.A.U",Madrid,Tres Cantos,440328.14,4496480.26,ST TRES CANTOS,20,0,No,91.27,0,0,440328.14,4496480.26
735,R1-001,"i-DE REDES ELÉCTRICAS INTELIGENTES, S.A.U",Madrid,Tres Cantos,440328.14,4496480.26,ST TRES CANTOS,20,0,No,49.16,0,0,440328.14,4496480.26
736,R1-001,"i-DE REDES ELÉCTRICAS INTELIGENTES, S.A.U",Madrid,Tres Cantos,440328.14,4496480.26,ST TRES CANTOS,20,0,No,61.35,0,0,440328.14,4496480.26
737,R1-001,"i-DE REDES ELÉCTRICAS INTELIGENTES, S.A.U",Madrid,Tres Cantos,440328.14,4496480.26,ST TRES CANTOS,66,0,No,124.58,0,0,440328.14,4496480.26
738,R1-001,"i-DE REDES ELÉCTRICAS INTELIGENTES, S.A.U",Madrid,Tres Cantos,440328.14,4496480.26,ST TRES CANTOS,66,0,No,66.38,0,0,440328.14,4496480.26
739,R1-001,"i-DE REDES ELÉCTRICAS INTELIGENTES, S.A.U",Madrid,Majadahonda,424214.19,4482283.58,ST VALLE DEL ARCIPRESTE,20,0,No,28.81,0,0,424214.19,4482283.58
740,R1-001,"i-DE REDES ELÉCTRICAS INTELIGENTES, S.A.U",Madrid,Majadahonda,424214.19,4482283.58,ST VALLE DEL ARCIPRESTE,20,0,No,84.87,0,0,424214.19,4482283.58
741,R1-001,"i-DE REDES ELÉCTRICAS INTELIGENTES, S.A.U",Madrid,Villanueva del Pardillo,417458.92,4484009.89,ST VANUEVA PARDILLO,20,0,Si,77.6,0,0,417458.92,4484009.89
742,R1-001,"i-DE REDES ELÉCTRICAS INTELIGENTES, S.A.U",Madrid,Villanueva del Pardillo,417458.92,4484009.89,ST VANUEVA PARDILLO,20,0,No,58.05,0,0,417458.92,4484009.89
743,R1-001,"i-DE REDES ELÉCTRICAS INTELIGENTES, S.A.U",Madrid,Villanueva del Pardillo,417458.92,4484009.89,ST VANUEVA PARDILLO,132,0,No,0,0,0,417458.92,4484009.89
744,R1-001,"i-DE REDES ELÉCTRICAS INTELIGENTES, S.A.U",Madrid,Madrid,435424.98,4472523.61,ST VENTAS BATAN,20,0,No,56.81,0,0,435424.98,4472523.61
745,R1-001,"i-DE REDES ELÉCTRICAS INTELIGENTES, S.A.U",Madrid,Madrid,435424.98,4472523.61,ST VENTAS BATAN,20,0,No,85.56,0,0,435424.98,4472523.61
746,R1-001,"i-DE REDES ELÉCTRICAS INTELIGENTES, S.A.U",Madrid,Madrid,435424.98,4472523.61,ST VENTAS BATAN,15,18.07,No,23.14,0,0,435424.98,4472523.61
747,R1-001,"i-DE REDES ELÉCTRICAS INTELIGENTES, S.A.U",Madrid,Madrid,435424.98,4472523.61,ST VENTAS BATAN,15,20.55,No,18.15,0,0,435424.98,4472523.61
748,R1-001,"i-DE REDES ELÉCTRICAS INTELIGENTES, S.A.U",Madrid,Madrid,443208.9,4466116.48,ST VILLAVERDE PM,132,0,No,76.2,0,1,443208.9,4466116.48
749,R1-001,"i-DE REDES ELÉCTRICAS INTELIGENTES, S.A.U",Madrid,Madrid,443208.9,4466116.48,ST VILLAVERDE PM,45,0,No,33.91,0,0,443208.9,4466116.48
750,R1-001,"i-DE REDES ELÉCTRICAS INTELIGENTES, S.A.U",Madrid,Villaviciosa de Odón,423277.95,4466937.82,ST VILLAVICIOSA DE O,15,0,No,18.04,0,0,423277.95,4466937.82
751,R1-001,"i-DE REDES ELÉCTRICAS INTELIGENTES, S.A.U",Madrid,Villaviciosa de Odón,423277.95,4466937.82,ST VILLAVICIOSA DE O,15,0,No,55.86,0,0,423277.95,4466937.82
752,R1-001,"i-DE REDES ELÉCTRICAS INTELIGENTES, S.A.U",Madrid,Aldea del Fresno,397644.03,4464562.9,STR ALDEA FRESNO,45,0,No,3.76,0,0,397644.03,4464562.9
753,R1-001,"i-DE REDES ELÉCTRICAS INTELIGENTES, S.A.U",Madrid,Aldea del Fresno,397644.03,4464562.9,STR ALDEA FRESNO,15,0,No,5.65,0,0,397644.03,4464562.9
754,R1-001,"i-DE REDES ELÉCTRICAS INTELIGENTES, S.A.U",Madrid,Aldea del Fresno,397644.03,4464562.9,STR ALDEA FRESNO,45,0,No,0,0,0,397644.03,4464562.9
755,R1-001,"i-DE REDES ELÉCTRICAS INTELIGENTES, S.A.U",Madrid,Aldea del Fresno,397644.03,4464562.9,STR ALDEA FRESNO,15,0,No,3.83,0,0,397644.03,4464562.9
756,R1-001,"i-DE REDES ELÉCTRICAS INTELIGENTES, S.A.U",Madrid,Móstoles,425561.76,4462164.14,STR ARROYOMOLINOS,45,0,Si,0,0,0,425561.76,4462164.14
757,R1-001,"i-DE REDES ELÉCTRICAS INTELIGENTES, S.A.U",Madrid,Móstoles,425561.76,4462164.14,STR ARROYOMOLINOS,15,0,No,5.11,0,0,425561.76,4462164.14
758,R1-001,"i-DE REDES ELÉCTRICAS INTELIGENTES, S.A.U",Madrid,Móstoles,425561.76,4462164.14,STR ARROYOMOLINOS,15,0,No,5.02,0,0,425561.76,4462164.14
759,R1-001,"i-DE REDES ELÉCTRICAS INTELIGENTES, S.A.U",Madrid,Tres Cantos,441197.57,4496029.9,STR BBVA TRES CANTOS,66,0,No,0,0,0,441197.57,4496029.9
760,R1-001,"i-DE REDES ELÉCTRICAS INTELIGENTES, S.A.U",Madrid,Valdemoro,441038.69,4449774.12,STR BREZOS,15,0,No,15.83,0,0,441038.69,4449774.12
761,R1-001,"i-DE REDES ELÉCTRICAS INTELIGENTES, S.A.U",Madrid,Valdemoro,441038.69,4449774.12,STR BREZOS,15,0,No,12.16,0,0,441038.69,4449774.12
762,R1-001,"i-DE REDES ELÉCTRICAS INTELIGENTES, S.A.U",Madrid,Móstoles,425561.76,4462164.14,STR ARROYOMOLINOS,45,0,Si,9.74,0,0,425561.76,4462164.14
763,R1-001,"i-DE REDES ELÉCTRICAS INTELIGENTES, S.A.U",Madrid,Valdemoro,441038.69,4449774.12,STR BREZOS,45,0,Si,2.43,0,0,441038.69,4449774.12
764,R1-001,"i-DE REDES ELÉCTRICAS INTELIGENTES, S.A.U",Madrid,Valdemoro,441038.69,4449774.12,STR BREZOS,45,0,Si,0.6,0,0,441038.69,4449774.12
765,R1-001,"i-DE REDES ELÉCTRICAS INTELIGENTES, S.A.U",Madrid,Madrid,436639.49,4470529.62,STR BUENOS AIR PM,45,0,No,9.64,0,0,436639.49,4470529.62
766,R1-001,"i-DE REDES ELÉCTRICAS INTELIGENTES, S.A.U",Madrid,Madrid,436639.49,4470529.62,STR BUENOS AIR PM,15,0,Si,12.68,0,0,436639.49,4470529.62
767,R1-001,"i-DE REDES ELÉCTRICAS INTELIGENTES, S.A.U",Madrid,Madrid,436639.49,4470529.62,STR BUENOS AIR PM,15,0,Si,7.04,0,0,436639.49,4470529.62
768,R1-001,"i-DE REDES ELÉCTRICAS INTELIGENTES, S.A.U",Madrid,Madrid,436639.49,4470529.62,STR BUENOS AIR PM,45,0,Si,3.74,0,0,436639.49,4470529.62
769,R1-001,"i-DE REDES ELÉCTRICAS INTELIGENTES, S.A.U",Madrid,Cabanillas de la Sierra,447001.6,4518997.98,STR CABANILLAS,66,0,No,0,0,0,447001.6,4518997.98
770,R1-001,"i-DE REDES ELÉCTRICAS INTELIGENTES, S.A.U",Madrid,Cabanillas de la Sierra,447001.6,4518997.98,STR CABANILLAS,20,0,No,12.3,0,0,447001.6,4518997.98
771,R1-001,"i-DE REDES ELÉCTRICAS INTELIGENTES, S.A.U",Madrid,Cabanillas de la Sierra,447001.6,4518997.98,STR CABANILLAS,20,0,No,7.66,0,0,447001.6,4518997.98
772,R1-001,"i-DE REDES ELÉCTRICAS INTELIGENTES, S.A.U",Madrid,Cercedilla,411959.54,4509790.72,STR CERCEDILLA,20,0,No,6.89,0,0,411959.54,4509790.72
773,R1-001,"i-DE REDES ELÉCTRICAS INTELIGENTES, S.A.U",Madrid,Cercedilla,411959.54,4509790.72,STR CERCEDILLA,20,0,No,6.08,0,0,411959.54,4509790.72
774,R1-001,"i-DE REDES ELÉCTRICAS INTELIGENTES, S.A.U",Madrid,Cercedilla,411959.54,4509790.72,STR CERCEDILLA,66,0,No,0,0,0,411959.54,4509790.72
775,R1-001,"i-DE REDES ELÉCTRICAS INTELIGENTES, S.A.U",Madrid,Cercedilla,411959.54,4509790.72,STR CERCEDILLA,66,0,No,0,0,0,411959.54,4509790.72
776,R1-001,"i-DE REDES ELÉCTRICAS INTELIGENTES, S.A.U",Madrid,Getafe,441111.88,4461739.98,STR CERRO ANGELES,45,0,Si,0.98,0,0,441111.88,4461739.98
777,R1-001,"i-DE REDES ELÉCTRICAS INTELIGENTES, S.A.U",Madrid,Getafe,441111.88,4461739.98,STR CERRO ANGELES,15,0,Si,7.91,0,0,441111.88,4461739.98
778,R1-001,"i-DE REDES ELÉCTRICAS INTELIGENTES, S.A.U",Madrid,Getafe,436416.96,4461940.71,STR CERRO BUENAVISTA,15,0,No,0,0,0,436416.96,4461940.71
779,R1-001,"i-DE REDES ELÉCTRICAS INTELIGENTES, S.A.U",Madrid,Getafe,436416.96,4461940.71,STR CERRO BUENAVISTA,15,0,No,0,0,0,436416.96,4461940.71
780,R1-001,"i-DE REDES ELÉCTRICAS INTELIGENTES, S.A.U",Madrid,Getafe,436814.15,4462570.44,STR CNO.ESTUDIANTES,45,0,Si,4.98,0,0,436814.15,4462570.44
781,R1-001,"i-DE REDES ELÉCTRICAS INTELIGENTES, S.A.U",Madrid,Madrid,440367.43,4472786.28,STR EMBAJADORES,15,0,No,9.14,0,0,440367.43,4472786.28
782,R1-001,"i-DE REDES ELÉCTRICAS INTELIGENTES, S.A.U",Madrid,Valdemoro,439949.2,4448089.18,STR ERAS DE VALDEMORO,15,0,No,6.6,22.43,0,439949.2,4448089.18
783,R1-001,"i-DE REDES ELÉCTRICAS INTELIGENTES, S.A.U",Madrid,Valdemoro,439949.2,4448089.18,STR ERAS DE VALDEMORO,15,0,No,0,0,0,439949.2,4448089.18
784,R1-001,"i-DE REDES ELÉCTRICAS INTELIGENTES, S.A.U",Madrid,"Escorial, El",405592.22,4495590.22,STR ESCORIAL,66,0,No,0,0,0,405592.22,4495590.22
785,R1-001,"i-DE REDES ELÉCTRICAS INTELIGENTES, S.A.U",Madrid,Getafe,436814.15,4462570.44,STR CNO.ESTUDIANTES,15,0,Si,4.84,0,0,436814.15,4462570.44
786,R1-001,"i-DE REDES ELÉCTRICAS INTELIGENTES, S.A.U",Madrid,Getafe,436814.15,4462570.44,STR CNO.ESTUDIANTES,45,0,Si,0,0,0,436814.15,4462570.44
787,R1-001,"i-DE REDES ELÉCTRICAS INTELIGENTES, S.A.U",Madrid,Getafe,436814.15,4462570.44,STR CNO.ESTUDIANTES,15,0,Si,2.04,0,0,436814.15,4462570.44
788,R1-001,"i-DE REDES ELÉCTRICAS INTELIGENTES, S.A.U",Madrid,Colmenar Viejo,435983.82,4502241.52,STR COLMENAR VIEJO,66,0,No,0,0,0,435983.82,4502241.52
789,R1-001,"i-DE REDES ELÉCTRICAS INTELIGENTES, S.A.U",Madrid,Colmenar Viejo,435983.82,4502241.52,STR COLMENAR VIEJO,66,0,No,0,0,0,435983.82,4502241.52
790,R1-001,"i-DE REDES ELÉCTRICAS INTELIGENTES, S.A.U",Madrid,Colmenar Viejo,435983.82,4502241.52,STR COLMENAR VIEJO,20,0,No,22.23,0,0,435983.82,4502241.52
791,R1-001,"i-DE REDES ELÉCTRICAS INTELIGENTES, S.A.U",Madrid,Colmenar Viejo,435983.82,4502241.52,STR COLMENAR VIEJO,20,0,No,26.68,0,0,435983.82,4502241.52
792,R1-001,"i-DE REDES ELÉCTRICAS INTELIGENTES, S.A.U",Madrid,Colmenar Viejo,435983.82,4502241.52,STR COLMENAR VIEJO,20,0,No,40.43,0,0,435983.82,4502241.52
793,R1-001,"i-DE REDES ELÉCTRICAS INTELIGENTES, S.A.U",Madrid,Batres,419361.71,4455309.01,STR COTORREDONDO,45,0,Si,0,0,0,419361.71,4455309.01
794,R1-001,"i-DE REDES ELÉCTRICAS INTELIGENTES, S.A.U",Madrid,Batres,419361.71,4455309.01,STR COTORREDONDO,15,0,Si,6.36,0,0,419361.71,4455309.01
795,R1-001,"i-DE REDES ELÉCTRICAS INTELIGENTES, S.A.U",Madrid,Leganés,438517.27,4466276.5,STR CTRA.TOLEDO,45,0,Si,5.13,0,0,438517.27,4466276.5
796,R1-001,"i-DE REDES ELÉCTRICAS INTELIGENTES, S.A.U",Madrid,Leganés,438517.27,4466276.5,STR CTRA.TOLEDO,15,0,No,5.16,0,0,438517.27,4466276.5
797,R1-001,"i-DE REDES ELÉCTRICAS INTELIGENTES, S.A.U",Madrid,Leganés,438517.27,4466276.5,STR CTRA.TOLEDO,45,0,Si,13.79,0,0,438517.27,4466276.5
798,R1-001,"i-DE REDES ELÉCTRICAS INTELIGENTES, S.A.U",Madrid,Leganés,438517.27,4466276.5,STR CTRA.TOLEDO,15,0,No,2.9,0,0,438517.27,4466276.5
799,R1-001,"i-DE REDES ELÉCTRICAS INTELIGENTES, S.A.U",Madrid,Leganés,437224.95,4465767.34,STR EL CARRASCAL,45,0,Si,5.98,0,0,437224.95,4465767.34
800,R1-001,"i-DE REDES ELÉCTRICAS INTELIGENTES, S.A.U",Madrid,Leganés,437224.95,4465767.34,STR EL CARRASCAL,15,0,No,5.54,0,0,437224.95,4465767.34
801,R1-001,"i-DE REDES ELÉCTRICAS INTELIGENTES, S.A.U",Madrid,Leganés,437224.95,4465767.34,STR EL CARRASCAL,45,0,Si,0,0,0,437224.95,4465767.34
802,R1-001,"i-DE REDES ELÉCTRICAS INTELIGENTES, S.A.U",Madrid,Leganés,437224.95,4465767.34,STR EL CARRASCAL,15,0,No,5.6,0,0,437224.95,4465767.34
803,R1-001,"i-DE REDES ELÉCTRICAS INTELIGENTES, S.A.U",Madrid,Getafe,440170.74,4458447.06,STR EL JUNCAL,45,0,No,1.6,0,0,440170.74,4458447.06
804,R1-001,"i-DE REDES ELÉCTRICAS INTELIGENTES, S.A.U",Madrid,Getafe,440170.74,4458447.06,STR EL JUNCAL,15,0,No,13.57,0,0,440170.74,4458447.06
805,R1-001,"i-DE REDES ELÉCTRICAS INTELIGENTES, S.A.U",Madrid,Getafe,440170.74,4458447.06,STR EL JUNCAL,15,0,No,6.66,0,0,440170.74,4458447.06
806,R1-001,"i-DE REDES ELÉCTRICAS INTELIGENTES, S.A.U",Madrid,Madrid,440367.43,4472786.28,STR EMBAJADORES,15,0,No,7.83,0,0,440367.43,4472786.28
807,R1-001,"i-DE REDES ELÉCTRICAS INTELIGENTES, S.A.U",Madrid,Madrid,440367.43,4472786.28,STR EMBAJADORES,45,0,No,0,0,0,440367.43,4472786.28
808,R1-001,"i-DE REDES ELÉCTRICAS INTELIGENTES, S.A.U",Madrid,Getafe,440170.74,4458447.06,STR EL JUNCAL,45,0,Si,1,0,0,440170.74,4458447.06
809,R1-001,"i-DE REDES ELÉCTRICAS INTELIGENTES, S.A.U",Madrid,Fuenlabrada,428584.34,4460355.26,STR EL MAZO,45,0,Si,0,0,0,428584.34,4460355.26
810,R1-001,"i-DE REDES ELÉCTRICAS INTELIGENTES, S.A.U",Madrid,Fuenlabrada,428584.34,4460355.26,STR EL MAZO,15,0,Si,3.35,0,0,428584.34,4460355.26
811,R1-001,"i-DE REDES ELÉCTRICAS INTELIGENTES, S.A.U",Madrid,Fuenlabrada,428584.34,4460355.26,STR EL MAZO,45,0,Si,0,0,0,428584.34,4460355.26
812,R1-001,"i-DE REDES ELÉCTRICAS INTELIGENTES, S.A.U",Madrid,Fuenlabrada,428584.34,4460355.26,STR EL MAZO,15,0,Si,3.01,0,0,428584.34,4460355.26
813,R1-001,"i-DE REDES ELÉCTRICAS INTELIGENTES, S.A.U",Madrid,Valdemoro,439949.2,4448089.18,STR ERAS DE VALDEMORO,45,0,Si,48.7,0,0,439949.2,4448089.18
814,R1-001,"i-DE REDES ELÉCTRICAS INTELIGENTES, S.A.U",Madrid,Valdemoro,439949.2,4448089.18,STR ERAS DE VALDEMORO,45,0,Si,37.88,0,0,439949.2,4448089.18
815,R1-001,"i-DE REDES ELÉCTRICAS INTELIGENTES, S.A.U",Madrid,"Escorial, El",405592.22,4495590.22,STR ESCORIAL,66,0,No,0,0,0,405592.22,4495590.22
816,R1-001,"i-DE REDES ELÉCTRICAS INTELIGENTES, S.A.U",Madrid,"Escorial, El",405592.22,4495590.22,STR ESCORIAL,20,0,No,13.44,0,0,405592.22,4495590.22
817,R1-001,"i-DE REDES ELÉCTRICAS INTELIGENTES, S.A.U",Madrid,"Escorial, El",405592.22,4495590.22,STR ESCORIAL,20,0,No,10.46,0,0,405592.22,4495590.22
818,R1-001,"i-DE REDES ELÉCTRICAS INTELIGENTES, S.A.U",Madrid,Parla,435198.63,4453914.11,STR FELIPE-2,45,0,Si,0.33,0,0,435198.63,4453914.11
819,R1-001,"i-DE REDES ELÉCTRICAS INTELIGENTES, S.A.U",Madrid,Parla,435198.63,4453914.11,STR FELIPE-2,15,0,Si,6.48,0,0,435198.63,4453914.11
820,R1-001,"i-DE REDES ELÉCTRICAS INTELIGENTES, S.A.U",Madrid,Parla,435198.63,4453914.11,STR FELIPE-2,45,0,Si,19.68,0,0,435198.63,4453914.11
821,R1-001,"i-DE REDES ELÉCTRICAS INTELIGENTES, S.A.U",Madrid,Parla,435198.63,4453914.11,STR FELIPE-2,15,0,No,5.6,0,0,435198.63,4453914.11
822,R1-001,"i-DE REDES ELÉCTRICAS INTELIGENTES, S.A.U",Madrid,Buitrago del Lozoya,446910.55,4539579.88,STR GANDULLAS,66,0,No,0.1,0,0,446910.55,4539579.88
823,R1-001,"i-DE REDES ELÉCTRICAS INTELIGENTES, S.A.U",Madrid,Buitrago del Lozoya,446910.55,4539579.88,STR GANDULLAS,20,0,No,6.27,0,0,446910.55,4539579.88
824,R1-001,"i-DE REDES ELÉCTRICAS INTELIGENTES, S.A.U",Madrid,Buitrago del Lozoya,446910.55,4539579.88,STR GANDULLAS,20,0,No,3.12,0,0,446910.55,4539579.88
825,R1-001,"i-DE REDES ELÉCTRICAS INTELIGENTES, S.A.U",Madrid,Griñón,426947.3,4450860.09,STR GRINON,45,0,Si,2.1,0,0,426947.3,4450860.09
826,R1-001,"i-DE REDES ELÉCTRICAS INTELIGENTES, S.A.U",Madrid,San Martín de Valdeiglesias,383469.43,4465901.86,STR LA BIZCA,15,0,No,4.12,0,0,383469.43,4465901.86
827,R1-001,"i-DE REDES ELÉCTRICAS INTELIGENTES, S.A.U",Madrid,San Agustín del Guadalix,447876.42,4502269.81,STR SAN AGUSTIN,66,0,No,0,0,0,447876.42,4502269.81
828,R1-001,"i-DE REDES ELÉCTRICAS INTELIGENTES, S.A.U",Madrid,San Agustín del Guadalix,447876.42,4502269.81,STR SAN AGUSTIN,66,0,No,0,0,0,447876.42,4502269.81
829,R1-001,"i-DE REDES ELÉCTRICAS INTELIGENTES, S.A.U",Murcia,Blanca,645712.33,4228196.98,ST BLANCA,66,0,No,0,0,0,645712.33,4228196.98
830,R1-001,"i-DE REDES ELÉCTRICAS INTELIGENTES, S.A.U",Madrid,Griñón,426947.3,4450860.09,STR GRINON,15,0,Si,2.78,0,0,426947.3,4450860.09
831,R1-001,"i-DE REDES ELÉCTRICAS INTELIGENTES, S.A.U",Madrid,Griñón,426947.3,4450860.09,STR GRINON,45,0,Si,0,0,0,426947.3,4450860.09
832,R1-001,"i-DE REDES ELÉCTRICAS INTELIGENTES, S.A.U",Madrid,Griñón,426947.3,4450860.09,STR GRINON,15,0,Si,8.06,0,0,426947.3,4450860.09
833,R1-001,"i-DE REDES ELÉCTRICAS INTELIGENTES, S.A.U",Madrid,Humanes de Madrid,428653.06,4454520.31,STR HUMANES,45,0,Si,16.96,0,0,428653.06,4454520.31
834,R1-001,"i-DE REDES ELÉCTRICAS INTELIGENTES, S.A.U",Madrid,Humanes de Madrid,428653.06,4454520.31,STR HUMANES,15,0,Si,8.3,0,0,428653.06,4454520.31
835,R1-001,"i-DE REDES ELÉCTRICAS INTELIGENTES, S.A.U",Madrid,Humanes de Madrid,428653.06,4454520.31,STR HUMANES,45,0,Si,1.15,0,0,428653.06,4454520.31
836,R1-001,"i-DE REDES ELÉCTRICAS INTELIGENTES, S.A.U",Madrid,Humanes de Madrid,428653.06,4454520.31,STR HUMANES,15,0,Si,23.53,0,0,428653.06,4454520.31
837,R1-001,"i-DE REDES ELÉCTRICAS INTELIGENTES, S.A.U",Madrid,Getafe,439355.85,4462689.98,STR JUAN CIERVA,45,0,Si,0,0,0,439355.85,4462689.98
838,R1-001,"i-DE REDES ELÉCTRICAS INTELIGENTES, S.A.U",Madrid,Getafe,439355.85,4462689.98,STR JUAN CIERVA,15,0,Si,8.87,0,0,439355.85,4462689.98
839,R1-001,"i-DE REDES ELÉCTRICAS INTELIGENTES, S.A.U",Madrid,Getafe,439355.85,4462689.98,STR JUAN CIERVA,45,0,Si,0,0,0,439355.85,4462689.98
840,R1-001,"i-DE REDES ELÉCTRICAS INTELIGENTES, S.A.U",Madrid,Getafe,439355.85,4462689.98,STR JUAN CIERVA,15,0,Si,9.4,0,0,439355.85,4462689.98
841,R1-001,"i-DE REDES ELÉCTRICAS INTELIGENTES, S.A.U",Madrid,Getafe,439355.85,4462689.98,STR JUAN CIERVA,15,0,Si,6.75,0,0,439355.85,4462689.98
842,R1-001,"i-DE REDES ELÉCTRICAS INTELIGENTES, S.A.U",Madrid,Móstoles,424676.34,4462561.69,STR LA ANTUSANA,45,0,Si,3.75,0,0,424676.34,4462561.69
843,R1-001,"i-DE REDES ELÉCTRICAS INTELIGENTES, S.A.U",Madrid,Móstoles,424676.34,4462561.69,STR LA ANTUSANA,15,0,Si,6.84,0,0,424676.34,4462561.69
844,R1-001,"i-DE REDES ELÉCTRICAS INTELIGENTES, S.A.U",Madrid,Móstoles,424676.34,4462561.69,STR LA ANTUSANA,45,0,Si,8,0,0,424676.34,4462561.69
845,R1-001,"i-DE REDES ELÉCTRICAS INTELIGENTES, S.A.U",Madrid,Móstoles,424676.34,4462561.69,STR LA ANTUSANA,15,0,Si,4.29,0,0,424676.34,4462561.69
846,R1-001,"i-DE REDES ELÉCTRICAS INTELIGENTES, S.A.U",Madrid,San Martín de Valdeiglesias,383469.43,4465901.86,STR LA BIZCA,45,0,No,1.8,0,0,383469.43,4465901.86
847,R1-001,"i-DE REDES ELÉCTRICAS INTELIGENTES, S.A.U",Madrid,San Martín de Valdeiglesias,383469.43,4465901.86,STR LA BIZCA,15,0,No,6.14,0,0,383469.43,4465901.86
848,R1-001,"i-DE REDES ELÉCTRICAS INTELIGENTES, S.A.U",Madrid,San Martín de Valdeiglesias,383469.43,4465901.86,STR LA BIZCA,45,0,No,0,0,0,383469.43,4465901.86
849,R1-001,"i-DE REDES ELÉCTRICAS INTELIGENTES, S.A.U",Madrid,Alcorcón,428638.42,4467273.31,STR LA PERATA,45,0,Si,3,0,0,428638.42,4467273.31
850,R1-001,"i-DE REDES ELÉCTRICAS INTELIGENTES, S.A.U",Madrid,Alcorcón,428638.42,4467273.31,STR LA PERATA,15,0,Si,11.79,0,0,428638.42,4467273.31
851,R1-001,"i-DE REDES ELÉCTRICAS INTELIGENTES, S.A.U",Madrid,Alcorcón,428638.42,4467273.31,STR LA PERATA,45,0,Si,8.03,0,0,428638.42,4467273.31
852,R1-001,"i-DE REDES ELÉCTRICAS INTELIGENTES, S.A.U",Madrid,Alcorcón,428638.42,4467273.31,STR LA PERATA,15,0,Si,8.81,0,0,428638.42,4467273.31
853,R1-001,"i-DE REDES ELÉCTRICAS INTELIGENTES, S.A.U",Madrid,Alcorcón,428638.42,4467273.31,STR LA PERATA,20,0,No,8.61,0,0,428638.42,4467273.31
854,R1-001,"i-DE REDES ELÉCTRICAS INTELIGENTES, S.A.U",Madrid,Móstoles,428007.39,4463629.51,STR LA REGUERA,15,0,Si,6.86,0,0,428007.39,4463629.51
855,R1-001,"i-DE REDES ELÉCTRICAS INTELIGENTES, S.A.U",Madrid,Móstoles,428007.39,4463629.51,STR LA REGUERA,45,0,Si,0,0,0,428007.39,4463629.51
856,R1-001,"i-DE REDES ELÉCTRICAS INTELIGENTES, S.A.U",Madrid,Móstoles,428007.39,4463629.51,STR LA REGUERA,15,0,Si,5.64,0,0,428007.39,4463629.51
857,R1-001,"i-DE REDES ELÉCTRICAS INTELIGENTES, S.A.U",Madrid,Móstoles,428007.39,4463629.51,STR LA REGUERA,45,0,Si,4.95,0,0,428007.39,4463629.51
858,R1-001,"i-DE REDES ELÉCTRICAS INTELIGENTES, S.A.U",Madrid,Fuenlabrada,432035.72,4461129.21,STR LA SERNA,45,0,Si,0,0,0,432035.72,4461129.21
859,R1-001,"i-DE REDES ELÉCTRICAS INTELIGENTES, S.A.U",Madrid,Fuenlabrada,432035.72,4461129.21,STR LA SERNA,15,0,Si,7.69,0,0,432035.72,4461129.21
860,R1-001,"i-DE REDES ELÉCTRICAS INTELIGENTES, S.A.U",Madrid,Fuenlabrada,432035.72,4461129.21,STR LA SERNA,45,0,Si,0,0,0,432035.72,4461129.21
861,R1-001,"i-DE REDES ELÉCTRICAS INTELIGENTES, S.A.U",Madrid,Fuenlabrada,432035.72,4461129.21,STR LA SERNA,15,0,Si,9.71,0,0,432035.72,4461129.21
862,R1-001,"i-DE REDES ELÉCTRICAS INTELIGENTES, S.A.U",Madrid,Torrejón de la Calzada,431596.02,4449051.13,STR LAS AVENIDAS,45,0,Si,10.37,0,0,431596.02,4449051.13
863,R1-001,"i-DE REDES ELÉCTRICAS INTELIGENTES, S.A.U",Madrid,Torrejón de la Calzada,431596.02,4449051.13,STR LAS AVENIDAS,15,0,No,13.81,0,0,431596.02,4449051.13
864,R1-001,"i-DE REDES ELÉCTRICAS INTELIGENTES, S.A.U",Madrid,Colmenar Viejo,433260.25,4500589.99,4196,20,0,No,2.59,0,0,433260.25,4500589.99
865,R1-001,"i-DE REDES ELÉCTRICAS INTELIGENTES, S.A.U",Madrid,Colmenar Viejo,433260.25,4500589.99,4196,20,0,No,10,0,0,433260.25,4500589.99
866,R1-001,"i-DE REDES ELÉCTRICAS INTELIGENTES, S.A.U",Madrid,Colmenar Viejo,433260.25,4500589.99,4196,66,0,No,0,0,0,433260.25,4500589.99
867,R1-001,"i-DE REDES ELÉCTRICAS INTELIGENTES, S.A.U",Madrid,Colmenar Viejo,433260.25,4500589.99,4196,66,0,No,0,0,0,433260.25,4500589.99
868,R1-001,"i-DE REDES ELÉCTRICAS INTELIGENTES, S.A.U",Madrid,Alcorcón,430645.24,4464906.83,STR LOS ESCOLARES,45,0,No,5,0,0,430645.24,4464906.83
869,R1-001,"i-DE REDES ELÉCTRICAS INTELIGENTES, S.A.U",Madrid,Alcorcón,430645.24,4464906.83,STR LOS ESCOLARES,15,0,No,1.67,0,0,430645.24,4464906.83
870,R1-001,"i-DE REDES ELÉCTRICAS INTELIGENTES, S.A.U",Madrid,Alcorcón,430001.18,4467252.4,STR LISBOA,45,0,Si,0,0,0,430001.18,4467252.4
871,R1-001,"i-DE REDES ELÉCTRICAS INTELIGENTES, S.A.U",Madrid,Alcorcón,430001.18,4467252.4,STR LISBOA,15,0,Si,6.94,0,0,430001.18,4467252.4
872,R1-001,"i-DE REDES ELÉCTRICAS INTELIGENTES, S.A.U",Madrid,Alcorcón,430001.18,4467252.4,STR LISBOA,45,0,Si,0,0,0,430001.18,4467252.4
873,R1-001,"i-DE REDES ELÉCTRICAS INTELIGENTES, S.A.U",Madrid,Alcorcón,430001.18,4467252.4,STR LISBOA,15,0,Si,6.94,0,0,430001.18,4467252.4
874,R1-001,"i-DE REDES ELÉCTRICAS INTELIGENTES, S.A.U",Madrid,Alcorcón,430645.24,4464906.83,STR LOS ESCOLARES,45,0,No,0,0,0,430645.24,4464906.83
875,R1-001,"i-DE REDES ELÉCTRICAS INTELIGENTES, S.A.U",Madrid,Alcorcón,430645.24,4464906.83,STR LOS ESCOLARES,15,0,No,1.73,0,0,430645.24,4464906.83
876,R1-001,"i-DE REDES ELÉCTRICAS INTELIGENTES, S.A.U",Madrid,Parla,433919.99,4452789.43,STR LOS NAVEROS,45,0,Si,18.62,0,0,433919.99,4452789.43
877,R1-001,"i-DE REDES ELÉCTRICAS INTELIGENTES, S.A.U",Madrid,Parla,433919.99,4452789.43,STR LOS NAVEROS,15,0,Si,4.05,0,0,433919.99,4452789.43
878,R1-001,"i-DE REDES ELÉCTRICAS INTELIGENTES, S.A.U",Madrid,Parla,433919.99,4452789.43,STR LOS NAVEROS,45,0,Si,0,0,0,433919.99,4452789.43
879,R1-001,"i-DE REDES ELÉCTRICAS INTELIGENTES, S.A.U",Madrid,Parla,433919.99,4452789.43,STR LOS NAVEROS,15,0,Si,0.79,0,0,433919.99,4452789.43
880,R1-001,"i-DE REDES ELÉCTRICAS INTELIGENTES, S.A.U",Madrid,Miraflores de la Sierra,434669.64,4514142.25,STR MIRAFLORES,66,0,No,1.2,0,0,434669.64,4514142.25
881,R1-001,"i-DE REDES ELÉCTRICAS INTELIGENTES, S.A.U",Madrid,Miraflores de la Sierra,434669.64,4514142.25,STR MIRAFLORES,66,0,No,0,0,0,434669.64,4514142.25
882,R1-001,"i-DE REDES ELÉCTRICAS INTELIGENTES, S.A.U",Madrid,Miraflores de la Sierra,434669.64,4514142.25,STR MIRAFLORES,20,0,No,4.83,0,0,434669.64,4514142.25
883,R1-001,"i-DE REDES ELÉCTRICAS INTELIGENTES, S.A.U",Madrid,Miraflores de la Sierra,434669.64,4514142.25,STR MIRAFLORES,20,0,No,3.35,0,0,434669.64,4514142.25
884,R1-001,"i-DE REDES ELÉCTRICAS INTELIGENTES, S.A.U",Madrid,Moralzarzal,419492.86,4506208.78,STR MORALZARZAL,66,0,No,0,0,0,419492.86,4506208.78
885,R1-001,"i-DE REDES ELÉCTRICAS INTELIGENTES, S.A.U",Madrid,Moralzarzal,419492.86,4506208.78,STR MORALZARZAL,66,0,No,0,0,0,419492.86,4506208.78
886,R1-001,"i-DE REDES ELÉCTRICAS INTELIGENTES, S.A.U",Madrid,Moralzarzal,419492.86,4506208.78,STR MORALZARZAL,20,0,No,26.83,0,0,419492.86,4506208.78
887,R1-001,"i-DE REDES ELÉCTRICAS INTELIGENTES, S.A.U",Madrid,Moralzarzal,419492.86,4506208.78,STR MORALZARZAL,20,0,No,21.54,0,0,419492.86,4506208.78
888,R1-001,"i-DE REDES ELÉCTRICAS INTELIGENTES, S.A.U",Madrid,Móstoles,426389.9,4463462.39,STR MOSTOLES,45,0,Si,8,0,0,426389.9,4463462.39
889,R1-001,"i-DE REDES ELÉCTRICAS INTELIGENTES, S.A.U",Madrid,Móstoles,426389.9,4463462.39,STR MOSTOLES,15,0,No,8.79,0,0,426389.9,4463462.39
890,R1-001,"i-DE REDES ELÉCTRICAS INTELIGENTES, S.A.U",Madrid,San Agustín del Guadalix,447876.42,4502269.81,STR SAN AGUSTIN,20,0,No,72.16,0,0,447876.42,4502269.81
891,R1-001,"i-DE REDES ELÉCTRICAS INTELIGENTES, S.A.U",Madrid,San Agustín del Guadalix,447876.42,4502269.81,STR SAN AGUSTIN,20,0,No,13.16,0,0,447876.42,4502269.81
892,R1-001,"i-DE REDES ELÉCTRICAS INTELIGENTES, S.A.U",Madrid,San Agustín del Guadalix,447876.42,4502269.81,STR SAN AGUSTIN,20,0,No,26.7,0,0,447876.42,4502269.81
893,R1-001,"i-DE REDES ELÉCTRICAS INTELIGENTES, S.A.U",Madrid,Móstoles,426389.9,4463462.39,STR MOSTOLES,45,0,Si,0,0,0,426389.9,4463462.39
894,R1-001,"i-DE REDES ELÉCTRICAS INTELIGENTES, S.A.U",Madrid,Móstoles,426389.9,4463462.39,STR MOSTOLES,15,0,Si,6.86,0,0,426389.9,4463462.39
895,R1-001,"i-DE REDES ELÉCTRICAS INTELIGENTES, S.A.U",Madrid,Navalagamella,405602.83,4479123.44,STR NAVALAGAMELLA,66,0,No,0,0,0,405602.83,4479123.44
896,R1-001,"i-DE REDES ELÉCTRICAS INTELIGENTES, S.A.U",Madrid,Navalagamella,405602.83,4479123.44,STR NAVALAGAMELLA,20,0,No,14.32,0,0,405602.83,4479123.44
897,R1-001,"i-DE REDES ELÉCTRICAS INTELIGENTES, S.A.U",Madrid,Navalcarnero,414310.53,4461873.87,STR NAVALCARNERO,45,0,No,1.96,0,0,414310.53,4461873.87
898,R1-001,"i-DE REDES ELÉCTRICAS INTELIGENTES, S.A.U",Madrid,Navalcarnero,414310.53,4461873.87,STR NAVALCARNERO,15,0,No,3.68,0,0,414310.53,4461873.87
899,R1-001,"i-DE REDES ELÉCTRICAS INTELIGENTES, S.A.U",Madrid,Navalcarnero,414310.53,4461873.87,STR NAVALCARNERO,45,0,Si,18.64,0,0,414310.53,4461873.87
900,R1-001,"i-DE REDES ELÉCTRICAS INTELIGENTES, S.A.U",Madrid,Navalcarnero,414310.53,4461873.87,STR NAVALCARNERO,15,0,Si,12.27,0,0,414310.53,4461873.87
901,R1-001,"i-DE REDES ELÉCTRICAS INTELIGENTES, S.A.U",Madrid,Madrid,440595.47,4467827.82,STR OLVIDO,15,0,No,3.11,0,0,440595.47,4467827.82
902,R1-001,"i-DE REDES ELÉCTRICAS INTELIGENTES, S.A.U",Madrid,Madrid,440595.47,4467827.82,STR OLVIDO,45,0,Si,16,0,0,440595.47,4467827.82
903,R1-001,"i-DE REDES ELÉCTRICAS INTELIGENTES, S.A.U",Madrid,Alcorcón,431814.28,4465807.8,STR P.I.ALCORCO-1,45,0,No,0,0,0,431814.28,4465807.8
904,R1-001,"i-DE REDES ELÉCTRICAS INTELIGENTES, S.A.U",Madrid,Alcorcón,431814.28,4465807.8,STR P.I.ALCORCO-1,15,0,No,5.52,0,0,431814.28,4465807.8
905,R1-001,"i-DE REDES ELÉCTRICAS INTELIGENTES, S.A.U",Madrid,Alcorcón,431814.28,4465807.8,STR P.I.ALCORCO-1,45,0,Si,4,0,0,431814.28,4465807.8
906,R1-001,"i-DE REDES ELÉCTRICAS INTELIGENTES, S.A.U",Madrid,Alcorcón,431814.28,4465807.8,STR P.I.ALCORCO-1,15,0,Si,1.2,0,0,431814.28,4465807.8
907,R1-001,"i-DE REDES ELÉCTRICAS INTELIGENTES, S.A.U",Madrid,Leganés,435677.5,4463977.19,STR P.IND.LEGANES,45,0,Si,6.25,0,0,435677.5,4463977.19
908,R1-001,"i-DE REDES ELÉCTRICAS INTELIGENTES, S.A.U",Madrid,Leganés,435677.5,4463977.19,STR P.IND.LEGANES,15,0,Si,5.53,0,0,435677.5,4463977.19
909,R1-001,"i-DE REDES ELÉCTRICAS INTELIGENTES, S.A.U",Madrid,Leganés,435677.5,4463977.19,STR P.IND.LEGANES,45,0,Si,10.14,0,0,435677.5,4463977.19
910,R1-001,"i-DE REDES ELÉCTRICAS INTELIGENTES, S.A.U",Madrid,Leganés,435677.5,4463977.19,STR P.IND.LEGANES,15,0,No,9.56,0,0,435677.5,4463977.19
911,R1-001,"i-DE REDES ELÉCTRICAS INTELIGENTES, S.A.U",Madrid,Madrid,434929.41,4468693.44,STR PIQUENAS,45,0,No,1.2,0,0,434929.41,4468693.44
912,R1-001,"i-DE REDES ELÉCTRICAS INTELIGENTES, S.A.U",Madrid,Madrid,434929.41,4468693.44,STR PIQUENAS,15,0,No,8.64,0,0,434929.41,4468693.44
913,R1-001,"i-DE REDES ELÉCTRICAS INTELIGENTES, S.A.U",Madrid,Leganés,4913394.53,-420481.44,STR PRADO POZUELO,15,0,No,0,0,0,4913394.53,-420481.439999999
914,R1-001,"i-DE REDES ELÉCTRICAS INTELIGENTES, S.A.U",Madrid,Leganés,433971.71,4464204.4,STR PRADO POZUELO,45,0,No,0,0,0,433971.71,4464204.4
915,R1-001,"i-DE REDES ELÉCTRICAS INTELIGENTES, S.A.U",Madrid,Leganés,4913394.53,-420481.44,STR PRADO POZUELO,15,0,No,0,0,0,4913394.53,-420481.439999999
916,R1-001,"i-DE REDES ELÉCTRICAS INTELIGENTES, S.A.U",Madrid,Pinto,439680.07,4456079.84,STR P.IND.PINTO,45,0,Si,24.75,0,0,439680.07,4456079.84
917,R1-001,"i-DE REDES ELÉCTRICAS INTELIGENTES, S.A.U",Madrid,Pinto,439680.07,4456079.84,STR P.IND.PINTO,15,0,Si,11.54,0,0,439680.07,4456079.84
918,R1-001,"i-DE REDES ELÉCTRICAS INTELIGENTES, S.A.U",Madrid,Pinto,439680.07,4456079.84,STR P.IND.PINTO,45,0,Si,24.75,0,0,439680.07,4456079.84
919,R1-001,"i-DE REDES ELÉCTRICAS INTELIGENTES, S.A.U",Madrid,Pinto,439680.07,4456079.84,STR P.IND.PINTO,15,0,Si,13.29,0,0,439680.07,4456079.84
920,R1-001,"i-DE REDES ELÉCTRICAS INTELIGENTES, S.A.U",Madrid,Pinto,438811.55,4455217.3,STR PINTO,45,0,Si,10.9,0,0,438811.55,4455217.3
921,R1-001,"i-DE REDES ELÉCTRICAS INTELIGENTES, S.A.U",Madrid,Pinto,438811.55,4455217.3,STR PINTO,15,0,Si,4.56,0,0,438811.55,4455217.3
922,R1-001,"i-DE REDES ELÉCTRICAS INTELIGENTES, S.A.U",Madrid,Madrid,434929.41,4468693.44,STR PIQUENAS,15,0,Si,13.68,0,0,434929.41,4468693.44
923,R1-001,"i-DE REDES ELÉCTRICAS INTELIGENTES, S.A.U",Madrid,Madrid,434929.41,4468693.44,STR PIQUENAS,45,0,Si,1.15,0,0,434929.41,4468693.44
924,R1-001,"i-DE REDES ELÉCTRICAS INTELIGENTES, S.A.U",Madrid,Móstoles,427691.83,4464461.76,STR PQ.ESTORIL,45,0,Si,3.5,0,0,427691.83,4464461.76
925,R1-001,"i-DE REDES ELÉCTRICAS INTELIGENTES, S.A.U",Madrid,Móstoles,427691.83,4464461.76,STR PQ.ESTORIL,15,0,Si,7.18,0,0,427691.83,4464461.76
926,R1-001,"i-DE REDES ELÉCTRICAS INTELIGENTES, S.A.U",Madrid,Móstoles,427691.83,4464461.76,STR PQ.ESTORIL,45,0,Si,0,0,0,427691.83,4464461.76
927,R1-001,"i-DE REDES ELÉCTRICAS INTELIGENTES, S.A.U",Madrid,Móstoles,427691.83,4464461.76,STR PQ.ESTORIL,15,0,Si,5.11,0,0,427691.83,4464461.76
928,R1-001,"i-DE REDES ELÉCTRICAS INTELIGENTES, S.A.U",Madrid,Leganés,433971.71,4464204.4,STR PRADO POZUELO,45,0,Si,0,0,0,433971.71,4464204.4
929,R1-001,"i-DE REDES ELÉCTRICAS INTELIGENTES, S.A.U",Madrid,Navalcarnero,419592.72,4460468.52,STR RIO GUADARRAM,45,0,Si,0,0,0,419592.72,4460468.52
930,R1-001,"i-DE REDES ELÉCTRICAS INTELIGENTES, S.A.U",Madrid,Navalcarnero,419592.72,4460468.52,STR RIO GUADARRAM,15,0,Si,7.98,0,0,419592.72,4460468.52
931,R1-001,"i-DE REDES ELÉCTRICAS INTELIGENTES, S.A.U",Murcia,Blanca,645712.33,4228196.98,ST BLANCA,20,0,No,18.85,0,0,645712.33,4228196.98
932,R1-001,"i-DE REDES ELÉCTRICAS INTELIGENTES, S.A.U",Murcia,Blanca,645712.33,4228196.98,ST BLANCA,20,0,No,25.94,0,0,645712.33,4228196.98
933,R1-001,"i-DE REDES ELÉCTRICAS INTELIGENTES, S.A.U",Murcia,Calasparra,615708.58,4235933.23,ST CALASPARRA,132,0,No,0,0,1,615708.58,4235933.23
934,R1-001,"i-DE REDES ELÉCTRICAS INTELIGENTES, S.A.U",Murcia,Calasparra,615708.58,4235933.23,ST CALASPARRA,20,0,No,4.5,0,0,615708.58,4235933.23
935,R1-001,"i-DE REDES ELÉCTRICAS INTELIGENTES, S.A.U",Murcia,Calasparra,615708.58,4235933.23,ST CALASPARRA,20,0,No,8.6,0,0,615708.58,4235933.23
936,R1-001,"i-DE REDES ELÉCTRICAS INTELIGENTES, S.A.U",Madrid,Getafe,440327.74,4460845.5,STR SAN MARCOS,45,0,Si,8.26,0,0,440327.74,4460845.5
937,R1-001,"i-DE REDES ELÉCTRICAS INTELIGENTES, S.A.U",Madrid,Getafe,440327.74,4460845.5,STR SAN MARCOS,15,0,No,11.36,6.76,0,440327.74,4460845.5
938,R1-001,"i-DE REDES ELÉCTRICAS INTELIGENTES, S.A.U",Madrid,Getafe,440327.74,4460845.5,STR SAN MARCOS,45,0,Si,10.95,0,0,440327.74,4460845.5
939,R1-001,"i-DE REDES ELÉCTRICAS INTELIGENTES, S.A.U",Madrid,Getafe,440327.74,4460845.5,STR SAN MARCOS,15,3.9,No,0,0,0,440327.74,4460845.5
940,R1-001,"i-DE REDES ELÉCTRICAS INTELIGENTES, S.A.U",Madrid,Fuenlabrada,434697.33,4457128.99,STR TAJAPIES,45,0,Si,6.2,0,0,434697.33,4457128.99
941,R1-001,"i-DE REDES ELÉCTRICAS INTELIGENTES, S.A.U",Madrid,Fuenlabrada,434697.33,4457128.99,STR TAJAPIES,15,0,Si,8.2,0,0,434697.33,4457128.99
942,R1-001,"i-DE REDES ELÉCTRICAS INTELIGENTES, S.A.U",Madrid,Fuenlabrada,434697.33,4457128.99,STR TAJAPIES,45,0,Si,8,0,0,434697.33,4457128.99
943,R1-001,"i-DE REDES ELÉCTRICAS INTELIGENTES, S.A.U",Madrid,Fuenlabrada,434697.33,4457128.99,STR TAJAPIES,15,0,Si,5.75,0,0,434697.33,4457128.99
944,R1-001,"i-DE REDES ELÉCTRICAS INTELIGENTES, S.A.U",Madrid,Valdemorillo,409018.47,4484613.73,STR VALDEMORILLO,66,0,No,0,0,0,409018.47,4484613.73
945,R1-001,"i-DE REDES ELÉCTRICAS INTELIGENTES, S.A.U",Madrid,Valdemorillo,409018.47,4484613.73,STR VALDEMORILLO,20,0,No,14.46,0,0,409018.47,4484613.73
946,R1-001,"i-DE REDES ELÉCTRICAS INTELIGENTES, S.A.U",Madrid,Alcorcón,431727.3,4466149.55,STR VALDERAS-1,45,0,Si,4.99,0,0,431727.3,4466149.55
947,R1-001,"i-DE REDES ELÉCTRICAS INTELIGENTES, S.A.U",Madrid,Alcorcón,431727.3,4466149.55,STR VALDERAS-1,15,0,Si,4.4,0,0,431727.3,4466149.55
948,R1-001,"i-DE REDES ELÉCTRICAS INTELIGENTES, S.A.U",Madrid,Alcorcón,431727.3,4466149.55,STR VALDERAS-1,45,0,No,0,0,0,431727.3,4466149.55
949,R1-001,"i-DE REDES ELÉCTRICAS INTELIGENTES, S.A.U",Madrid,Alcorcón,431727.3,4466149.55,STR VALDERAS-1,15,0,No,5.21,0,0,431727.3,4466149.55
950,R1-001,"i-DE REDES ELÉCTRICAS INTELIGENTES, S.A.U",Madrid,Alcorcón,431717.3,4467773,STR VALDERAS-2,45,0,No,26.34,0,0,431717.3,4467773
951,R1-001,"i-DE REDES ELÉCTRICAS INTELIGENTES, S.A.U",Madrid,Alcorcón,431717.3,4467773,STR VALDERAS-2,15,0,Si,6.88,0,0,431717.3,4467773
952,R1-001,"i-DE REDES ELÉCTRICAS INTELIGENTES, S.A.U",Madrid,Alcorcón,431717.3,4467773,STR VALDERAS-2,45,0,Si,0,0,0,431717.3,4467773
953,R1-001,"i-DE REDES ELÉCTRICAS INTELIGENTES, S.A.U",Madrid,Alcorcón,431717.3,4467773,STR VALDERAS-2,15,0,No,6.91,0,0,431717.3,4467773
954,R1-001,"i-DE REDES ELÉCTRICAS INTELIGENTES, S.A.U",Madrid,San Sebastián de los Reyes,451340.76,4491932.44,STR VENTEROS,66,0,No,0,0,0,451340.76,4491932.44
955,R1-001,"i-DE REDES ELÉCTRICAS INTELIGENTES, S.A.U",Madrid,San Sebastián de los Reyes,451340.76,4491932.44,STR VENTEROS,66,0,No,0,0,0,451340.76,4491932.44
956,R1-001,"i-DE REDES ELÉCTRICAS INTELIGENTES, S.A.U",Madrid,San Sebastián de los Reyes,451340.76,4491932.44,STR VENTEROS,20,0,No,14.47,0,0,451340.76,4491932.44
957,R1-001,"i-DE REDES ELÉCTRICAS INTELIGENTES, S.A.U",Madrid,San Sebastián de los Reyes,451340.76,4491932.44,STR VENTEROS,20,0,No,16.49,0,0,451340.76,4491932.44
958,R1-001,"i-DE REDES ELÉCTRICAS INTELIGENTES, S.A.U",Madrid,Collado Villalba,413984.09,4498401.5,STR VILLALBA,66,0,No,0,0,0,413984.09,4498401.5
959,R1-001,"i-DE REDES ELÉCTRICAS INTELIGENTES, S.A.U",Madrid,Getafe,435681.06,4459985.8,STR VALDERREJAS,45,0,Si,0.06,0,0,435681.06,4459985.8
960,R1-001,"i-DE REDES ELÉCTRICAS INTELIGENTES, S.A.U",Madrid,Getafe,435681.06,4459985.8,STR VALDERREJAS,15,0,Si,9.3,0,0,435681.06,4459985.8
961,R1-001,"i-DE REDES ELÉCTRICAS INTELIGENTES, S.A.U",Madrid,Getafe,435681.06,4459985.8,STR VALDERREJAS,45,0,Si,0,0,0,435681.06,4459985.8
962,R1-001,"i-DE REDES ELÉCTRICAS INTELIGENTES, S.A.U",Madrid,Getafe,435681.06,4459985.8,STR VALDERREJAS,15,0,Si,4.44,0,0,435681.06,4459985.8
963,R1-001,"i-DE REDES ELÉCTRICAS INTELIGENTES, S.A.U",Madrid,Collado Villalba,413984.09,4498401.5,STR VILLALBA,66,0,No,0,0,0,413984.09,4498401.5
964,R1-001,"i-DE REDES ELÉCTRICAS INTELIGENTES, S.A.U",Madrid,Collado Villalba,413984.09,4498401.5,STR VILLALBA,20,0,No,25.87,0,0,413984.09,4498401.5
965,R1-001,"i-DE REDES ELÉCTRICAS INTELIGENTES, S.A.U",Madrid,Collado Villalba,413984.09,4498401.5,STR VILLALBA,20,0,No,20.1,0,0,413984.09,4498401.5
966,R1-001,"i-DE REDES ELÉCTRICAS INTELIGENTES, S.A.U",Madrid,Collado Villalba,413984.09,4498401.5,STR VILLALBA,20,0,No,16.01,0,0,413984.09,4498401.5
967,R1-001,"i-DE REDES ELÉCTRICAS INTELIGENTES, S.A.U",Madrid,Fuenlabrada,436314.42,4456982.49,STR VIRGEN ENCINA,45,0,Si,1.66,0,0,436314.42,4456982.49
968,R1-001,"i-DE REDES ELÉCTRICAS INTELIGENTES, S.A.U",Madrid,Fuenlabrada,436314.42,4456982.49,STR VIRGEN ENCINA,15,0,Si,9.49,0,0,436314.42,4456982.49
969,R1-001,"i-DE REDES ELÉCTRICAS INTELIGENTES, S.A.U",Madrid,Fuenlabrada,436314.42,4456982.49,STR VIRGEN ENCINA,45,0,Si,3.94,0,0,436314.42,4456982.49
970,R1-001,"i-DE REDES ELÉCTRICAS INTELIGENTES, S.A.U",Madrid,Fuenlabrada,436314.42,4456982.49,STR VIRGEN ENCINA,15,0,Si,22.92,0,0,436314.42,4456982.49
971,R1-001,"i-DE REDES ELÉCTRICAS INTELIGENTES, S.A.U",Madrid,Arroyomolinos,421956.57,4461689.56,STR XANADU,45,0,Si,0,0,0,421956.57,4461689.56
972,R1-001,"i-DE REDES ELÉCTRICAS INTELIGENTES, S.A.U",Madrid,Arroyomolinos,421956.57,4461689.56,STR XANADU,15,0,Si,13.1,0,0,421956.57,4461689.56
973,R1-001,"i-DE REDES ELÉCTRICAS INTELIGENTES, S.A.U",Madrid,Arroyomolinos,421956.57,4461689.56,STR XANADU,45,0,Si,0,0,0,421956.57,4461689.56
974,R1-001,"i-DE REDES ELÉCTRICAS INTELIGENTES, S.A.U",Madrid,Arroyomolinos,421956.57,4461689.56,STR XANADU,15,0,No,8.88,0,0,421956.57,4461689.56
975,R1-001,"i-DE REDES ELÉCTRICAS INTELIGENTES, S.A.U",Madrid,Arroyomolinos,422892.19,4457447.87,STR ZARZALEJOS,45,0,Si,0,0,0,422892.19,4457447.87
976,R1-001,"i-DE REDES ELÉCTRICAS INTELIGENTES, S.A.U",Murcia,Torre-Pacheco,679728.51,4185303.09,ST BALSICAS,20,0,No,146.01,10.41,0,679728.51,4185303.09
977,R1-001,"i-DE REDES ELÉCTRICAS INTELIGENTES, S.A.U",Murcia,Murcia,666434.43,4189830.55,ST BANOS Y MENDIGO,132,0,No,0,0,1,666434.43,4189830.55
978,R1-001,"i-DE REDES ELÉCTRICAS INTELIGENTES, S.A.U",Murcia,Murcia,666434.43,4189830.55,ST BANOS Y MENDIGO,20,0,No,37.72,0,0,666434.43,4189830.55
979,R1-001,"i-DE REDES ELÉCTRICAS INTELIGENTES, S.A.U",Murcia,Murcia,666434.43,4189830.55,ST BANOS Y MENDIGO,20,0,No,44.12,0,0,666434.43,4189830.55
980,R1-001,"i-DE REDES ELÉCTRICAS INTELIGENTES, S.A.U",Murcia,Blanca,645712.33,4228196.98,ST BLANCA,132,0,No,0,0,1,645712.33,4228196.98
981,R1-001,"i-DE REDES ELÉCTRICAS INTELIGENTES, S.A.U",Madrid,Arroyomolinos,422892.19,4457447.87,STR ZARZALEJOS,15,0,Si,2.95,0,0,422892.19,4457447.87
982,R1-001,"i-DE REDES ELÉCTRICAS INTELIGENTES, S.A.U",Madrid,Arroyomolinos,422892.19,4457447.87,STR ZARZALEJOS,45,0,Si,20,0,0,422892.19,4457447.87
983,R1-001,"i-DE REDES ELÉCTRICAS INTELIGENTES, S.A.U",Madrid,Arroyomolinos,422892.19,4457447.87,STR ZARZALEJOS,15,0,Si,4.41,0,0,422892.19,4457447.87
984,R1-001,"i-DE REDES ELÉCTRICAS INTELIGENTES, S.A.U",Madrid,Leganés,435863.71,4465770.97,STR ZARZAQUEMADA,45,0,Si,0,0,0,435863.71,4465770.97
985,R1-001,"i-DE REDES ELÉCTRICAS INTELIGENTES, S.A.U",Madrid,Leganés,435863.71,4465770.97,STR ZARZAQUEMADA,15,0,Si,7.56,0,0,435863.71,4465770.97
986,R1-001,"i-DE REDES ELÉCTRICAS INTELIGENTES, S.A.U",Madrid,Leganés,435863.71,4465770.97,STR ZARZAQUEMADA,45,0,Si,2.5,0,0,435863.71,4465770.97
987,R1-001,"i-DE REDES ELÉCTRICAS INTELIGENTES, S.A.U",Madrid,Leganés,435863.71,4465770.97,STR ZARZAQUEMADA,15,0,Si,9.88,0,0,435863.71,4465770.97
988,R1-001,"i-DE REDES ELÉCTRICAS INTELIGENTES, S.A.U",Madrid,Leganés,435863.71,4465770.97,STR ZARZAQUEMADA,45,0,Si,0,0,0,435863.71,4465770.97
989,R1-001,"i-DE REDES ELÉCTRICAS INTELIGENTES, S.A.U",Madrid,Leganés,435863.71,4465770.97,STR ZARZAQUEMADA,15,0,Si,4.03,0,0,435863.71,4465770.97
990,R1-001,"i-DE REDES ELÉCTRICAS INTELIGENTES, S.A.U",Madrid,Leganés,435863.71,4465770.97,STR ZARZAQUEMADA,45,0,Si,0,0,0,435863.71,4465770.97
991,R1-001,"i-DE REDES ELÉCTRICAS INTELIGENTES, S.A.U",Madrid,Leganés,435863.71,4465770.97,STR ZARZAQUEMADA,15,0,Si,6.24,0,0,435863.71,4465770.97
992,R1-001,"i-DE REDES ELÉCTRICAS INTELIGENTES, S.A.U",Murcia,Murcia,671459.25,4177946.4,ST ALBUJON,132,0,No,0.05,0,1,671459.25,4177946.4
993,R1-001,"i-DE REDES ELÉCTRICAS INTELIGENTES, S.A.U",Murcia,Murcia,671459.25,4177946.4,ST ALBUJON,20,0,No,28.02,0,0,671459.25,4177946.4
994,R1-001,"i-DE REDES ELÉCTRICAS INTELIGENTES, S.A.U",Murcia,Murcia,671459.25,4177946.4,ST ALBUJON,20,0,No,61.06,0,0,671459.25,4177946.4
995,R1-001,"i-DE REDES ELÉCTRICAS INTELIGENTES, S.A.U",Murcia,Alhama de Murcia,641824.14,4186010.25,ST ALHAMA,132,0,No,0.62,0,1,641824.14,4186010.25
996,R1-001,"i-DE REDES ELÉCTRICAS INTELIGENTES, S.A.U",Murcia,Alhama de Murcia,641824.14,4186010.25,ST ALHAMA,66,0,No,0,0,0,641824.14,4186010.25
997,R1-001,"i-DE REDES ELÉCTRICAS INTELIGENTES, S.A.U",Murcia,Alhama de Murcia,641824.14,4186010.25,ST ALHAMA,20,0,No,24.59,0,0,641824.14,4186010.25
998,R1-001,"i-DE REDES ELÉCTRICAS INTELIGENTES, S.A.U",Murcia,Alhama de Murcia,641824.14,4186010.25,ST ALHAMA,20,0,No,35.88,0,0,641824.14,4186010.25
999,R1-001,"i-DE REDES ELÉCTRICAS INTELIGENTES, S.A.U",Murcia,Lorca,608656.73,4148645.45,ST ALMENDRICOS,132,29.22,No,0,0,0,608656.73,4148645.45
1000,R1-001,"i-DE REDES ELÉCTRICAS INTELIGENTES, S.A.U",Murcia,Archena,649628.96,4220007.9,ST ARCHENA,132,0,No,0,0,1,649628.96,4220007.9
1001,R1-299,EDISTRIBUCIÓN REDES DIGITALES S.L.U.,Almería,Turrillas,567199.53,4097882.87,TURRILLA,132,0,No,0,0,0,567199.53,4097882.87
1002,R1-299,EDISTRIBUCIÓN REDES DIGITALES S.L.U.,Almería,Vera,598746.22,4123686.37,VERA,132,0,No,19.9,0,0,598746.22,4123686.37
1003,R1-299,EDISTRIBUCIÓN REDES DIGITALES S.L.U.,Almería,Vera,598746.22,4123686.37,VERA,66,0,No,0,0,0,598746.22,4123686.37
1004,R1-299,EDISTRIBUCIÓN REDES DIGITALES S.L.U.,Almería,Vera,598746.22,4123686.37,VERA,25,0,No,31.89,0.95,0,598746.22,4123686.37
1005,R1-299,EDISTRIBUCIÓN REDES DIGITALES S.L.U.,Almería,Cuevas del Almanzora,609517.66,4124211.58,VILLARIC,66,0,No,0.65,0,0,609517.66,4124211.58
1006,R1-299,EDISTRIBUCIÓN REDES DIGITALES S.L.U.,Almería,Cuevas del Almanzora,609517.66,4124211.58,VILLARIC,25,0,No,16.7,0,0,609517.66,4124211.58
1007,R1-002,"UFD DISTRIBUCIÓN ELECTRICIDAD, SA",Ciudad Real,Retuerta del Bullaque,393491.36,4364419.92,RETUERTA DEL BULLAQUE,15,0,No,1.37,0,0,393491.36,4364419.92
1008,R1-002,"UFD DISTRIBUCIÓN ELECTRICIDAD, SA",Ciudad Real,Retuerta del Bullaque,393491.36,4364419.92,RETUERTA DEL BULLAQUE,45,0,No,0,0,0,393491.36,4364419.92
1009,R1-002,"UFD DISTRIBUCIÓN ELECTRICIDAD, SA",Ciudad Real,Santa Cruz de Mudela,459808.11,4277663.14,STA.CRUZ DE MUDELA,15,0,No,19.11,14.18,0,459808.11,4277663.14
1010,R1-002,"UFD DISTRIBUCIÓN ELECTRICIDAD, SA",Ciudad Real,Santa Cruz de Mudela,459808.11,4277663.14,STA.CRUZ DE MUDELA,45,0,No,12,0,0,459808.11,4277663.14
1011,R1-002,"UFD DISTRIBUCIÓN ELECTRICIDAD, SA",Ciudad Real,Socuéllamos,517108.28,4349866.52,SOCUELLAMOS,15,0,No,31.13,5.63,0,517108.28,4349866.52
1012,R1-002,"UFD DISTRIBUCIÓN ELECTRICIDAD, SA",Ciudad Real,Socuéllamos,517108.28,4349866.52,SOCUELLAMOS,45,0,No,0,0,0,517108.28,4349866.52
1013,R1-002,"UFD DISTRIBUCIÓN ELECTRICIDAD, SA",Ciudad Real,Tomelloso,500394.05,4341222.04,RIEGA,15,0,No,9.75,2.5,0,500394.05,4341222.04
1014,R1-002,"UFD DISTRIBUCIÓN ELECTRICIDAD, SA",Ciudad Real,Tomelloso,500394.05,4341222.04,RIEGA,45,0,No,0,0,0,500394.05,4341222.04
1015,R1-002,"UFD DISTRIBUCIÓN ELECTRICIDAD, SA",Ciudad Real,Tomelloso,497744.67,4336354.42,TOMELLOSO,15,0,No,38.71,0,0,497744.67,4336354.42
1016,R1-002,"UFD DISTRIBUCIÓN ELECTRICIDAD, SA",Ciudad Real,Tomelloso,497744.67,4336354.42,TOMELLOSO,45,0,No,0,0,0,497744.67,4336354.42
1017,R1-002,"UFD DISTRIBUCIÓN ELECTRICIDAD, SA",Ciudad Real,Valdepeñas,465649.4,4289834.25,VALDEPEÑAS,15,0,No,41.02,11,0,465649.4,4289834.25
1018,R1-002,"UFD DISTRIBUCIÓN ELECTRICIDAD, SA",Ciudad Real,Valdepeñas,465649.4,4289834.25,VALDEPEÑAS,45,0,No,0,0,0,465649.4,4289834.25
1019,R1-002,"UFD DISTRIBUCIÓN ELECTRICIDAD, SA",Ciudad Real,Valdepeñas,465649.4,4289834.25,VALDEPEÑAS,132,0,No,50,0,0,465649.4,4289834.25
1020,R1-002,"UFD DISTRIBUCIÓN ELECTRICIDAD, SA",Ciudad Real,Villahermosa,513353,4289276,VILLAHERMOSA,15,0,No,3.01,0,0,513353,4289276
1021,R1-002,"UFD DISTRIBUCIÓN ELECTRICIDAD, SA",Ciudad Real,Villahermosa,513353,4289276,VILLAHERMOSA,45,0,No,0,0,0,513353,4289276
1022,R1-002,"UFD DISTRIBUCIÓN ELECTRICIDAD, SA",Ciudad Real,Villanueva de los Infantes,498879.01,4288415.1,VILLANUEVA DE LOS INFANTES,15,0,No,6.9,0,0,498879.01,4288415.1
1023,R1-002,"UFD DISTRIBUCIÓN ELECTRICIDAD, SA",Ciudad Real,Villanueva de los Infantes,498879.01,4288415.1,VILLANUEVA DE LOS INFANTES,45,0,No,0,0,0,498879.01,4288415.1
1024,R1-002,"UFD DISTRIBUCIÓN ELECTRICIDAD, SA",Ciudad Real,Villarrubia de los Ojos,448297.09,4340204.75,VILLARRUBIA DE LOS OJOS,15,0,No,22.71,0,0,448297.09,4340204.75
1025,R1-002,"UFD DISTRIBUCIÓN ELECTRICIDAD, SA",Ciudad Real,Villarrubia de los Ojos,448297.09,4340204.75,VILLARRUBIA DE LOS OJOS,45,0,No,0,0,0,448297.09,4340204.75
1026,R1-002,"UFD DISTRIBUCIÓN ELECTRICIDAD, SA",Cuenca,Buendía,518143.26,4472118.96,C.H.BUENDIA,132,0,No,0,0,0,518143.26,4472118.96
1027,R1-002,"UFD DISTRIBUCIÓN ELECTRICIDAD, SA",Cuenca,Campillos-Sierra,613054.99,4436592.28,CAMPILLOS,15,0,No,2.44,0,0,613054.99,4436592.28
1028,R1-002,"UFD DISTRIBUCIÓN ELECTRICIDAD, SA",Cuenca,Campillos-Sierra,613054.99,4436592.28,CAMPILLOS,66,0,No,0,0,0,613054.99,4436592.28
1029,R1-002,"UFD DISTRIBUCIÓN ELECTRICIDAD, SA",Cuenca,Cañete,615655.43,4433264.67,CAÑETE,15,0,No,1.47,0,0,615655.43,4433264.67
1030,R1-002,"UFD DISTRIBUCIÓN ELECTRICIDAD, SA",Cuenca,Cañete,615655.43,4433264.67,CAÑETE,66,0,No,0,0,0,615655.43,4433264.67
1031,R1-002,"UFD DISTRIBUCIÓN ELECTRICIDAD, SA",Cuenca,Cuenca,573417.97,4436736.38,CUENCA,20,0,No,26.93,2.3,0,573417.97,4436736.38
1032,R1-002,"UFD DISTRIBUCIÓN ELECTRICIDAD, SA",Cuenca,Cuenca,573417.97,4436736.38,CUENCA,66,0,No,0,0,0,573417.97,4436736.38
1033,R1-002,"UFD DISTRIBUCIÓN ELECTRICIDAD, SA",Cuenca,Cuenca,573417.97,4436736.38,CUENCA,132,0,No,0,0,0,573417.97,4436736.38
1034,R1-002,"UFD DISTRIBUCIÓN ELECTRICIDAD, SA",Cuenca,Landete,638785.47,4418436.39,LANDETE,15,0,No,4.82,0,0,638785.47,4418436.39
1035,R1-002,"UFD DISTRIBUCIÓN ELECTRICIDAD, SA",Cuenca,Landete,638785.47,4418436.39,LANDETE,66,0,No,0,0,0,638785.47,4418436.39
1036,R1-002,"UFD DISTRIBUCIÓN ELECTRICIDAD, SA",Cuenca,Olmeda de la Cuesta,544173.07,4462649.22,OLMEDA DE LA CUESTA,15,0,No,11.66,6.96,0,544173.07,4462649.22
1037,R1-002,"UFD DISTRIBUCIÓN ELECTRICIDAD, SA",Cuenca,Olmeda de la Cuesta,544173.07,4462649.22,OLMEDA DE LA CUESTA,66,0,No,0,0,0,544173.07,4462649.22
1038,R1-002,"UFD DISTRIBUCIÓN ELECTRICIDAD, SA",Cuenca,Villalba de la Sierra,578743.24,4454583.16,C.H.VILLALBA DE LA SIERRA,15,0,No,3.22,0,0,578743.24,4454583.16
1039,R1-002,"UFD DISTRIBUCIÓN ELECTRICIDAD, SA",Cuenca,Villalba de la Sierra,578743.24,4454583.16,C.H.VILLALBA DE LA SIERRA,66,0,No,0,0,0,578743.24,4454583.16
1040,R1-002,"UFD DISTRIBUCIÓN ELECTRICIDAD, SA",Guadalajara,Almoguera,502741.54,4457352.59,C.H.ALMOGUERA,15,0,No,8.07,0,0,502741.54,4457352.59
1041,R1-002,"UFD DISTRIBUCIÓN ELECTRICIDAD, SA",Guadalajara,Almoguera,502741.54,4457352.59,C.H.ALMOGUERA,45,0,No,0,0,0,502741.54,4457352.59
1042,R1-002,"UFD DISTRIBUCIÓN ELECTRICIDAD, SA",Guadalajara,Almonacid de Zorita,514491.78,4468210.97,BOLARQUE,15,0,No,6.66,0,0,514491.78,4468210.97
1043,R1-002,"UFD DISTRIBUCIÓN ELECTRICIDAD, SA",Guadalajara,Almonacid de Zorita,514491.78,4468210.97,BOLARQUE,45,0,No,0,0,0,514491.78,4468210.97
1044,R1-002,"UFD DISTRIBUCIÓN ELECTRICIDAD, SA",Guadalajara,Almonacid de Zorita,514491.78,4468210.97,BOLARQUE,66,0,No,0,0,0,514491.78,4468210.97
1045,R1-002,"UFD DISTRIBUCIÓN ELECTRICIDAD, SA",Guadalajara,Almonacid de Zorita,514491.78,4468210.97,BOLARQUE,132,0,No,0,0,0,514491.78,4468210.97
1046,R1-002,"UFD DISTRIBUCIÓN ELECTRICIDAD, SA",Guadalajara,Almonacid de Zorita,514152.59,4455272.73,ILLANA (LA BUJEDA),15,0,No,0.61,0,0,514152.59,4455272.73
1047,R1-002,"UFD DISTRIBUCIÓN ELECTRICIDAD, SA",Guadalajara,Almonacid de Zorita,514152.59,4455272.73,ILLANA (LA BUJEDA),45,0,No,0,0,0,514152.59,4455272.73
1048,R1-002,"UFD DISTRIBUCIÓN ELECTRICIDAD, SA",Guadalajara,Almonacid de Zorita,509700.47,4466561.09,JOSÉ CABRERA,45,0,No,0.24,0,0,509700.47,4466561.09
1049,R1-002,"UFD DISTRIBUCIÓN ELECTRICIDAD, SA",Guadalajara,Auñón,521160.28,4482511.19,C.H.ENTREPEÑAS,15,0,No,7.54,0,0,521160.28,4482511.19
1050,R1-002,"UFD DISTRIBUCIÓN ELECTRICIDAD, SA",Guadalajara,Auñón,521160.28,4482511.19,C.H.ENTREPEÑAS,45,0,No,0,0,0,521160.28,4482511.19
1051,R1-002,"UFD DISTRIBUCIÓN ELECTRICIDAD, SA",Guadalajara,Auñón,521160.28,4482511.19,C.H.ENTREPEÑAS,132,0,No,0,0,0,521160.28,4482511.19
1052,R1-002,"UFD DISTRIBUCIÓN ELECTRICIDAD, SA",Guadalajara,Brihuega,510428.36,4508268.3,BRIHUEGA,15,0,No,6.32,0,0,510428.36,4508268.3
1053,R1-002,"UFD DISTRIBUCIÓN ELECTRICIDAD, SA",Guadalajara,Brihuega,510428.36,4508268.3,BRIHUEGA,45,0,No,0,0,0,510428.36,4508268.3
1054,R1-002,"UFD DISTRIBUCIÓN ELECTRICIDAD, SA",Guadalajara,Chiloeches,483060.5,4491516.7,CHILOECHES,15,0,No,53.71,9.03,0,483060.5,4491516.7
1055,R1-002,"UFD DISTRIBUCIÓN ELECTRICIDAD, SA",Guadalajara,Chiloeches,483060.5,4491516.7,CHILOECHES,132,0,No,0,0,0,483060.5,4491516.7
1056,R1-002,"UFD DISTRIBUCIÓN ELECTRICIDAD, SA",Guadalajara,Cifuentes,531297.41,4515118.15,CIFUENTES,15,0,No,9.64,0,0,531297.41,4515118.15
1057,R1-002,"UFD DISTRIBUCIÓN ELECTRICIDAD, SA",Guadalajara,Cifuentes,531297.41,4515118.15,CIFUENTES,66,0,No,0,0,0,531297.41,4515118.15
1058,R1-002,"UFD DISTRIBUCIÓN ELECTRICIDAD, SA",Guadalajara,Cifuentes,531297.41,4515118.15,CIFUENTES,132,0,No,0,0,0,531297.41,4515118.15
1059,R1-002,"UFD DISTRIBUCIÓN ELECTRICIDAD, SA",Guadalajara,"Olivar, El",520981,4493247,EL OLIVAR,132,0,No,0,0,0,520981,4493247
1060,R1-002,"UFD DISTRIBUCIÓN ELECTRICIDAD, SA",Guadalajara,Fuentenovilla,492245.7,4469120.53,FUENTENOVILLA,15,0,No,7.72,0,0,492245.7,4469120.53
1061,R1-002,"UFD DISTRIBUCIÓN ELECTRICIDAD, SA",Guadalajara,Fuentenovilla,492245.7,4469120.53,FUENTENOVILLA,45,0,No,0,0,0,492245.7,4469120.53
1062,R1-002,"UFD DISTRIBUCIÓN ELECTRICIDAD, SA",Guadalajara,Guadalajara,486424.95,4496421.3,FUENTE LA NIÑA,15,0,No,81.39,0.8,0,486424.95,4496421.3
1063,R1-002,"UFD DISTRIBUCIÓN ELECTRICIDAD, SA",Guadalajara,Guadalajara,486424.95,4496421.3,FUENTE LA NIÑA,132,0,No,0,0,0,486424.95,4496421.3
1064,R1-002,"UFD DISTRIBUCIÓN ELECTRICIDAD, SA",Guadalajara,Guadalajara,485000.93,4498444.62,GUADALAJARA,15,0,No,57.77,1.6,0,485000.93,4498444.62
1065,R1-002,"UFD DISTRIBUCIÓN ELECTRICIDAD, SA",Guadalajara,Guadalajara,485000.93,4498444.62,GUADALAJARA,45,0,No,0,0,0,485000.93,4498444.62
1066,R1-002,"UFD DISTRIBUCIÓN ELECTRICIDAD, SA",Guadalajara,Guadalajara,485000.93,4498444.62,GUADALAJARA,132,0,No,0,0,0,485000.93,4498444.62
1067,R1-002,"UFD DISTRIBUCIÓN ELECTRICIDAD, SA",Guadalajara,Maranchón,565872.6,4544257.88,MARANCHON,15,0,No,2.64,10.6,0,565872.6,4544257.88
1068,R1-002,"UFD DISTRIBUCIÓN ELECTRICIDAD, SA",Guadalajara,Maranchón,565872.6,4544257.88,MARANCHON,66,0,No,0,0,0,565872.6,4544257.88
1069,R1-002,"UFD DISTRIBUCIÓN ELECTRICIDAD, SA",Guadalajara,Molina de Aragón,594182.56,4521348,MOLINA DE ARAGON,15,0,No,7.63,0.8,0,594182.56,4521348
1070,R1-002,"UFD DISTRIBUCIÓN ELECTRICIDAD, SA",Guadalajara,Molina de Aragón,594182.56,4521348,MOLINA DE ARAGON,66,0,No,0,0,0,594182.56,4521348
1071,R1-002,"UFD DISTRIBUCIÓN ELECTRICIDAD, SA",Guadalajara,Yebes,489592.09,4493337.12,ALCOHETE,15,0,No,38.16,0,0,489592.09,4493337.12
1072,R1-002,"UFD DISTRIBUCIÓN ELECTRICIDAD, SA",Guadalajara,Yebes,489592.09,4493337.12,ALCOHETE,45,0,No,0,15,0,489592.09,4493337.12
1073,R1-002,"UFD DISTRIBUCIÓN ELECTRICIDAD, SA",Guadalajara,Zorita de los Canes,508582.39,4465395.44,C.H.ZORITA,45,0,No,5.01,0,0,508582.39,4465395.44
1074,R1-002,"UFD DISTRIBUCIÓN ELECTRICIDAD, SA",León,Astorga,248831.95,4705832.07,ASTORGA,15,0,No,24.42,0,0,248831.95,4705832.07
1075,R1-002,"UFD DISTRIBUCIÓN ELECTRICIDAD, SA",León,Astorga,248831.95,4705832.07,ASTORGA,45,1.56,No,0,0,0,248831.95,4705832.07
1076,R1-002,"UFD DISTRIBUCIÓN ELECTRICIDAD, SA",León,Astorga,248831.95,4705832.07,ASTORGA,132,1.76,No,0,0,0,248831.95,4705832.07
1077,R1-002,"UFD DISTRIBUCIÓN ELECTRICIDAD, SA",León,Bembibre,215812.79,4724465.7,PIBASA,15,0,No,20.73,0,0,215812.79,4724465.7
1078,R1-002,"UFD DISTRIBUCIÓN ELECTRICIDAD, SA",León,Bembibre,215812.79,4724465.7,PIBASA,45,0.02,No,0,0,0,215812.79,4724465.7
1079,R1-002,"UFD DISTRIBUCIÓN ELECTRICIDAD, SA",León,Benuza,197968.82,4702474.18,SANTALAVILLA,15,0,No,8.05,0,0,197968.82,4702474.18
1080,R1-002,"UFD DISTRIBUCIÓN ELECTRICIDAD, SA",León,Benuza,197968.82,4702474.18,SANTALAVILLA,45,1.23,No,0,0,0,197968.82,4702474.18
1081,R1-002,"UFD DISTRIBUCIÓN ELECTRICIDAD, SA",León,Borrenes,191310.06,4711020.02,CARUCEDO,15,0,No,5.09,0,0,191310.06,4711020.02
1082,R1-002,"UFD DISTRIBUCIÓN ELECTRICIDAD, SA",León,Borrenes,191310.06,4711020.02,CARUCEDO,45,1.26,No,0,0,0,191310.06,4711020.02
1083,R1-002,"UFD DISTRIBUCIÓN ELECTRICIDAD, SA",León,Borrenes,191310.06,4711020.02,CARUCEDO,132,1.2,No,0,0,0,191310.06,4711020.02
1084,R1-002,"UFD DISTRIBUCIÓN ELECTRICIDAD, SA",León,Carracedelo,191236.15,4719153.79,VILLAMARTIN,45,0.54,No,0,0,0,191236.15,4719153.79
1085,R1-002,"UFD DISTRIBUCIÓN ELECTRICIDAD, SA",León,Cimanes del Tejar,270067.35,4721522.4,C.H.CIMANES DEL TEJAR,15,0,No,5.78,0,0,270067.35,4721522.4
1086,R1-002,"UFD DISTRIBUCIÓN ELECTRICIDAD, SA",León,Cimanes del Tejar,270067.35,4721522.4,C.H.CIMANES DEL TEJAR,45,0,No,0,0,0,270067.35,4721522.4
1087,R1-002,"UFD DISTRIBUCIÓN ELECTRICIDAD, SA",León,Cubillos del Sil,204652.12,4724629.76,CUBILLOS DEL SIL,15,0,No,6.95,0,0,204652.12,4724629.76
1088,R1-002,"UFD DISTRIBUCIÓN ELECTRICIDAD, SA",León,Cubillos del Sil,204652.12,4724629.76,CUBILLOS DEL SIL,45,0.43,No,0,0,0,204652.12,4724629.76
1089,R1-002,"UFD DISTRIBUCIÓN ELECTRICIDAD, SA",León,Encinedo,206230.4,4686787.55,ENCINEDO,15,0,No,6.24,0.4,0,206230.4,4686787.55
1090,R1-002,"UFD DISTRIBUCIÓN ELECTRICIDAD, SA",León,Encinedo,206230.4,4686787.55,ENCINEDO,45,0.66,No,0,0,0,206230.4,4686787.55
1091,R1-002,"UFD DISTRIBUCIÓN ELECTRICIDAD, SA",León,Fabero,204176.51,4740695.06,ANTRACITAS FABERO,15,0,No,2.08,0,0,204176.51,4740695.06
1092,R1-002,"UFD DISTRIBUCIÓN ELECTRICIDAD, SA",León,Fabero,204176.51,4740695.06,ANTRACITAS FABERO,45,0.42,No,0,0,0,204176.51,4740695.06
1093,R1-002,"UFD DISTRIBUCIÓN ELECTRICIDAD, SA",León,Fabero,202709.59,4740542.71,FABERO,15,0,No,1.85,0,0,202709.59,4740542.71
1094,R1-002,"UFD DISTRIBUCIÓN ELECTRICIDAD, SA",León,Fabero,202709.59,4740542.71,FABERO,45,0.42,No,0,0,0,202709.59,4740542.71
1095,R1-002,"UFD DISTRIBUCIÓN ELECTRICIDAD, SA",León,Hospital de Órbigo,262097.65,4704588.01,HOSPITAL DE ORBIGO,15,0,No,20.8,0,0,262097.65,4704588.01
1096,R1-002,"UFD DISTRIBUCIÓN ELECTRICIDAD, SA",León,Hospital de Órbigo,262097.65,4704588.01,HOSPITAL DE ORBIGO,45,0,No,3.28,0,0,262097.65,4704588.01
1097,R1-002,"UFD DISTRIBUCIÓN ELECTRICIDAD, SA",León,Hospital de Órbigo,262097.65,4704588.01,HOSPITAL DE ORBIGO,132,0,No,0,0,0,262097.65,4704588.01
1098,R1-002,"UFD DISTRIBUCIÓN ELECTRICIDAD, SA",León,"Bañeza, La",261836.05,4686556.52,LA BAÑEZA,15,0,No,27.09,0,0,261836.05,4686556.52
1099,R1-002,"UFD DISTRIBUCIÓN ELECTRICIDAD, SA",León,"Bañeza, La",261836.05,4686556.52,LA BAÑEZA,45,1.42,No,0,0,0,261836.05,4686556.52
1100,R1-002,"UFD DISTRIBUCIÓN ELECTRICIDAD, SA",León,"Bañeza, La",261836.05,4686556.52,LA BAÑEZA,132,1.73,No,0,0,0,261836.05,4686556.52
1101,R1-002,"UFD DISTRIBUCIÓN ELECTRICIDAD, SA",León,"Robla, La",284553.04,4741373.71,C.T. LA ROBLA,132,0,No,6.75,0,0,284553.04,4741373.71
1102,R1-002,"UFD DISTRIBUCIÓN ELECTRICIDAD, SA",León,Laguna de Negrillos,280408.08,4680639.47,LAGUNA DE NEGRILLOS,15,0,No,3.37,1.3,0,280408.08,4680639.47
1103,R1-002,"UFD DISTRIBUCIÓN ELECTRICIDAD, SA",León,Laguna de Negrillos,280408.08,4680639.47,LAGUNA DE NEGRILLOS,45,0,No,0,0,0,280408.08,4680639.47
1104,R1-002,"UFD DISTRIBUCIÓN ELECTRICIDAD, SA",León,"Barrios de Luna, Los",267922.83,4745029.66,C.H.SAN ISIDORO BARRIOS DE LUNA,15,0,No,5.91,0,0,267922.83,4745029.66
1105,R1-002,"UFD DISTRIBUCIÓN ELECTRICIDAD, SA",León,"Barrios de Luna, Los",267922.83,4745029.66,C.H.SAN ISIDORO BARRIOS DE LUNA,132,0,No,0,0,0,267922.83,4745029.66
1106,R1-002,"UFD DISTRIBUCIÓN ELECTRICIDAD, SA",León,Ponferrada,200062.7,4718910.48,CAMPONARAYA,15,0,No,22.05,0,0,200062.7,4718910.48
1107,R1-002,"UFD DISTRIBUCIÓN ELECTRICIDAD, SA",León,Ponferrada,200062.7,4718910.48,CAMPONARAYA,45,0.53,No,0,0,0,200062.7,4718910.48
1108,R1-002,"UFD DISTRIBUCIÓN ELECTRICIDAD, SA",León,Ponferrada,208377,4719070.35,LA LLANADA,15,0,No,5.65,0,0,208377,4719070.35
1109,R1-002,"UFD DISTRIBUCIÓN ELECTRICIDAD, SA",León,Ponferrada,208377,4719070.35,LA LLANADA,45,0.02,No,0,0,0,208377,4719070.35
1110,R1-002,"UFD DISTRIBUCIÓN ELECTRICIDAD, SA",León,Ponferrada,204065.2,4718338.34,PONFERRADA,15,0.43,No,47.94,0,0,204065.2,4718338.34
1111,R1-002,"UFD DISTRIBUCIÓN ELECTRICIDAD, SA",León,Ponferrada,204065.2,4718338.34,PONFERRADA,45,0.44,No,0,9.24,0,204065.2,4718338.34
1112,R1-002,"UFD DISTRIBUCIÓN ELECTRICIDAD, SA",León,Ponferrada,204065.2,4718338.34,PONFERRADA,132,2.23,No,0,0,0,204065.2,4718338.34
1113,R1-002,"UFD DISTRIBUCIÓN ELECTRICIDAD, SA",León,Rioseco de Tapia,269327.94,4730652.06,C.H.ESPINOSA,15,0,No,2.21,0,0,269327.94,4730652.06
1114,R1-002,"UFD DISTRIBUCIÓN ELECTRICIDAD, SA",León,Rioseco de Tapia,269327.94,4730652.06,C.H.ESPINOSA,45,0,No,0,0,0,269327.94,4730652.06
1115,R1-002,"UFD DISTRIBUCIÓN ELECTRICIDAD, SA",León,Rioseco de Tapia,269327.94,4730652.06,C.H.ESPINOSA,132,0,No,0,0,0,269327.94,4730652.06
1116,R1-002,"UFD DISTRIBUCIÓN ELECTRICIDAD, SA",León,Santa María del Páramo,274125.71,4693124.46,SANTA MARIA DEL PARAMO,15,0,No,5.85,0,0,274125.71,4693124.46
1117,R1-002,"UFD DISTRIBUCIÓN ELECTRICIDAD, SA",León,Santa María del Páramo,274125.71,4693124.46,SANTA MARIA DEL PARAMO,45,0,No,0,0,0,274125.71,4693124.46
1118,R1-002,"UFD DISTRIBUCIÓN ELECTRICIDAD, SA",León,Toral de los Vados,190503.86,4720583.02,CRISTALGLASS,45,0.53,No,0,0,0,190503.86,4720583.02
1119,R1-002,"UFD DISTRIBUCIÓN ELECTRICIDAD, SA",León,Toreno,210621.62,4739550.27,MATARROSA,15,0,No,3.09,0,0,210621.62,4739550.27
1120,R1-002,"UFD DISTRIBUCIÓN ELECTRICIDAD, SA",León,Toreno,210621.62,4739550.27,MATARROSA,45,0.42,No,0,0,0,210621.62,4739550.27
1121,R1-002,"UFD DISTRIBUCIÓN ELECTRICIDAD, SA",León,Torre del Bierzo,222420.68,4721641.66,ALBARES,15,0,No,8.16,0,0,222420.68,4721641.66
1122,R1-002,"UFD DISTRIBUCIÓN ELECTRICIDAD, SA",León,Torre del Bierzo,222420.68,4721641.66,ALBARES,45,0.24,No,0,0,0,222420.68,4721641.66
1123,R1-002,"UFD DISTRIBUCIÓN ELECTRICIDAD, SA",León,Torre del Bierzo,222420.68,4721641.66,ALBARES,132,0.2,No,0,0,0,222420.68,4721641.66
1124,R1-002,"UFD DISTRIBUCIÓN ELECTRICIDAD, SA",León,Villablino,231757.08,4759331.6,VILLABLINO,33,0,No,4,0,0,231757.08,4759331.6
1125,R1-002,"UFD DISTRIBUCIÓN ELECTRICIDAD, SA",León,Villadangos del Páramo,273702.47,4712465.68,VILLADANGOS,15,0,No,32.7,3.3,0,273702.47,4712465.68
1126,R1-002,"UFD DISTRIBUCIÓN ELECTRICIDAD, SA",León,Villadangos del Páramo,273702.47,4712465.68,VILLADANGOS,45,0,No,0,0,0,273702.47,4712465.68
1127,R1-002,"UFD DISTRIBUCIÓN ELECTRICIDAD, SA",León,Villadangos del Páramo,273702.47,4712465.68,VILLADANGOS,132,0,No,20,0,0,273702.47,4712465.68
1128,R1-002,"UFD DISTRIBUCIÓN ELECTRICIDAD, SA",León,Villafranca del Bierzo,187809.14,4723388.61,VILLAFRANCA DEL BIERZO,15,0,No,19.33,0,0,187809.14,4723388.61
1129,R1-002,"UFD DISTRIBUCIÓN ELECTRICIDAD, SA",León,Villafranca del Bierzo,187809.14,4723388.61,VILLAFRANCA DEL BIERZO,45,0.52,No,0,0,0,187809.14,4723388.61
1130,R1-002,"UFD DISTRIBUCIÓN ELECTRICIDAD, SA",Lugo,Begonte,122198.14,4785030.78,FIBRANOR,132,0,No,0,1.5,0,122198.14,4785030.78
1131,R1-002,"UFD DISTRIBUCIÓN ELECTRICIDAD, SA",Lugo,Carballedo,111367.95,4712541.49,PEARES,20,0,No,11.37,0.45,0,111367.95,4712541.49
1132,R1-002,"UFD DISTRIBUCIÓN ELECTRICIDAD, SA",Lugo,Carballedo,111367.95,4712541.49,PEARES,132,2.05,No,0,0,0,111367.95,4712541.49
1133,R1-002,"UFD DISTRIBUCIÓN ELECTRICIDAD, SA",Lugo,Chantada,113464.91,4730112.47,BELESAR,132,5.37,No,0,0,0,113464.91,4730112.47
1134,R1-002,"UFD DISTRIBUCIÓN ELECTRICIDAD, SA",Lugo,Chantada,108942.25,4730257.37,CHANTADA,20,0,No,13.01,0,0,108942.25,4730257.37
1135,R1-002,"UFD DISTRIBUCIÓN ELECTRICIDAD, SA",Lugo,Chantada,108942.25,4730257.37,CHANTADA,66,2.96,No,0,0,0,108942.25,4730257.37
1136,R1-002,"UFD DISTRIBUCIÓN ELECTRICIDAD, SA",Lugo,Chantada,108942.25,4730257.37,CHANTADA,132,2.42,No,100,0,0,108942.25,4730257.37
1137,R1-002,"UFD DISTRIBUCIÓN ELECTRICIDAD, SA",Lugo,Friol,107467.84,4774326.88,FRIOL,20,0,No,2.66,0,0,107467.84,4774326.88
1138,R1-002,"UFD DISTRIBUCIÓN ELECTRICIDAD, SA",Lugo,Friol,107467.84,4774326.88,FRIOL,66,0.34,No,0,0,0,107467.84,4774326.88
1139,R1-002,"UFD DISTRIBUCIÓN ELECTRICIDAD, SA",Lugo,Láncara,152652.97,4747054.79,P.E. MONTES DE ABELLA,132,0,No,34.95,0,0,152652.97,4747054.79
1140,R1-002,"UFD DISTRIBUCIÓN ELECTRICIDAD, SA",Lugo,Lugo,127291.31,4773021.57,LUGO,20,0,No,70.97,0.3,0,127291.31,4773021.57
1141,R1-002,"UFD DISTRIBUCIÓN ELECTRICIDAD, SA",Lugo,Lugo,127291.31,4773021.57,LUGO,132,0,No,0,0,0,127291.31,4773021.57
1142,R1-002,"UFD DISTRIBUCIÓN ELECTRICIDAD, SA",Lugo,Monforte de Lemos,129178.21,4716426.81,MONFORTE,20,0,No,31.63,4.6,0,129178.21,4716426.81
1143,R1-002,"UFD DISTRIBUCIÓN ELECTRICIDAD, SA",Lugo,Monforte de Lemos,129178.21,4716426.81,MONFORTE,132,2.31,No,0,0,0,129178.21,4716426.81
1144,R1-002,"UFD DISTRIBUCIÓN ELECTRICIDAD, SA",Lugo,"Corgo, O",144185.77,4761768.52,CORGO,20,0,No,22.54,0.6,0,144185.77,4761768.52
1145,R1-002,"UFD DISTRIBUCIÓN ELECTRICIDAD, SA",Lugo,"Corgo, O",144185.77,4761768.52,CORGO,132,2.02,No,0,0,0,144185.77,4761768.52
1146,R1-002,"UFD DISTRIBUCIÓN ELECTRICIDAD, SA",Lugo,Palas de Rei,102283.23,4757478.79,PALAS,20,0,No,8.35,0.44,0,102283.23,4757478.79
1147,R1-002,"UFD DISTRIBUCIÓN ELECTRICIDAD, SA",Lugo,Palas de Rei,102283.23,4757478.79,PALAS,66,0.31,No,0,0,0,102283.23,4757478.79
1148,R1-002,"UFD DISTRIBUCIÓN ELECTRICIDAD, SA",Lugo,Sarria,138106.08,4745474.08,SARRIA,20,0,No,34.3,0,0,138106.08,4745474.08
1149,R1-002,"UFD DISTRIBUCIÓN ELECTRICIDAD, SA",Lugo,Sarria,138106.08,4745474.08,SARRIA,132,2.84,No,0,0,0,138106.08,4745474.08
1150,R1-002,"UFD DISTRIBUCIÓN ELECTRICIDAD, SA",Lugo,Triacastela,154019.91,4742716.88,TRIACASTELA,20,0,No,7.09,0,0,154019.91,4742716.88
1151,R1-002,"UFD DISTRIBUCIÓN ELECTRICIDAD, SA",Lugo,Triacastela,154019.91,4742716.88,TRIACASTELA,132,2.09,No,0,0,0,154019.91,4742716.88
1152,R1-002,"UFD DISTRIBUCIÓN ELECTRICIDAD, SA",Madrid,Ajalvir,460391.56,4482723.05,I.N.T.A.,15,0,No,4.87,0,0,460391.56,4482723.05
1153,R1-002,"UFD DISTRIBUCIÓN ELECTRICIDAD, SA",Madrid,Ajalvir,460391.56,4482723.05,I.N.T.A.,45,0,No,0,0,0,460391.56,4482723.05
1154,R1-002,"UFD DISTRIBUCIÓN ELECTRICIDAD, SA",Madrid,Alcalá de Henares,467283.92,4480837,ALCALA I,15,0,No,75.19,5.63,0,467283.92,4480837
1155,R1-002,"UFD DISTRIBUCIÓN ELECTRICIDAD, SA",Madrid,Alcalá de Henares,467283.92,4480837,ALCALA I,45,0,No,0,25,0,467283.92,4480837
1156,R1-002,"UFD DISTRIBUCIÓN ELECTRICIDAD, SA",Madrid,Alcalá de Henares,467283.92,4480837,ALCALA I,132,0,No,0,0,0,467283.92,4480837
1157,R1-002,"UFD DISTRIBUCIÓN ELECTRICIDAD, SA",Madrid,Alcalá de Henares,472918.34,4484520.59,ALCALA II,15,0,No,40.99,3.42,0,472918.34,4484520.59
1158,R1-002,"UFD DISTRIBUCIÓN ELECTRICIDAD, SA",Madrid,Alcalá de Henares,472918.34,4484520.59,ALCALA II,132,0,No,50,10,0,472918.34,4484520.59
1159,R1-002,"UFD DISTRIBUCIÓN ELECTRICIDAD, SA",Madrid,Alcobendas,449349.66,4484488.69,AENA,45,0,No,0,0,0,449349.66,4484488.69
1160,R1-002,"UFD DISTRIBUCIÓN ELECTRICIDAD, SA",Madrid,Aranjuez,445769.89,4430711.01,ARANJUEZ I,15,0,No,66.57,0,0,445769.89,4430711.01
1161,R1-002,"UFD DISTRIBUCIÓN ELECTRICIDAD, SA",Madrid,Aranjuez,445769.89,4430711.01,ARANJUEZ I,45,0,No,0,10.8,0,445769.89,4430711.01
1162,R1-002,"UFD DISTRIBUCIÓN ELECTRICIDAD, SA",Madrid,Aranjuez,445769.89,4430711.01,ARANJUEZ I,132,0,No,0,0,0,445769.89,4430711.01
1163,R1-002,"UFD DISTRIBUCIÓN ELECTRICIDAD, SA",Madrid,Aranjuez,450987.42,4431415.79,CERRO GULLON,15,0,No,47.03,7.5,0,450987.42,4431415.79
1164,R1-002,"UFD DISTRIBUCIÓN ELECTRICIDAD, SA",Madrid,Aranjuez,450987.42,4431415.79,CERRO GULLON,132,0,No,0,0,0,450987.42,4431415.79
1165,R1-002,"UFD DISTRIBUCIÓN ELECTRICIDAD, SA",Madrid,Arganda del Rey,460964.93,4461325.7,ARGANDA,15,0,No,101.28,9,0,460964.93,4461325.7
1166,R1-002,"UFD DISTRIBUCIÓN ELECTRICIDAD, SA",Madrid,Arganda del Rey,460964.93,4461325.7,ARGANDA,45,4.32,No,0,20,0,460964.93,4461325.7
1167,R1-002,"UFD DISTRIBUCIÓN ELECTRICIDAD, SA",Madrid,Arganda del Rey,459120.86,4463551.45,LA POVEDA,15,0,No,77.07,0,0,459120.86,4463551.45
1168,R1-002,"UFD DISTRIBUCIÓN ELECTRICIDAD, SA",Madrid,Arganda del Rey,459120.86,4463551.45,LA POVEDA,45,0,No,0,0,0,459120.86,4463551.45
1169,R1-002,"UFD DISTRIBUCIÓN ELECTRICIDAD, SA",Madrid,Ciempozuelos,444635.96,4442592.17,LA SENDILLA,15,0,No,34.3,46.64,0,444635.96,4442592.17
1170,R1-002,"UFD DISTRIBUCIÓN ELECTRICIDAD, SA",Madrid,Ciempozuelos,444635.96,4442592.17,LA SENDILLA,45,0,No,0,0,0,444635.96,4442592.17
1171,R1-002,"UFD DISTRIBUCIÓN ELECTRICIDAD, SA",Madrid,Colmenar de Oreja,467538.02,4440104.99,COLMENAR DE OREJA,15,0,No,17.7,0,0,467538.02,4440104.99
1172,R1-002,"UFD DISTRIBUCIÓN ELECTRICIDAD, SA",Madrid,Colmenar de Oreja,467538.02,4440104.99,COLMENAR DE OREJA,45,0,No,0,0,0,467538.02,4440104.99
1173,R1-002,"UFD DISTRIBUCIÓN ELECTRICIDAD, SA",Madrid,Coslada,454106.91,4473753.87,BARRIO DEL JARAMA,15,0,No,79.43,0,0,454106.91,4473753.87
1174,R1-002,"UFD DISTRIBUCIÓN ELECTRICIDAD, SA",Madrid,Coslada,454106.91,4473753.87,BARRIO DEL JARAMA,45,0,No,0,0,0,454106.91,4473753.87
1175,R1-002,"UFD DISTRIBUCIÓN ELECTRICIDAD, SA",Madrid,Coslada,452920.29,4476692.89,CITIPAL,15,0,No,32.1,13.07,0,452920.29,4476692.89
1176,R1-002,"UFD DISTRIBUCIÓN ELECTRICIDAD, SA",Madrid,Coslada,452920.29,4476692.89,CITIPAL,45,0,No,0,0,0,452920.29,4476692.89
1177,R1-002,"UFD DISTRIBUCIÓN ELECTRICIDAD, SA",Madrid,Coslada,451236.93,4474811.89,COSLADA,15,0,No,62.28,0,0,451236.93,4474811.89
1178,R1-002,"UFD DISTRIBUCIÓN ELECTRICIDAD, SA",Madrid,Coslada,451236.93,4474811.89,COSLADA,45,0,No,0,0,0,451236.93,4474811.89
1179,R1-002,"UFD DISTRIBUCIÓN ELECTRICIDAD, SA",Madrid,Coslada,454660.77,4477316.1,SAN FERNANDO,15,0,No,23.7,0,0,454660.77,4477316.1
1180,R1-002,"UFD DISTRIBUCIÓN ELECTRICIDAD, SA",Madrid,Coslada,454660.77,4477316.1,SAN FERNANDO,45,0,No,0,0,0,454660.77,4477316.1
1181,R1-002,"UFD DISTRIBUCIÓN ELECTRICIDAD, SA",Madrid,Getafe,441276.72,4463317.64,GETAFE,15,0,No,33.88,3,0,441276.72,4463317.64
1182,R1-002,"UFD DISTRIBUCIÓN ELECTRICIDAD, SA",Madrid,Getafe,441276.72,4463317.64,GETAFE,45,0.92,No,15,8,0,441276.72,4463317.64
1183,R1-002,"UFD DISTRIBUCIÓN ELECTRICIDAD, SA",Madrid,Loeches,464366.65,4470880.65,LOECHES,15,0,No,55.72,0,0,464366.65,4470880.65
1184,R1-002,"UFD DISTRIBUCIÓN ELECTRICIDAD, SA",Madrid,Loeches,464366.65,4470880.65,LOECHES,45,0,No,0,0,0,464366.65,4470880.65
1185,R1-002,"UFD DISTRIBUCIÓN ELECTRICIDAD, SA",Madrid,Loeches,464366.65,4470880.65,LOECHES,132,0,No,0,0,0,464366.65,4470880.65
1186,R1-002,"UFD DISTRIBUCIÓN ELECTRICIDAD, SA",Madrid,Madrid,445375.51,4471073.47,ALTO PALOMERAS,15,0,No,39.94,0,0,445375.51,4471073.47
1187,R1-002,"UFD DISTRIBUCIÓN ELECTRICIDAD, SA",Madrid,Madrid,445375.51,4471073.47,ALTO PALOMERAS,45,0,No,0,0,0,445375.51,4471073.47
1188,R1-002,"UFD DISTRIBUCIÓN ELECTRICIDAD, SA",Madrid,Madrid,452925.56,4477340.35,ARAGON,15,0,No,25.7,35.7,0,452925.56,4477340.35
1189,R1-002,"UFD DISTRIBUCIÓN ELECTRICIDAD, SA",Madrid,Madrid,452925.56,4477340.35,ARAGON,45,0,No,0,0,0,452925.56,4477340.35
1190,R1-002,"UFD DISTRIBUCIÓN ELECTRICIDAD, SA",Madrid,Madrid,441127.68,4478241.02,AZCA,15,0,No,66.14,0,0,441127.68,4478241.02
1191,R1-002,"UFD DISTRIBUCIÓN ELECTRICIDAD, SA",Madrid,Madrid,450333.14,4480697.33,BARAJAS,15,0,No,53.36,17.34,0,450333.14,4480697.33
1192,R1-002,"UFD DISTRIBUCIÓN ELECTRICIDAD, SA",Madrid,Madrid,450333.14,4480697.33,BARAJAS,45,0,No,0,142.5,0,450333.14,4480697.33
1193,R1-002,"UFD DISTRIBUCIÓN ELECTRICIDAD, SA",Madrid,Madrid,445115.63,4475489.1,BARRIO DE BILBAO,15,0,No,16.4,0,0,445115.63,4475489.1
1194,R1-002,"UFD DISTRIBUCIÓN ELECTRICIDAD, SA",Madrid,Madrid,445115.63,4475489.1,BARRIO DE BILBAO,45,0,No,0,0,0,445115.63,4475489.1
1195,R1-002,"UFD DISTRIBUCIÓN ELECTRICIDAD, SA",Madrid,Madrid,442440.86,4469733.68,BARRIO DE LA PAZ,15,1.47,No,21.83,20.48,0,442440.86,4469733.68
1196,R1-002,"UFD DISTRIBUCIÓN ELECTRICIDAD, SA",Madrid,Madrid,442440.86,4469733.68,BARRIO DE LA PAZ,45,0,No,0,309.98,0,442440.86,4469733.68
1197,R1-002,"UFD DISTRIBUCIÓN ELECTRICIDAD, SA",Madrid,Madrid,447809.79,4468271.6,CAMINO CONGOSTO,15,0,No,56.58,6.58,0,447809.79,4468271.6
1198,R1-002,"UFD DISTRIBUCIÓN ELECTRICIDAD, SA",Madrid,Madrid,447809.79,4468271.6,CAMINO CONGOSTO,45,0,No,16,0,0,447809.79,4468271.6
1199,R1-002,"UFD DISTRIBUCIÓN ELECTRICIDAD, SA",Madrid,Madrid,447324.68,4479500.5,CAMPO NACIONES NUEVO,15,0,No,96.38,0,0,447324.68,4479500.5
1200,R1-002,"UFD DISTRIBUCIÓN ELECTRICIDAD, SA",Madrid,Madrid,447324.68,4479500.5,CAMPO NACIONES NUEVO,45,0,No,0,0,0,447324.68,4479500.5
1201,R1-002,"UFD DISTRIBUCIÓN ELECTRICIDAD, SA",Madrid,Madrid,447895.02,4476186.24,CANILLEJAS,15,0,No,108.45,1.14,0,447895.02,4476186.24
1202,R1-002,"UFD DISTRIBUCIÓN ELECTRICIDAD, SA",Madrid,Madrid,447895.02,4476186.24,CANILLEJAS,45,0,No,50,0,0,447895.02,4476186.24
1203,R1-002,"UFD DISTRIBUCIÓN ELECTRICIDAD, SA",Madrid,Madrid,442577.7,4472012.28,CERRO DE LA PLATA NUEVA,15,0,No,142.71,0.2,0,442577.7,4472012.28
1204,R1-002,"UFD DISTRIBUCIÓN ELECTRICIDAD, SA",Madrid,Madrid,442577.7,4472012.28,CERRO DE LA PLATA NUEVA,45,7.3,No,0,0,0,442577.7,4472012.28
1205,R1-002,"UFD DISTRIBUCIÓN ELECTRICIDAD, SA",Madrid,Madrid,440660.35,4478491.11,CHAMARTIN,15,0,No,25.05,0,0,440660.35,4478491.11
1206,R1-002,"UFD DISTRIBUCIÓN ELECTRICIDAD, SA",Madrid,Madrid,440660.35,4478491.11,CHAMARTIN,45,0,No,0,0,0,440660.35,4478491.11
1207,R1-002,"UFD DISTRIBUCIÓN ELECTRICIDAD, SA",Madrid,Madrid,450641.08,4465390.75,COG. VALDEMINGOMEZ,45,0,No,4.37,257.47,0,450641.08,4465390.75
1208,R1-002,"UFD DISTRIBUCIÓN ELECTRICIDAD, SA",Madrid,Madrid,444132.81,4476048.73,CONCEPCION,15,0,No,49.54,3.43,0,444132.81,4476048.73
1209,R1-002,"UFD DISTRIBUCIÓN ELECTRICIDAD, SA",Madrid,Madrid,444132.81,4476048.73,CONCEPCION,45,0,No,0,0,0,444132.81,4476048.73
1210,R1-002,"UFD DISTRIBUCIÓN ELECTRICIDAD, SA",Madrid,Madrid,445438.5,4477920.68,EL COTO,15,0,No,82.51,0.21,0,445438.5,4477920.68
1211,R1-002,"UFD DISTRIBUCIÓN ELECTRICIDAD, SA",Madrid,Madrid,446751.73,4472320.18,EL VANDEL,15,0,No,16.87,0.72,0,446751.73,4472320.18
1212,R1-002,"UFD DISTRIBUCIÓN ELECTRICIDAD, SA",Madrid,Madrid,446751.73,4472320.18,EL VANDEL,45,0,No,0,0,0,446751.73,4472320.18
1213,R1-002,"UFD DISTRIBUCIÓN ELECTRICIDAD, SA",Madrid,Madrid,443698.25,4480440.46,HORTALEZA,15,0,No,84.64,0,0,443698.25,4480440.46
1214,R1-002,"UFD DISTRIBUCIÓN ELECTRICIDAD, SA",Madrid,Madrid,443698.25,4480440.46,HORTALEZA,45,9.35,No,0,0,0,443698.25,4480440.46
1215,R1-002,"UFD DISTRIBUCIÓN ELECTRICIDAD, SA",Madrid,Madrid,450264.45,4477022.35,LAS MERCEDES,15,0,No,64.09,0,0,450264.45,4477022.35
1216,R1-002,"UFD DISTRIBUCIÓN ELECTRICIDAD, SA",Madrid,Madrid,450264.45,4477022.35,LAS MERCEDES,45,0,No,0,0,0,450264.45,4477022.35
1217,R1-002,"UFD DISTRIBUCIÓN ELECTRICIDAD, SA",Madrid,Madrid,440028.33,4472537.14,LAS PEÑUELAS,15,0,No,36.56,0.65,0,440028.33,4472537.14
1218,R1-002,"UFD DISTRIBUCIÓN ELECTRICIDAD, SA",Madrid,Madrid,440028.33,4472537.14,LAS PEÑUELAS,45,0,No,0,0,0,440028.33,4472537.14
1219,R1-002,"UFD DISTRIBUCIÓN ELECTRICIDAD, SA",Madrid,Madrid,450574,4468825,LOS BERROCALES,15,0,No,60.29,0,0,450574,4468825
1220,R1-002,"UFD DISTRIBUCIÓN ELECTRICIDAD, SA",Madrid,Madrid,450574,4468825,LOS BERROCALES,132,0,No,0,0,0,450574,4468825
1221,R1-002,"UFD DISTRIBUCIÓN ELECTRICIDAD, SA",Madrid,Madrid,443955.15,4476165.42,MANUEL BECERRA,15,0.61,No,70.96,0,0,443955.15,4476165.42
1222,R1-002,"UFD DISTRIBUCIÓN ELECTRICIDAD, SA",Madrid,Madrid,438990.63,4473794.88,MAZARREDO,15,0,No,103.7,0,0,438990.63,4473794.88
1223,R1-002,"UFD DISTRIBUCIÓN ELECTRICIDAD, SA",Madrid,Madrid,441358.15,4473479.04,MEDIODIA,15,0,No,72.05,10.74,0,441358.15,4473479.04
1224,R1-002,"UFD DISTRIBUCIÓN ELECTRICIDAD, SA",Madrid,Madrid,444247.25,4468534.2,MERCAMADRID,15,0,No,71.52,14,0,444247.25,4468534.2
1225,R1-002,"UFD DISTRIBUCIÓN ELECTRICIDAD, SA",Madrid,Madrid,444247.25,4468534.2,MERCAMADRID,132,0,No,0,0,0,444247.25,4468534.2
1226,R1-002,"UFD DISTRIBUCIÓN ELECTRICIDAD, SA",Madrid,Madrid,445549.07,4472591.63,MORATALAZ,15,0,No,38.13,0,0,445549.07,4472591.63
1227,R1-002,"UFD DISTRIBUCIÓN ELECTRICIDAD, SA",Madrid,Madrid,445549.07,4472591.63,MORATALAZ,45,0,No,0,0,0,445549.07,4472591.63
1228,R1-002,"UFD DISTRIBUCIÓN ELECTRICIDAD, SA",Madrid,Madrid,440677.14,4475747.32,NORTE,15,3.67,No,111.06,0,0,440677.14,4475747.32
1229,R1-002,"UFD DISTRIBUCIÓN ELECTRICIDAD, SA",Madrid,Madrid,440677.14,4475747.32,NORTE,45,7.75,No,0,0,0,440677.14,4475747.32
1230,R1-002,"UFD DISTRIBUCIÓN ELECTRICIDAD, SA",Madrid,Madrid,441230.62,4477429.66,NUEVOS MINISTERIOS,15,0,No,56.23,0.67,0,441230.62,4477429.66
1231,R1-002,"UFD DISTRIBUCIÓN ELECTRICIDAD, SA",Madrid,Madrid,441230.62,4477429.66,NUEVOS MINISTERIOS,45,0,No,0,0,0,441230.62,4477429.66
1232,R1-002,"UFD DISTRIBUCIÓN ELECTRICIDAD, SA",Madrid,Madrid,441410.66,4475145.1,PASEO DE RECOLETOS,15,1.26,No,24.45,0,0,441410.66,4475145.1
1233,R1-002,"UFD DISTRIBUCIÓN ELECTRICIDAD, SA",Madrid,Madrid,441410.66,4475145.1,PASEO DE RECOLETOS,45,0,No,0,0,0,441410.66,4475145.1
1234,R1-002,"UFD DISTRIBUCIÓN ELECTRICIDAD, SA",Madrid,Madrid,444384.88,4481437.57,PINAR,15,0,No,18.96,0,0,444384.88,4481437.57
1235,R1-002,"UFD DISTRIBUCIÓN ELECTRICIDAD, SA",Madrid,Madrid,444384.88,4481437.57,PINAR,45,0,No,0,0,0,444384.88,4481437.57
1236,R1-002,"UFD DISTRIBUCIÓN ELECTRICIDAD, SA",Madrid,Madrid,444370.65,4473745.41,POLIGONO 38,15,4.4,No,34.1,0,0,444370.65,4473745.41
1237,R1-002,"UFD DISTRIBUCIÓN ELECTRICIDAD, SA",Madrid,Madrid,444370.65,4473745.41,POLIGONO 38,45,0,No,0,0,0,444370.65,4473745.41
1238,R1-002,"UFD DISTRIBUCIÓN ELECTRICIDAD, SA",Madrid,Madrid,443470.94,4477110.02,PROSPERIDAD,15,0,No,102.93,0,0,443470.94,4477110.02
1239,R1-002,"UFD DISTRIBUCIÓN ELECTRICIDAD, SA",Madrid,Madrid,441157.23,4470593.36,PUENTE PRINCESA,15,1.02,No,80.67,0,0,441157.23,4470593.36
1240,R1-002,"UFD DISTRIBUCIÓN ELECTRICIDAD, SA",Madrid,Madrid,441157.23,4470593.36,PUENTE PRINCESA,45,7.65,No,0,0,0,441157.23,4470593.36
1241,R1-002,"UFD DISTRIBUCIÓN ELECTRICIDAD, SA",Madrid,Madrid,453092.89,4478227.69,REJAS,15,0,No,12.23,0,0,453092.89,4478227.69
1242,R1-002,"UFD DISTRIBUCIÓN ELECTRICIDAD, SA",Madrid,Madrid,453092.89,4478227.69,REJAS,45,0,No,0,0,0,453092.89,4478227.69
1243,R1-002,"UFD DISTRIBUCIÓN ELECTRICIDAD, SA",Madrid,Madrid,438989.7,4475018.72,ROSALES,15,0,No,36.81,1.94,0,438989.7,4475018.72
1244,R1-002,"UFD DISTRIBUCIÓN ELECTRICIDAD, SA",Madrid,Madrid,438989.7,4475018.72,ROSALES,45,0,No,0,0,0,438989.7,4475018.72
1245,R1-002,"UFD DISTRIBUCIÓN ELECTRICIDAD, SA",Madrid,Madrid,442230.25,4475099.18,SALAMANCA,15,0,No,43.81,3.7,0,442230.25,4475099.18
1246,R1-002,"UFD DISTRIBUCIÓN ELECTRICIDAD, SA",Madrid,Madrid,442230.25,4475099.18,SALAMANCA,45,0,No,0,0,0,442230.25,4475099.18
1247,R1-002,"UFD DISTRIBUCIÓN ELECTRICIDAD, SA",Madrid,Madrid,447324.74,4474068.57,SAN BLAS,15,0,No,21.99,1.25,0,447324.74,4474068.57
1248,R1-002,"UFD DISTRIBUCIÓN ELECTRICIDAD, SA",Madrid,Madrid,447324.74,4474068.57,SAN BLAS,45,0,No,0,0,0,447324.74,4474068.57
1249,R1-002,"UFD DISTRIBUCIÓN ELECTRICIDAD, SA",Madrid,Madrid,444196.02,4470608.37,SAN DIEGO,15,0,No,62.46,0,0,444196.02,4470608.37
1250,R1-002,"UFD DISTRIBUCIÓN ELECTRICIDAD, SA",Madrid,Madrid,444196.02,4470608.37,SAN DIEGO,45,0,No,0,0,0,444196.02,4470608.37
1251,R1-002,"UFD DISTRIBUCIÓN ELECTRICIDAD, SA",Madrid,Madrid,441637.19,4475107.99,SERRANO,15,0,No,32.01,0,0,441637.19,4475107.99
1252,R1-002,"UFD DISTRIBUCIÓN ELECTRICIDAD, SA",Madrid,Madrid,441637.19,4475107.99,SERRANO,45,0,No,0,0,0,441637.19,4475107.99
1253,R1-002,"UFD DISTRIBUCIÓN ELECTRICIDAD, SA",Madrid,Madrid,446516.28,4475957.93,SIMANCAS,15,0,No,116.82,10.33,0,446516.28,4475957.93
1254,R1-002,"UFD DISTRIBUCIÓN ELECTRICIDAD, SA",Madrid,Madrid,448824.59,4481976.44,VALDEBEBAS,15,0,No,103.11,14.7,0,448824.59,4481976.44
1255,R1-002,"UFD DISTRIBUCIÓN ELECTRICIDAD, SA",Madrid,Madrid,448824.59,4481976.44,VALDEBEBAS,45,0,No,0,0,0,448824.59,4481976.44
1256,R1-002,"UFD DISTRIBUCIÓN ELECTRICIDAD, SA",Madrid,Madrid,447379.81,4471104.07,VALLECAS 2,15,0,No,103.2,0,0,447379.81,4471104.07
1257,R1-002,"UFD DISTRIBUCIÓN ELECTRICIDAD, SA",Madrid,Madrid,447379.81,4471104.07,VALLECAS 2,45,6.34,No,0,0,0,447379.81,4471104.07
1258,R1-002,"UFD DISTRIBUCIÓN ELECTRICIDAD, SA",Madrid,Madrid,448808.09,4471991.95,VICALVARO,15,0,No,38.92,0,0,448808.09,4471991.95
1259,R1-002,"UFD DISTRIBUCIÓN ELECTRICIDAD, SA",Madrid,Madrid,448808.09,4471991.95,VICALVARO,45,0,No,0,0,0,448808.09,4471991.95
1260,R1-002,"UFD DISTRIBUCIÓN ELECTRICIDAD, SA",Madrid,Madrid,441413.11,4468361.15,VILLAVERDE,15,0,No,35.5,0,0,441413.11,4468361.15
1261,R1-002,"UFD DISTRIBUCIÓN ELECTRICIDAD, SA",Madrid,Madrid,441413.11,4468361.15,VILLAVERDE,45,0,No,0,0,0,441413.11,4468361.15
1262,R1-002,"UFD DISTRIBUCIÓN ELECTRICIDAD, SA",Madrid,Mejorada del Campo,459626.44,4471215.81,MEJORADA,15,0,No,59.03,9,0,459626.44,4471215.81
1263,R1-002,"UFD DISTRIBUCIÓN ELECTRICIDAD, SA",Madrid,Mejorada del Campo,459626.44,4471215.81,MEJORADA,45,0,No,0,0,0,459626.44,4471215.81
1264,R1-002,"UFD DISTRIBUCIÓN ELECTRICIDAD, SA",Madrid,Navas del Rey,394046.26,4465142.17,C.H.LAS PICADAS,132,0,No,0.08,0,0,394046.26,4465142.17
1265,R1-002,"UFD DISTRIBUCIÓN ELECTRICIDAD, SA",Madrid,Nuevo Baztán,479561.12,4469492.83,NUEVO BAZTAN,15,0,No,24.73,0,0,479561.12,4469492.83
1266,R1-002,"UFD DISTRIBUCIÓN ELECTRICIDAD, SA",Madrid,Nuevo Baztán,479561.12,4469492.83,NUEVO BAZTAN,45,0,No,0,0,0,479561.12,4469492.83
1267,R1-002,"UFD DISTRIBUCIÓN ELECTRICIDAD, SA",Madrid,Perales de Tajuña,470241.94,4453871.61,PERALES,15,0,No,23.29,0,0,470241.94,4453871.61
1268,R1-002,"UFD DISTRIBUCIÓN ELECTRICIDAD, SA",Madrid,Perales de Tajuña,470241.94,4453871.61,PERALES,45,0,No,0,0,0,470241.94,4453871.61
1269,R1-002,"UFD DISTRIBUCIÓN ELECTRICIDAD, SA",Madrid,Pinto,442317.16,4458066.25,LOS ARENALES,15,0,No,40.38,6.95,0,442317.16,4458066.25
1270,R1-002,"UFD DISTRIBUCIÓN ELECTRICIDAD, SA",Madrid,Pinto,442317.16,4458066.25,LOS ARENALES,45,0,No,0.62,0,0,442317.16,4458066.25
1271,R1-002,"UFD DISTRIBUCIÓN ELECTRICIDAD, SA",Madrid,Rivas-Vaciamadrid,454691,4471086,CRISTO DE RIVAS,15,0,No,33.23,0,0,454691,4471086
1272,R1-002,"UFD DISTRIBUCIÓN ELECTRICIDAD, SA",Madrid,Rivas-Vaciamadrid,454691,4471086,CRISTO DE RIVAS,132,0,No,0,0,0,454691,4471086
1273,R1-002,"UFD DISTRIBUCIÓN ELECTRICIDAD, SA",Madrid,Rivas-Vaciamadrid,456428.97,4465648.47,MIRADOR DEL SUR,15,0,No,32.21,3.04,0,456428.97,4465648.47
1274,R1-002,"UFD DISTRIBUCIÓN ELECTRICIDAD, SA",Madrid,Rivas-Vaciamadrid,456428.97,4465648.47,MIRADOR DEL SUR,132,0,No,0,0,0,456428.97,4465648.47
1275,R1-002,"UFD DISTRIBUCIÓN ELECTRICIDAD, SA",Madrid,Rivas-Vaciamadrid,455330.11,4466793.77,VACIAMADRID,15,0,No,54.21,0,0,455330.11,4466793.77
1276,R1-002,"UFD DISTRIBUCIÓN ELECTRICIDAD, SA",Madrid,Rivas-Vaciamadrid,455330.11,4466793.77,VACIAMADRID,45,0,No,0,0,0,455330.11,4466793.77
1277,R1-002,"UFD DISTRIBUCIÓN ELECTRICIDAD, SA",Madrid,San Fernando de Henares,456397.7,4477786.66,PUENTE DE SAN FERNANDO,45,0,No,0,4.45,0,456397.7,4477786.66
1278,R1-002,"UFD DISTRIBUCIÓN ELECTRICIDAD, SA",Madrid,San Martín de la Vega,448423.48,4453598.6,PARQUE TEMATICO WARNER,15,0,No,11.58,1.25,0,448423.48,4453598.6
1279,R1-002,"UFD DISTRIBUCIÓN ELECTRICIDAD, SA",Madrid,San Martín de la Vega,448423.48,4453598.6,PARQUE TEMATICO WARNER,45,0,No,0,0,0,448423.48,4453598.6
1280,R1-002,"UFD DISTRIBUCIÓN ELECTRICIDAD, SA",Madrid,San Martín de la Vega,451561.32,4451634.18,SAN MARTIN I,15,0,No,29.95,0,0,451561.32,4451634.18
1281,R1-002,"UFD DISTRIBUCIÓN ELECTRICIDAD, SA",Madrid,San Martín de la Vega,451561.32,4451634.18,SAN MARTIN I,45,0,No,0,0,0,451561.32,4451634.18
1282,R1-002,"UFD DISTRIBUCIÓN ELECTRICIDAD, SA",Madrid,San Martín de la Vega,446588.49,4454069.6,SAN MARTIN II,15,0,No,29.37,0,0,446588.49,4454069.6
1283,R1-002,"UFD DISTRIBUCIÓN ELECTRICIDAD, SA",Madrid,San Martín de la Vega,446588.49,4454069.6,SAN MARTIN II,45,0,No,0,0,0,446588.49,4454069.6
1284,R1-002,"UFD DISTRIBUCIÓN ELECTRICIDAD, SA",Madrid,San Martín de Valdeiglesias,388844.49,4469889.73,C.H.SAN JUAN,132,0,No,0,0,0,388844.49,4469889.73
1285,R1-002,"UFD DISTRIBUCIÓN ELECTRICIDAD, SA",Madrid,Valdemoro,444275.28,4449447.93,VALDEMORO,15,0,No,28.97,5,0,444275.28,4449447.93
1286,R1-002,"UFD DISTRIBUCIÓN ELECTRICIDAD, SA",Madrid,Valdemoro,444275.28,4449447.93,VALDEMORO,45,0,No,0,36,0,444275.28,4449447.93
1287,R1-002,"UFD DISTRIBUCIÓN ELECTRICIDAD, SA",Madrid,Valdemoro,445125.42,4446086.48,VALDEMORO 2,15,0,No,37.07,3,0,445125.42,4446086.48
1288,R1-002,"UFD DISTRIBUCIÓN ELECTRICIDAD, SA",Madrid,Valdemoro,445125.42,4446086.48,VALDEMORO 2,45,0,No,0,0,0,445125.42,4446086.48
1289,R1-002,"UFD DISTRIBUCIÓN ELECTRICIDAD, SA",Madrid,Valdemoro,445125.42,4446086.48,VALDEMORO 2,132,0,No,50,0,0,445125.42,4446086.48
1290,R1-002,"UFD DISTRIBUCIÓN ELECTRICIDAD, SA",Madrid,Villalbilla,469848.25,4475735.64,LOS HUEROS,15,0,No,26.52,14.97,0,469848.25,4475735.64
1291,R1-002,"UFD DISTRIBUCIÓN ELECTRICIDAD, SA",Madrid,Villalbilla,469848.25,4475735.64,LOS HUEROS,45,0,No,0,48.7,0,469848.25,4475735.64
1292,R1-002,"UFD DISTRIBUCIÓN ELECTRICIDAD, SA",Madrid,Villarejo de Salvanés,475155.88,4447608.77,VILLAREJO DE SALVANES,15,0,No,23.9,1,0,475155.88,4447608.77
1293,R1-002,"UFD DISTRIBUCIÓN ELECTRICIDAD, SA",Madrid,Villarejo de Salvanés,475155.88,4447608.77,VILLAREJO DE SALVANES,45,0,No,0,0,0,475155.88,4447608.77
1294,R1-002,"UFD DISTRIBUCIÓN ELECTRICIDAD, SA",Madrid,Villaviciosa de Odón,423196.22,4466816.82,VILLAVICIOSA DE ODON,132,4.63,No,0,0,0,423196.22,4466816.82
1295,R1-002,"UFD DISTRIBUCIÓN ELECTRICIDAD, SA",Ourense,"Rúa, A",160429.27,4701822.96,A RUA,20,0,No,11.26,0,0,160429.27,4701822.96
1296,R1-002,"UFD DISTRIBUCIÓN ELECTRICIDAD, SA",Ourense,"Rúa, A",160429.27,4701822.96,A RUA,132,1.57,No,0,0,0,160429.27,4701822.96
1297,R1-002,"UFD DISTRIBUCIÓN ELECTRICIDAD, SA",Ourense,Allariz,104030.93,4681209.64,ALLARIZ,20,0,No,14.85,0,0,104030.93,4681209.64
1298,R1-002,"UFD DISTRIBUCIÓN ELECTRICIDAD, SA",Ourense,Allariz,104030.93,4681209.64,ALLARIZ,132,0.74,No,0,0,0,104030.93,4681209.64
1299,R1-002,"UFD DISTRIBUCIÓN ELECTRICIDAD, SA",Ourense,Boborás,75505.23,4706862.95,ALBARELLOS,20,0,No,10.8,0,0,75505.2300000004,4706862.95
1300,R1-002,"UFD DISTRIBUCIÓN ELECTRICIDAD, SA",Ourense,Carballeda de Valdeorras,182042.86,4700172.03,CARBALLEDA,20,0,No,27.67,0.92,0,182042.86,4700172.03
1301,R1-002,"UFD DISTRIBUCIÓN ELECTRICIDAD, SA",Ourense,Carballeda de Valdeorras,182042.86,4700172.03,CARBALLEDA,132,1.37,No,0,0,0,182042.86,4700172.03
1302,R1-002,"UFD DISTRIBUCIÓN ELECTRICIDAD, SA",Ourense,Castrelo de Miño,78380.95,4694837.49,CASTRELO,20,0,No,24.59,1.2,0,78380.9500000002,4694837.49
1303,R1-002,"UFD DISTRIBUCIÓN ELECTRICIDAD, SA",Ourense,Celanova,91504.13,4677830.09,CELANOVA,20,0,No,12.97,0,0,91504.1299999999,4677830.09
1304,R1-002,"UFD DISTRIBUCIÓN ELECTRICIDAD, SA",Ourense,Celanova,91504.13,4677830.09,CELANOVA,132,0.85,No,0,0,0,91504.1299999999,4677830.09
1305,R1-002,"UFD DISTRIBUCIÓN ELECTRICIDAD, SA",Ourense,Lobios,80888.03,4655602.5,CONCHAS,20,0,No,5.71,0,0,80888.0300000003,4655602.5
1306,R1-002,"UFD DISTRIBUCIÓN ELECTRICIDAD, SA",Ourense,Lobios,80888.03,4655602.5,CONCHAS,132,2.14,No,0,0,0,80888.0300000003,4655602.5
1307,R1-002,"UFD DISTRIBUCIÓN ELECTRICIDAD, SA",Ourense,Muíños,87134.96,4656922.56,SALAS,132,1.01,No,0,0,0,87134.96,4656922.56
1308,R1-002,"UFD DISTRIBUCIÓN ELECTRICIDAD, SA",Ourense,"Barco de Valdeorras, O",170430.98,4704006.2,O BARCO,15,0,No,11.52,0,0,170430.98,4704006.2
1309,R1-002,"UFD DISTRIBUCIÓN ELECTRICIDAD, SA",Ourense,"Barco de Valdeorras, O",170430.98,4704006.2,O BARCO,132,1.43,No,0,0,0,170430.98,4704006.2
1310,R1-002,"UFD DISTRIBUCIÓN ELECTRICIDAD, SA",Ourense,"Carballiño, O",84062.62,4710592.73,CARBALLINO,20,0,No,21.33,0,0,84062.6200000001,4710592.73
1311,R1-002,"UFD DISTRIBUCIÓN ELECTRICIDAD, SA",Ourense,"Carballiño, O",84062.62,4710592.73,CARBALLINO,132,0.62,No,0,0,0,84062.6200000001,4710592.73
1312,R1-002,"UFD DISTRIBUCIÓN ELECTRICIDAD, SA",Ourense,"Irixo, O",238303,4704881,P.E.IRIXO,132,0.63,No,10,0,0,238303,4704881
1313,R1-002,"UFD DISTRIBUCIÓN ELECTRICIDAD, SA",Ourense,Ourense,99006.18,4698590.01,BARBAÑA,20,0,No,93.86,3.09,0,99006.1799999997,4698590.01
1314,R1-002,"UFD DISTRIBUCIÓN ELECTRICIDAD, SA",Ourense,Ourense,99006.18,4698590.01,BARBAÑA,132,0.67,No,0,0,0,99006.1799999997,4698590.01
1315,R1-002,"UFD DISTRIBUCIÓN ELECTRICIDAD, SA",Ourense,Ourense,92295.37,4701174.59,SACEDA,20,0,No,18.62,1.6,0,92295.3700000001,4701174.59
1316,R1-002,"UFD DISTRIBUCIÓN ELECTRICIDAD, SA",Ourense,Ourense,92295.37,4701174.59,SACEDA,132,0,No,7.23,0,0,92295.3700000001,4701174.59
1317,R1-002,"UFD DISTRIBUCIÓN ELECTRICIDAD, SA",Ourense,Ourense,100649.86,4700910.44,VELLE,20,0,No,87.91,0.63,0,100649.86,4700910.44
1318,R1-002,"UFD DISTRIBUCIÓN ELECTRICIDAD, SA",Ourense,Padrenda,70897.59,4679928.25,FRIEIRA,20,0,No,16.87,0,0,70897.5899999999,4679928.25
1319,R1-002,"UFD DISTRIBUCIÓN ELECTRICIDAD, SA",Ourense,Padrenda,70897.59,4679928.25,FRIEIRA,132,2.59,No,0,0,0,70897.5899999999,4679928.25
1320,R1-002,"UFD DISTRIBUCIÓN ELECTRICIDAD, SA",Ourense,Parada de Sil,128777.14,4702370.51,REGUEIRO,20,0,No,4.38,0,0,128777.14,4702370.51
1321,R1-002,"UFD DISTRIBUCIÓN ELECTRICIDAD, SA",Ourense,Parada de Sil,128777.14,4702370.51,REGUEIRO,132,1.53,No,0,0,0,128777.14,4702370.51
1322,R1-002,"UFD DISTRIBUCIÓN ELECTRICIDAD, SA",Ourense,San Cibrao das Viñas,102685.12,4693245.96,SAN CIPRIAN,20,0,No,46.73,0.2,0,102685.12,4693245.96
1323,R1-002,"UFD DISTRIBUCIÓN ELECTRICIDAD, SA",Ourense,San Cibrao das Viñas,102685.12,4693245.96,SAN CIPRIAN,132,0.72,No,0,0,0,102685.12,4693245.96
1324,R1-002,"UFD DISTRIBUCIÓN ELECTRICIDAD, SA",Ourense,Sarreaus,113216.13,4674314.24,SARREAUS,20,0,No,8.4,0,0,113216.13,4674314.24
1325,R1-002,"UFD DISTRIBUCIÓN ELECTRICIDAD, SA",Ourense,Sarreaus,113216.13,4674314.24,SARREAUS,132,0.75,No,0,0,0,113216.13,4674314.24
1326,R1-002,"UFD DISTRIBUCIÓN ELECTRICIDAD, SA",Ourense,Verín,129785.17,4651909.53,VERIN II,20,0,No,33.08,1.86,0,129785.17,4651909.53
1327,R1-002,"UFD DISTRIBUCIÓN ELECTRICIDAD, SA",Ourense,Verín,129785.17,4651909.53,VERIN II,132,0.82,No,0,0,0,129785.17,4651909.53
1328,R1-002,"UFD DISTRIBUCIÓN ELECTRICIDAD, SA",Ourense,Xinzo de Limia,115290.47,4654961.86,LAROUCO,132,0.45,No,0.43,0,0,115290.47,4654961.86
1329,R1-002,"UFD DISTRIBUCIÓN ELECTRICIDAD, SA",Ourense,Xinzo de Limia,110541.18,4667015.94,XINZO,20,0,No,28.83,1.25,0,110541.18,4667015.94
1330,R1-002,"UFD DISTRIBUCIÓN ELECTRICIDAD, SA",Ourense,Xinzo de Limia,110541.18,4667015.94,XINZO,132,0.77,No,0,0,0,110541.18,4667015.94
1331,R1-002,"UFD DISTRIBUCIÓN ELECTRICIDAD, SA",Pontevedra,"Estrada, A",49046.16,4740542.61,ESTRADA,20,0,No,21.73,1.02,0,49046.1600000001,4740542.61
1332,R1-002,"UFD DISTRIBUCIÓN ELECTRICIDAD, SA",Pontevedra,"Estrada, A",49046.16,4740542.61,ESTRADA,66,2.77,No,0,0,0,49046.1600000001,4740542.61
1333,R1-002,"UFD DISTRIBUCIÓN ELECTRICIDAD, SA",Pontevedra,Barro,33800.88,4723133.67,BARRO,20,0,No,6.78,0,0,33800.8799999999,4723133.67
1334,R1-002,"UFD DISTRIBUCIÓN ELECTRICIDAD, SA",Pontevedra,Barro,33800.88,4723133.67,BARRO,66,1.97,No,0,0,0,33800.8799999999,4723133.67
1335,R1-002,"UFD DISTRIBUCIÓN ELECTRICIDAD, SA",Pontevedra,Caldas de Reis,36835.7,4730255.88,TIBO,20,0,No,41.91,2.2,0,36835.7000000002,4730255.88
1336,R1-002,"UFD DISTRIBUCIÓN ELECTRICIDAD, SA",Pontevedra,Caldas de Reis,36835.7,4730255.88,TIBO,66,2.77,No,0,0,0,36835.7000000002,4730255.88
1337,R1-002,"UFD DISTRIBUCIÓN ELECTRICIDAD, SA",Pontevedra,Cambados,24835.79,4722959.19,CAMBADOS,20,0,No,34.01,6.45,0,24835.79,4722959.19
1338,R1-002,"UFD DISTRIBUCIÓN ELECTRICIDAD, SA",Pontevedra,Cambados,24835.79,4722959.19,CAMBADOS,66,0.36,No,0,0,0,24835.79,4722959.19
1339,R1-002,"UFD DISTRIBUCIÓN ELECTRICIDAD, SA",Pontevedra,Cangas,23076.65,4698165.39,CANGAS 2,20,0,No,54.74,0,0,23076.6500000004,4698165.39
1340,R1-002,"UFD DISTRIBUCIÓN ELECTRICIDAD, SA",Pontevedra,Cangas,23076.65,4698165.39,CANGAS 2,66,1.24,No,0,0,0,23076.6500000004,4698165.39
1341,R1-002,"UFD DISTRIBUCIÓN ELECTRICIDAD, SA",Pontevedra,Cerdedo-Cotobade,46397.26,4722652.21,SAN JORGE,20,0,No,3.63,0,0,46397.2599999998,4722652.21
1342,R1-002,"UFD DISTRIBUCIÓN ELECTRICIDAD, SA",Pontevedra,Cerdedo-Cotobade,46397.26,4722652.21,SAN JORGE,66,1.43,No,0,0,0,46397.2599999998,4722652.21
1343,R1-002,"UFD DISTRIBUCIÓN ELECTRICIDAD, SA",Pontevedra,Gondomar,19531.86,4678684.93,GONDOMAR,20,0,No,45.6,0,0,19531.8600000003,4678684.93
1344,R1-002,"UFD DISTRIBUCIÓN ELECTRICIDAD, SA",Pontevedra,Gondomar,19531.86,4678684.93,GONDOMAR,132,2.67,No,0,0,0,19531.8600000003,4678684.93
1345,R1-002,"UFD DISTRIBUCIÓN ELECTRICIDAD, SA",Pontevedra,Lalín,80980.67,4734879.53,LALIN,20,0,No,12.79,1.05,0,80980.6699999999,4734879.53
1346,R1-002,"UFD DISTRIBUCIÓN ELECTRICIDAD, SA",Pontevedra,Lalín,80980.67,4734879.53,LALIN,66,1.55,No,8,0,0,80980.6699999999,4734879.53
1347,R1-002,"UFD DISTRIBUCIÓN ELECTRICIDAD, SA",Pontevedra,Mos,34044.29,4689138.04,MOS,15,0,No,27.17,6.5,0,34044.29,4689138.04
1348,R1-002,"UFD DISTRIBUCIÓN ELECTRICIDAD, SA",Pontevedra,Mos,34044.29,4689138.04,MOS,132,3.61,No,14,0,0,34044.29,4689138.04
1349,R1-002,"UFD DISTRIBUCIÓN ELECTRICIDAD, SA",Pontevedra,"Porriño, O",35334.14,4680381.75,ATIOS,15,0,No,152.5,0,0,35334.1399999997,4680381.75
1350,R1-002,"UFD DISTRIBUCIÓN ELECTRICIDAD, SA",Pontevedra,"Porriño, O",35334.14,4680381.75,ATIOS,132,3.47,No,10,0,0,35334.1399999997,4680381.75
1351,R1-002,"UFD DISTRIBUCIÓN ELECTRICIDAD, SA",Pontevedra,"Rosal, O",15036.2,4658333.85,ROSAL,20,0,No,21.01,0,0,15036.2000000002,4658333.85
1352,R1-002,"UFD DISTRIBUCIÓN ELECTRICIDAD, SA",Pontevedra,"Rosal, O",15036.2,4658333.85,ROSAL,132,2.92,No,0,0,0,15036.2000000002,4658333.85
1353,R1-002,"UFD DISTRIBUCIÓN ELECTRICIDAD, SA",Pontevedra,Pazos de Borbén,38882.5,4694151.55,PAZOS DE BORBEN,66,4.55,No,0,0,0,38882.5,4694151.55
1354,R1-002,"UFD DISTRIBUCIÓN ELECTRICIDAD, SA",Pontevedra,Pazos de Borbén,38882.5,4694151.55,PAZOS DE BORBEN,132,3.31,No,0,0,0,38882.5,4694151.55
1355,R1-002,"UFD DISTRIBUCIÓN ELECTRICIDAD, SA",Pontevedra,Ponte Caldelas,42571.55,4705445.49,PONTECALDELAS,20,0,No,12.76,0,0,42571.5499999998,4705445.49
1356,R1-002,"UFD DISTRIBUCIÓN ELECTRICIDAD, SA",Pontevedra,Ponte Caldelas,42571.55,4705445.49,PONTECALDELAS,66,1.12,No,0,0,0,42571.5499999998,4705445.49
1357,R1-002,"UFD DISTRIBUCIÓN ELECTRICIDAD, SA",Pontevedra,Ponteareas,45322.46,4684996.29,PONTEAREAS,20,0,No,36.62,0,0,45322.46,4684996.29
1358,R1-002,"UFD DISTRIBUCIÓN ELECTRICIDAD, SA",Pontevedra,Ponteareas,45322.46,4684996.29,PONTEAREAS,132,3.57,No,0,0,0,45322.46,4684996.29
1359,R1-002,"UFD DISTRIBUCIÓN ELECTRICIDAD, SA",Pontevedra,Pontevedra,33865.68,4711681.62,LOURIZAN,20,0,No,84.8,5,0,33865.6799999997,4711681.62
1360,R1-002,"UFD DISTRIBUCIÓN ELECTRICIDAD, SA",Pontevedra,Pontevedra,33865.68,4711681.62,LOURIZAN,66,1.02,No,0,0,0,33865.6799999997,4711681.62
1361,R1-002,"UFD DISTRIBUCIÓN ELECTRICIDAD, SA",Pontevedra,Pontevedra,37672.05,4713757.4,MOURENTE,20,0,No,64.02,0.42,0,37672.0499999998,4713757.4
1362,R1-002,"UFD DISTRIBUCIÓN ELECTRICIDAD, SA",Pontevedra,Pontevedra,37672.05,4713757.4,MOURENTE,66,1.43,No,0,0,0,37672.0499999998,4713757.4
1363,R1-002,"UFD DISTRIBUCIÓN ELECTRICIDAD, SA",Pontevedra,Pontevedra,37624.15,4703923.2,PONTESAMPAIO,20,0,No,22.7,2.84,0,37624.1500000004,4703923.2
1364,R1-002,"UFD DISTRIBUCIÓN ELECTRICIDAD, SA",Pontevedra,Pontevedra,37624.15,4703923.2,PONTESAMPAIO,66,1.12,No,0,0,0,37624.1500000004,4703923.2
1365,R1-002,"UFD DISTRIBUCIÓN ELECTRICIDAD, SA",Pontevedra,Redondela,36327.98,4696735.15,REDONDELA,15,0,No,40.46,20,0,36327.9800000004,4696735.15
1366,R1-002,"UFD DISTRIBUCIÓN ELECTRICIDAD, SA",Pontevedra,Redondela,36327.98,4696735.15,REDONDELA,66,0.78,No,0,0,0,36327.9800000004,4696735.15
1367,R1-002,"UFD DISTRIBUCIÓN ELECTRICIDAD, SA",Pontevedra,Salvaterra de Miño,47939.58,4674203.02,SALVATERRA,20,0,No,62.14,0,0,47939.5800000001,4674203.02
1368,R1-002,"UFD DISTRIBUCIÓN ELECTRICIDAD, SA",Pontevedra,Salvaterra de Miño,47939.58,4674203.02,SALVATERRA,132,2.48,No,25,0,0,47939.5800000001,4674203.02
1369,R1-002,"UFD DISTRIBUCIÓN ELECTRICIDAD, SA",Pontevedra,Sanxenxo,22513.15,4714584.49,SANXENXO,20,0,No,14.26,8.4,0,22513.1500000004,4714584.49
1370,R1-002,"UFD DISTRIBUCIÓN ELECTRICIDAD, SA",Pontevedra,Sanxenxo,22513.15,4714584.49,SANXENXO,66,0.31,No,0,0,0,22513.1500000004,4714584.49
1371,R1-002,"UFD DISTRIBUCIÓN ELECTRICIDAD, SA",Pontevedra,Sanxenxo,20207.23,4715472.41,VILLALONGA,20,0,No,40.62,3.27,0,20207.2300000004,4715472.41
1372,R1-002,"UFD DISTRIBUCIÓN ELECTRICIDAD, SA",Pontevedra,Sanxenxo,20207.23,4715472.41,VILLALONGA,66,0.32,No,0,5,0,20207.2300000004,4715472.41
1373,R1-002,"UFD DISTRIBUCIÓN ELECTRICIDAD, SA",Pontevedra,Silleda,62262.21,4749107.58,PAIZAS,20,0,No,12.39,0,0,62262.21,4749107.58
1374,R1-002,"UFD DISTRIBUCIÓN ELECTRICIDAD, SA",Pontevedra,Silleda,62262.21,4749107.58,PAIZAS,66,5.96,No,0,0,0,62262.21,4749107.58
1375,R1-002,"UFD DISTRIBUCIÓN ELECTRICIDAD, SA",Pontevedra,Tui,31667.06,4671445.74,TUI,20,0,No,32.9,0.95,0,31667.0599999996,4671445.74
1376,R1-002,"UFD DISTRIBUCIÓN ELECTRICIDAD, SA",Pontevedra,Tui,31667.06,4671445.74,TUI,132,3.23,No,0,0,0,31667.0599999996,4671445.74
1377,R1-002,"UFD DISTRIBUCIÓN ELECTRICIDAD, SA",Pontevedra,Vigo,26462.8,4689111.56,BALAIDOS,15,0,No,113.17,0,0,26462.7999999998,4689111.56
1378,R1-002,"UFD DISTRIBUCIÓN ELECTRICIDAD, SA",Pontevedra,Vigo,26462.8,4689111.56,BALAIDOS,132,2.58,No,0,0,0,26462.7999999998,4689111.56
1379,R1-002,"UFD DISTRIBUCIÓN ELECTRICIDAD, SA",Pontevedra,Vigo,27413.21,4691734.9,EL CASTRO,15,0,No,57.6,0,0,27413.21,4691734.9
1380,R1-002,"UFD DISTRIBUCIÓN ELECTRICIDAD, SA",Pontevedra,Vigo,27413.21,4691734.9,EL CASTRO,132,2.4,No,0,0,0,27413.21,4691734.9
1381,R1-002,"UFD DISTRIBUCIÓN ELECTRICIDAD, SA",Pontevedra,Vigo,29485.03,4688961.52,SARDOMA,15,0,No,58.54,20.68,0,29485.0300000003,4688961.52
1382,R1-002,"UFD DISTRIBUCIÓN ELECTRICIDAD, SA",Pontevedra,Vigo,29485.03,4688961.52,SARDOMA,132,3.77,No,0,0,0,29485.0300000003,4688961.52
1383,R1-002,"UFD DISTRIBUCIÓN ELECTRICIDAD, SA",Pontevedra,Vigo,30108.29,4692632.77,TRONCAL,15,0,No,69,14.8,0,30108.29,4692632.77
1384,R1-002,"UFD DISTRIBUCIÓN ELECTRICIDAD, SA",Pontevedra,Vigo,30108.29,4692632.77,TRONCAL,132,3.21,No,0,0,0,30108.29,4692632.77
1385,R1-002,"UFD DISTRIBUCIÓN ELECTRICIDAD, SA",Pontevedra,Vigo,28419.06,4685016.98,VALLADARES,15,0,No,72.55,0,0,28419.0599999996,4685016.98
1386,R1-002,"UFD DISTRIBUCIÓN ELECTRICIDAD, SA",Pontevedra,Vigo,28419.06,4685016.98,VALLADARES,132,2.81,No,0.04,0,0,28419.0599999996,4685016.98
1387,R1-002,"UFD DISTRIBUCIÓN ELECTRICIDAD, SA",Pontevedra,Vila de Cruces,75949.52,4757644.97,PORTODEMOUROS,15,0,No,18.09,0,0,75949.5199999996,4757644.97
1388,R1-002,"UFD DISTRIBUCIÓN ELECTRICIDAD, SA",Pontevedra,Vila de Cruces,75949.52,4757644.97,PORTODEMOUROS,66,6.37,No,28,0,0,75949.5199999996,4757644.97
1389,R1-002,"UFD DISTRIBUCIÓN ELECTRICIDAD, SA",Pontevedra,Vilagarcía de Arousa,28403.67,4731978.34,VILAGARCIA DE AROUSA,20,0,No,71.95,0,0,28403.6699999999,4731978.34
1390,R1-002,"UFD DISTRIBUCIÓN ELECTRICIDAD, SA",Pontevedra,Vilagarcía de Arousa,28403.67,4731978.34,VILAGARCIA DE AROUSA,66,0.9,No,0,0,0,28403.6699999999,4731978.34
1391,R1-002,"UFD DISTRIBUCIÓN ELECTRICIDAD, SA",Segovia,Arcones,439187.71,4554336.73,PRADENA,15,0,No,2.93,0.63,0,439187.71,4554336.73
1392,R1-002,"UFD DISTRIBUCIÓN ELECTRICIDAD, SA",Segovia,Arcones,439187.71,4554336.73,PRADENA,45,0,No,0,0,0,439187.71,4554336.73
1393,R1-002,"UFD DISTRIBUCIÓN ELECTRICIDAD, SA",Segovia,Bernardos,388105.26,4556201.63,PUENTE DE PIEDRA,15,0,No,24.67,0,0,388105.26,4556201.63
1394,R1-002,"UFD DISTRIBUCIÓN ELECTRICIDAD, SA",Segovia,Bernardos,388105.26,4556201.63,PUENTE DE PIEDRA,45,0.51,No,0,0,0,388105.26,4556201.63
1395,R1-002,"UFD DISTRIBUCIÓN ELECTRICIDAD, SA",Segovia,Bernardos,388105.26,4556201.63,PUENTE DE PIEDRA,132,0,No,0,0,0,388105.26,4556201.63
1396,R1-002,"UFD DISTRIBUCIÓN ELECTRICIDAD, SA",Segovia,Boceguillas,446764,4576573.64,BOCEGUILLAS,15,0,No,9.23,0,0,446764,4576573.64
1397,R1-002,"UFD DISTRIBUCIÓN ELECTRICIDAD, SA",Segovia,Boceguillas,446764,4576573.64,BOCEGUILLAS,45,0,No,0,0,0,446764,4576573.64
1398,R1-002,"UFD DISTRIBUCIÓN ELECTRICIDAD, SA",Segovia,Campo de San Pedro,454027.47,4586882.26,CAMPO DE SAN PEDRO,15,0,No,2.48,0,0,454027.47,4586882.26
1399,R1-002,"UFD DISTRIBUCIÓN ELECTRICIDAD, SA",Segovia,Campo de San Pedro,454027.47,4586882.26,CAMPO DE SAN PEDRO,45,0,No,0,0,0,454027.47,4586882.26
1400,R1-002,"UFD DISTRIBUCIÓN ELECTRICIDAD, SA",Segovia,Cantalejo,423988.67,4568149.52,CANTALEJO,15,0.08,No,9.75,0,0,423988.67,4568149.52
1401,R1-002,"UFD DISTRIBUCIÓN ELECTRICIDAD, SA",Segovia,Cantalejo,423988.67,4568149.52,CANTALEJO,45,1.36,No,0,0,0,423988.67,4568149.52
1402,R1-002,"UFD DISTRIBUCIÓN ELECTRICIDAD, SA",Segovia,Cantalejo,423988.67,4568149.52,CANTALEJO,132,0,No,0.23,0,0,423988.67,4568149.52
1403,R1-002,"UFD DISTRIBUCIÓN ELECTRICIDAD, SA",Segovia,Carrascal del Río,425842.95,4576589.15,C.H.BURGOMILLODO,15,0,No,3.3,0,0,425842.95,4576589.15
1404,R1-002,"UFD DISTRIBUCIÓN ELECTRICIDAD, SA",Segovia,Carrascal del Río,425842.95,4576589.15,C.H.BURGOMILLODO,45,0,No,0,0,0,425842.95,4576589.15
1405,R1-002,"UFD DISTRIBUCIÓN ELECTRICIDAD, SA",Segovia,Cuéllar,390535.41,4583408.08,CUELLAR,15,0,No,19.94,7.8,0,390535.41,4583408.08
1406,R1-002,"UFD DISTRIBUCIÓN ELECTRICIDAD, SA",Segovia,Cuéllar,390535.41,4583408.08,CUELLAR,45,0,No,0,0.24,0,390535.41,4583408.08
1407,R1-002,"UFD DISTRIBUCIÓN ELECTRICIDAD, SA",Segovia,"Espinar, El",392782.89,4510961.28,CRISTO DEL CALOCO,15,0,No,11.67,0,0,392782.89,4510961.28
1408,R1-002,"UFD DISTRIBUCIÓN ELECTRICIDAD, SA",Segovia,"Espinar, El",392782.89,4510961.28,CRISTO DEL CALOCO,45,0,No,0,0,0,392782.89,4510961.28
1409,R1-002,"UFD DISTRIBUCIÓN ELECTRICIDAD, SA",Segovia,"Espinar, El",395893.72,4515008.58,LOS ANGELES DE S. RAFAEL,15,0.37,No,4.14,0,0,395893.72,4515008.58
1410,R1-002,"UFD DISTRIBUCIÓN ELECTRICIDAD, SA",Segovia,"Espinar, El",395893.72,4515008.58,LOS ANGELES DE S. RAFAEL,45,0,No,0,0,0,395893.72,4515008.58
1411,R1-002,"UFD DISTRIBUCIÓN ELECTRICIDAD, SA",Segovia,Escalona del Prado,406371.35,4556510.09,ESCALONA DEL PRADO,15,0,No,10.58,0,0,406371.35,4556510.09
1412,R1-002,"UFD DISTRIBUCIÓN ELECTRICIDAD, SA",Segovia,Escalona del Prado,406371.35,4556510.09,ESCALONA DEL PRADO,45,0,No,0,0,0,406371.35,4556510.09
1413,R1-002,"UFD DISTRIBUCIÓN ELECTRICIDAD, SA",Segovia,Fuentepelayo,401849,4563702,FUENTEPELAYO,45,0,No,0,3,0,401849,4563702
1414,R1-002,"UFD DISTRIBUCIÓN ELECTRICIDAD, SA",Segovia,Lastras del Pozo,387173.15,4526405.68,LASTRAS DEL POZO,15,1.07,No,3.62,5.4,0,387173.15,4526405.68
1415,R1-002,"UFD DISTRIBUCIÓN ELECTRICIDAD, SA",Segovia,Lastras del Pozo,387173.15,4526405.68,LASTRAS DEL POZO,45,0,No,5,0,0,387173.15,4526405.68
1416,R1-002,"UFD DISTRIBUCIÓN ELECTRICIDAD, SA",Segovia,Lastras del Pozo,387173.15,4526405.68,LASTRAS DEL POZO,132,11.62,No,0,0,0,387173.15,4526405.68
1417,R1-002,"UFD DISTRIBUCIÓN ELECTRICIDAD, SA",Segovia,Nava de la Asunción,374215.51,4557102.69,NAVA DE LA ASUNCION,15,0,No,18.54,0,0,374215.51,4557102.69
1418,R1-002,"UFD DISTRIBUCIÓN ELECTRICIDAD, SA",Segovia,Nava de la Asunción,374215.51,4557102.69,NAVA DE LA ASUNCION,45,0,No,0,0,0,374215.51,4557102.69
1419,R1-002,"UFD DISTRIBUCIÓN ELECTRICIDAD, SA",Segovia,Otero de Herreros,398191.47,4518616.25,OTERO DE HERREROS,15,0,No,8.17,1,0,398191.47,4518616.25
1420,R1-002,"UFD DISTRIBUCIÓN ELECTRICIDAD, SA",Segovia,Otero de Herreros,398191.47,4518616.25,OTERO DE HERREROS,45,0,No,0,0,0,398191.47,4518616.25
1421,R1-002,"UFD DISTRIBUCIÓN ELECTRICIDAD, SA",Segovia,Real Sitio de San Ildefonso,415223.86,4528706.78,SAN ILDEFONSO,15,0,No,7.54,0,0,415223.86,4528706.78
1422,R1-002,"UFD DISTRIBUCIÓN ELECTRICIDAD, SA",Segovia,Real Sitio de San Ildefonso,415223.86,4528706.78,SAN ILDEFONSO,45,0,No,0,0,0,415223.86,4528706.78
1423,R1-002,"UFD DISTRIBUCIÓN ELECTRICIDAD, SA",Segovia,Riaza,458576.49,4569316.2,RIAZA,15,0,No,10.57,5.3,0,458576.49,4569316.2
1424,R1-002,"UFD DISTRIBUCIÓN ELECTRICIDAD, SA",Segovia,Riaza,458576.49,4569316.2,RIAZA,45,0,No,0,0,0,458576.49,4569316.2
1425,R1-002,"UFD DISTRIBUCIÓN ELECTRICIDAD, SA",Segovia,San Martín y Mudrián,386890.83,4561999.2,DIGESNOR,45,0,No,5.47,12.7,0,386890.83,4561999.2
1426,R1-002,"UFD DISTRIBUCIÓN ELECTRICIDAD, SA",Segovia,Sanchonuño,390232.45,4575542.42,SANCHONUÑO,15,0,No,27.82,2.2,0,390232.45,4575542.42
1427,R1-002,"UFD DISTRIBUCIÓN ELECTRICIDAD, SA",Segovia,Sanchonuño,390232.45,4575542.42,SANCHONUÑO,45,0,No,0,0,0,390232.45,4575542.42
1428,R1-002,"UFD DISTRIBUCIÓN ELECTRICIDAD, SA",Segovia,Segovia,406915.84,4533831.11,BATANES,15,0,No,44.13,5.09,0,406915.84,4533831.11
1429,R1-002,"UFD DISTRIBUCIÓN ELECTRICIDAD, SA",Segovia,Segovia,406915.84,4533831.11,BATANES,45,0,No,0,0,0,406915.84,4533831.11
1430,R1-002,"UFD DISTRIBUCIÓN ELECTRICIDAD, SA",Segovia,Segovia,406092.15,4531049.72,CERRO DE LA HORCA,15,0,No,47.94,0,0,406092.15,4531049.72
1431,R1-002,"UFD DISTRIBUCIÓN ELECTRICIDAD, SA",Segovia,Segovia,406092.15,4531049.72,CERRO DE LA HORCA,45,0,No,0,3.3,0,406092.15,4531049.72
1432,R1-002,"UFD DISTRIBUCIÓN ELECTRICIDAD, SA",Segovia,Segovia,408869.71,4532080.83,PALAZUELOS,15,0,No,11.37,0,0,408869.71,4532080.83
1433,R1-002,"UFD DISTRIBUCIÓN ELECTRICIDAD, SA",Segovia,Segovia,408869.71,4532080.83,PALAZUELOS,45,1.31,No,0,0,0,408869.71,4532080.83
1434,R1-002,"UFD DISTRIBUCIÓN ELECTRICIDAD, SA",Segovia,Segovia,408869.71,4532080.83,PALAZUELOS,132,0,No,0,0,0,408869.71,4532080.83
1435,R1-002,"UFD DISTRIBUCIÓN ELECTRICIDAD, SA",Segovia,Segovia,402777.85,4531102.69,PEROGORDO,45,1.58,No,0,0,0,402777.85,4531102.69
1436,R1-002,"UFD DISTRIBUCIÓN ELECTRICIDAD, SA",Segovia,Segovia,402777.85,4531102.69,PEROGORDO,132,0,No,0,0,0,402777.85,4531102.69
1437,R1-002,"UFD DISTRIBUCIÓN ELECTRICIDAD, SA",Segovia,Turégano,415967.68,4556650.74,TUREGANO,15,0,No,6.88,2.5,0,415967.68,4556650.74
1438,R1-002,"UFD DISTRIBUCIÓN ELECTRICIDAD, SA",Segovia,Turégano,415967.68,4556650.74,TUREGANO,45,0,No,0,0,0,415967.68,4556650.74
1439,R1-002,"UFD DISTRIBUCIÓN ELECTRICIDAD, SA",Segovia,Valverde del Majano,399178.32,4534734.65,VALVERDE DEL MAJANO,15,0,No,24.23,2.8,0,399178.32,4534734.65
1440,R1-002,"UFD DISTRIBUCIÓN ELECTRICIDAD, SA",Segovia,Valverde del Majano,399178.32,4534734.65,VALVERDE DEL MAJANO,45,0,No,10,20,0,399178.32,4534734.65
1441,R1-002,"UFD DISTRIBUCIÓN ELECTRICIDAD, SA",Segovia,Villacastín,380001.08,4515542.37,VILLACASTIN,15,0,No,14.41,1.5,0,380001.08,4515542.37
1442,R1-002,"UFD DISTRIBUCIÓN ELECTRICIDAD, SA",Segovia,Villacastín,380001.08,4515542.37,VILLACASTIN,45,0,No,4.44,0,0,380001.08,4515542.37
1443,R1-002,"UFD DISTRIBUCIÓN ELECTRICIDAD, SA",Soria,Arcos de Jalón,559710.71,4562277.86,ARCOS DEL JALON,15,0,No,6.37,5.69,0,559710.71,4562277.86
1444,R1-002,"UFD DISTRIBUCIÓN ELECTRICIDAD, SA",Soria,Arcos de Jalón,559710.71,4562277.86,ARCOS DEL JALON,66,0,No,0,0,0,559710.71,4562277.86
1445,R1-002,"UFD DISTRIBUCIÓN ELECTRICIDAD, SA",Toledo,Añover de Tajo,435447.82,4425835.94,AÑOVER DEL TAJO,15,0,No,17.97,1.39,0,435447.82,4425835.94
1446,R1-002,"UFD DISTRIBUCIÓN ELECTRICIDAD, SA",Toledo,Añover de Tajo,435447.82,4425835.94,AÑOVER DEL TAJO,45,0,No,9.3,0,0,435447.82,4425835.94
1447,R1-002,"UFD DISTRIBUCIÓN ELECTRICIDAD, SA",Toledo,Añover de Tajo,435447.82,4425835.94,AÑOVER DEL TAJO,132,0,No,0,0,0,435447.82,4425835.94
1448,R1-002,"UFD DISTRIBUCIÓN ELECTRICIDAD, SA",Toledo,Arcicóllar,404589.83,4435883.88,ARCICOLLAR,15,0,No,13.91,0,0,404589.83,4435883.88
1449,R1-002,"UFD DISTRIBUCIÓN ELECTRICIDAD, SA",Toledo,Arcicóllar,404589.83,4435883.88,ARCICOLLAR,45,0,No,0.31,0,0,404589.83,4435883.88
1450,R1-002,"UFD DISTRIBUCIÓN ELECTRICIDAD, SA",Toledo,Chozas de Canales,413017.45,4440990.43,CHOZAS DE CANALES,15,0,No,13.95,0,0,413017.45,4440990.43
1451,R1-002,"UFD DISTRIBUCIÓN ELECTRICIDAD, SA",Toledo,Chozas de Canales,413017.45,4440990.43,CHOZAS DE CANALES,45,0,No,0,0,0,413017.45,4440990.43
1452,R1-002,"UFD DISTRIBUCIÓN ELECTRICIDAD, SA",Toledo,Corral de Almaguer,484640.49,4401297.18,CORRAL DE ALMAGUER,15,0,No,12.55,1.88,0,484640.49,4401297.18
1453,R1-002,"UFD DISTRIBUCIÓN ELECTRICIDAD, SA",Toledo,Corral de Almaguer,484640.49,4401297.18,CORRAL DE ALMAGUER,45,0,No,0,0,0,484640.49,4401297.18
1454,R1-002,"UFD DISTRIBUCIÓN ELECTRICIDAD, SA",Toledo,"Carpio de Tajo, El",373878.56,4412607.45,C.H.CASTREJON,132,0,No,35.5,1.25,0,373878.56,4412607.45
1455,R1-002,"UFD DISTRIBUCIÓN ELECTRICIDAD, SA",Toledo,Escalona,380143.22,4447164.15,ESCALONA DEL ALBERCHE,15,0,No,16.07,0,0,380143.22,4447164.15
1456,R1-002,"UFD DISTRIBUCIÓN ELECTRICIDAD, SA",Toledo,Escalona,380143.22,4447164.15,ESCALONA DEL ALBERCHE,45,0,No,0,0,0,380143.22,4447164.15
1457,R1-002,"UFD DISTRIBUCIÓN ELECTRICIDAD, SA",Toledo,Escalona,384242.64,4445358.34,FRASCOLINOS,45,0,No,0,0,0,384242.64,4445358.34
1458,R1-002,"UFD DISTRIBUCIÓN ELECTRICIDAD, SA",Toledo,Escalona,384242.64,4445358.34,FRASCOLINOS,132,0,No,0,0,0,384242.64,4445358.34
1459,R1-002,"UFD DISTRIBUCIÓN ELECTRICIDAD, SA",Toledo,Fuensalida,395841.76,4434975.22,FUENSALIDA,15,0,No,49.24,0,0,395841.76,4434975.22
1460,R1-002,"UFD DISTRIBUCIÓN ELECTRICIDAD, SA",Toledo,Fuensalida,395841.76,4434975.22,FUENSALIDA,45,0,No,0,0,0,395841.76,4434975.22
1461,R1-002,"UFD DISTRIBUCIÓN ELECTRICIDAD, SA",Toledo,Illescas,426235.88,4439267.89,ILLESCAS,15,0,No,71.78,8.85,0,426235.88,4439267.89
1462,R1-002,"UFD DISTRIBUCIÓN ELECTRICIDAD, SA",Toledo,Illescas,426235.88,4439267.89,ILLESCAS,132,0,No,0,0,0,426235.88,4439267.89
1463,R1-002,"UFD DISTRIBUCIÓN ELECTRICIDAD, SA",Toledo,Illescas,429923.26,4445815.63,ILLESCAS II,15,0,No,42,0,0,429923.26,4445815.63
1464,R1-002,"UFD DISTRIBUCIÓN ELECTRICIDAD, SA",Toledo,Illescas,429923.26,4445815.63,ILLESCAS II,45,0,No,0,0,0,429923.26,4445815.63
1465,R1-002,"UFD DISTRIBUCIÓN ELECTRICIDAD, SA",Toledo,Illescas,429923.26,4445815.63,ILLESCAS II,132,0,No,0,0,0,429923.26,4445815.63
1466,R1-002,"UFD DISTRIBUCIÓN ELECTRICIDAD, SA",Toledo,Illescas,430152.35,4442770.55,PRADILLOS,15,0,No,147.46,0,0,430152.35,4442770.55
1467,R1-002,"UFD DISTRIBUCIÓN ELECTRICIDAD, SA",Toledo,Illescas,430152.35,4442770.55,PRADILLOS,132,0,No,0,0,0,430152.35,4442770.55
1468,R1-002,"UFD DISTRIBUCIÓN ELECTRICIDAD, SA",Toledo,"Yébenes, Los",426533.81,4380882.29,LOS YEBENES,15,0,No,28.93,3,0,426533.81,4380882.29
1469,R1-002,"UFD DISTRIBUCIÓN ELECTRICIDAD, SA",Toledo,"Yébenes, Los",426533.81,4380882.29,LOS YEBENES,45,0,No,0,0,0,426533.81,4380882.29
1470,R1-002,"UFD DISTRIBUCIÓN ELECTRICIDAD, SA",Toledo,"Yébenes, Los",431028.04,4363450.68,URDA,15,0,No,1.34,0,0,431028.04,4363450.68
1471,R1-002,"UFD DISTRIBUCIÓN ELECTRICIDAD, SA",Toledo,"Yébenes, Los",431028.04,4363450.68,URDA,45,0,No,0,0,0,431028.04,4363450.68
1472,R1-002,"UFD DISTRIBUCIÓN ELECTRICIDAD, SA",Toledo,Madridejos,454336.1,4370994.01,MADRIDEJOS,15,0,No,38.41,9.58,0,454336.1,4370994.01
1473,R1-002,"UFD DISTRIBUCIÓN ELECTRICIDAD, SA",Toledo,Madridejos,454336.1,4370994.01,MADRIDEJOS,45,0,No,0,0,0,454336.1,4370994.01
1474,R1-002,"UFD DISTRIBUCIÓN ELECTRICIDAD, SA",Toledo,Madridejos,454336.1,4370994.01,MADRIDEJOS,132,0,No,0,0,0,454336.1,4370994.01
1475,R1-002,"UFD DISTRIBUCIÓN ELECTRICIDAD, SA",Toledo,Mora,431531.36,4392114.03,MORA DE TOLEDO,15,0,No,30.57,0,0,431531.36,4392114.03
1476,R1-002,"UFD DISTRIBUCIÓN ELECTRICIDAD, SA",Toledo,Mora,431531.36,4392114.03,MORA DE TOLEDO,45,0,No,0,0,0,431531.36,4392114.03
1477,R1-002,"UFD DISTRIBUCIÓN ELECTRICIDAD, SA",Toledo,Mora,431531.36,4392114.03,MORA DE TOLEDO,132,0,No,0,0,0,431531.36,4392114.03
1478,R1-002,"UFD DISTRIBUCIÓN ELECTRICIDAD, SA",Toledo,Noblejas,461594,4425249.95,CARBONERA-C.SECCIONAMIENTO,45,0,No,2.7,4.25,0,461594,4425249.95
1479,R1-002,"UFD DISTRIBUCIÓN ELECTRICIDAD, SA",Toledo,Noblejas,464374.11,4425170,NOBLEJAS,15,0,No,28.8,2.3,0,464374.11,4425170
1480,R1-002,"UFD DISTRIBUCIÓN ELECTRICIDAD, SA",Toledo,Noblejas,464374.11,4425170,NOBLEJAS,45,0,No,0,0,0,464374.11,4425170
1481,R1-002,"UFD DISTRIBUCIÓN ELECTRICIDAD, SA",Toledo,Ocaña,458280.51,4423746.32,OCAÑA,15,0,No,56.58,4.7,0,458280.51,4423746.32
1482,R1-002,"UFD DISTRIBUCIÓN ELECTRICIDAD, SA",Toledo,Ocaña,458280.51,4423746.32,OCAÑA,45,0,No,0,25.08,0,458280.51,4423746.32
1483,R1-002,"UFD DISTRIBUCIÓN ELECTRICIDAD, SA",Toledo,Pantoja,429596.71,4431593.14,PANTOJA,15,0,No,49.68,0,0,429596.71,4431593.14
1484,R1-002,"UFD DISTRIBUCIÓN ELECTRICIDAD, SA",Toledo,Pantoja,429596.71,4431593.14,PANTOJA,45,0,No,0,0,0,429596.71,4431593.14
1485,R1-002,"UFD DISTRIBUCIÓN ELECTRICIDAD, SA",Toledo,Recas,416860.53,4433521.93,RECAS 2,15,0,No,18.05,6.9,0,416860.53,4433521.93
1486,R1-002,"UFD DISTRIBUCIÓN ELECTRICIDAD, SA",Toledo,Recas,416860.53,4433521.93,RECAS 2,45,0,No,33.18,0,0,416860.53,4433521.93
1487,R1-002,"UFD DISTRIBUCIÓN ELECTRICIDAD, SA",Toledo,Recas,416860.53,4433521.93,RECAS 2,132,0,No,0,0,0,416860.53,4433521.93
1488,R1-002,"UFD DISTRIBUCIÓN ELECTRICIDAD, SA",Toledo,Santa Cruz de la Zarza,483742.39,4426715.82,SANTA CRUZ DE LA ZARZA,15,0,No,0,0,0,483742.39,4426715.82
1489,R1-002,"UFD DISTRIBUCIÓN ELECTRICIDAD, SA",Toledo,Santa Cruz de la Zarza,483742.39,4426715.82,SANTA CRUZ DE LA ZARZA,45,0,No,3.06,0,0,483742.39,4426715.82
1490,R1-002,"UFD DISTRIBUCIÓN ELECTRICIDAD, SA",Toledo,Seseña,442355.53,4440427.42,SESEÑA,15,0,No,49.4,5.24,0,442355.53,4440427.42
1491,R1-002,"UFD DISTRIBUCIÓN ELECTRICIDAD, SA",Toledo,Seseña,442355.53,4440427.42,SESEÑA,45,0,No,0,0,0,442355.53,4440427.42
1492,R1-002,"UFD DISTRIBUCIÓN ELECTRICIDAD, SA",Toledo,Valmojado,406678.04,4452174.41,VALMOJADO,15,0,No,65.42,0,0,406678.04,4452174.41
1493,R1-002,"UFD DISTRIBUCIÓN ELECTRICIDAD, SA",Toledo,Valmojado,406678.04,4452174.41,VALMOJADO,45,0,No,0,0,0,406678.04,4452174.41
1494,R1-002,"UFD DISTRIBUCIÓN ELECTRICIDAD, SA",Toledo,Villacañas,466404.83,4388764.3,COLECTORA P.E. SIERRA DEL ROMERAL,15,0,No,7.02,2.8,0,466404.83,4388764.3
1495,R1-002,"UFD DISTRIBUCIÓN ELECTRICIDAD, SA",Toledo,Villacañas,466404.83,4388764.3,COLECTORA P.E. SIERRA DEL ROMERAL,132,0,No,0,0,0,466404.83,4388764.3
1496,R1-002,"UFD DISTRIBUCIÓN ELECTRICIDAD, SA",Toledo,Villacañas,470476.76,4385161.03,VILLACAÑAS,15,0,No,40.99,0,0,470476.76,4385161.03
1497,R1-002,"UFD DISTRIBUCIÓN ELECTRICIDAD, SA",Toledo,Villacañas,470476.76,4385161.03,VILLACAÑAS,45,0,No,0,0,0,470476.76,4385161.03
1498,R1-002,"UFD DISTRIBUCIÓN ELECTRICIDAD, SA",Toledo,Villacañas,470476.76,4385161.03,VILLACAÑAS,132,0,No,0,0,0,470476.76,4385161.03
1499,R1-002,"UFD DISTRIBUCIÓN ELECTRICIDAD, SA",Toledo,Villafranca de los Caballeros,468271.46,4363397.79,VILLAFRANCA DE LOS CABALLEROS,15,0,No,27.56,0.25,0,468271.46,4363397.79
1500,R1-002,"UFD DISTRIBUCIÓN ELECTRICIDAD, SA",Toledo,Villafranca de los Caballeros,468271.46,4363397.79,VILLAFRANCA DE LOS CABALLEROS,45,0,No,0,0,0,468271.46,4363397.79
1501,R1-001,"i-DE REDES ELÉCTRICAS INTELIGENTES, S.A.U",Castellón/Castelló,Orpesa/Oropesa del Mar,768584.82,4446028.04,ST OROPESA (CAST),132,0,No,79.65,0,1,768584.82,4446028.04
1502,R1-001,"i-DE REDES ELÉCTRICAS INTELIGENTES, S.A.U",Castellón/Castelló,Orpesa/Oropesa del Mar,768584.82,4446028.04,ST OROPESA (CAST),20,0,No,162.59,0,0,768584.82,4446028.04
1503,R1-001,"i-DE REDES ELÉCTRICAS INTELIGENTES, S.A.U",Castellón/Castelló,"Vall d'Uixó, la",740943.36,4413656.27,ST RAMBLETA (NULE),132,0,No,76.47,0,1,740943.36,4413656.27
1504,R1-001,"i-DE REDES ELÉCTRICAS INTELIGENTES, S.A.U",Castellón/Castelló,"Vall d'Uixó, la",740943.36,4413656.27,ST RAMBLETA (NULE),20,0,No,72.67,0,0,740943.36,4413656.27
1505,R1-001,"i-DE REDES ELÉCTRICAS INTELIGENTES, S.A.U",Castellón/Castelló,Segorbe,717672.5,4411710.7,ST SEGORBE (NULE),66,8.42,No,10,0,0,717672.5,4411710.7
1506,R1-001,"i-DE REDES ELÉCTRICAS INTELIGENTES, S.A.U",Castellón/Castelló,Segorbe,717672.5,4411710.7,ST SEGORBE (NULE),20,0,Si,67.96,0,0,717672.5,4411710.7
1507,R1-001,"i-DE REDES ELÉCTRICAS INTELIGENTES, S.A.U",Castellón/Castelló,Segorbe,717672.5,4411710.7,ST SEGORBE (NULE),20,0,No,7.13,0,0,717672.5,4411710.7
1508,R1-001,"i-DE REDES ELÉCTRICAS INTELIGENTES, S.A.U",Castellón/Castelló,Vall d'Alba,755007.75,4450520.3,ST VALL D ALBA(CAST),132,0,No,0,0,1,755007.75,4450520.3
1509,R1-001,"i-DE REDES ELÉCTRICAS INTELIGENTES, S.A.U",Castellón/Castelló,Vall d'Alba,755007.75,4450520.3,ST VALL D ALBA(CAST),20,0,No,119.69,0,0,755007.75,4450520.3
1510,R1-001,"i-DE REDES ELÉCTRICAS INTELIGENTES, S.A.U",Castellón/Castelló,Vall d'Alba,755007.75,4450520.3,ST VALL D ALBA(CAST),20,0,No,55.29,0,0,755007.75,4450520.3
1511,R1-001,"i-DE REDES ELÉCTRICAS INTELIGENTES, S.A.U",Castellón/Castelló,Vila-real,747299.33,4422777.23,ST VILLARR.SUR(CAST),132,0,No,0,0,1,747299.33,4422777.23
1512,R1-001,"i-DE REDES ELÉCTRICAS INTELIGENTES, S.A.U",Castellón/Castelló,Vila-real,747299.33,4422777.23,ST VILLARR.SUR(CAST),20,0,No,38.06,0,0,747299.33,4422777.23
1513,R1-001,"i-DE REDES ELÉCTRICAS INTELIGENTES, S.A.U",Castellón/Castelló,Vila-real,747299.33,4422777.23,ST VILLARR.SUR(CAST),20,0,No,64.64,0,0,747299.33,4422777.23
1514,R1-001,"i-DE REDES ELÉCTRICAS INTELIGENTES, S.A.U",Castellón/Castelló,Moncofa,742018.85,4408507.35,STM ELS PLANS 66KV,66,0,No,64.74,0,0,742018.85,4408507.35
1515,R1-001,"i-DE REDES ELÉCTRICAS INTELIGENTES, S.A.U",Castellón/Castelló,Atzeneta del Maestrat,740455.49,4455815.58,STR ADZANETA (CAST),66,0,No,0,0,0,740455.49,4455815.58
1516,R1-001,"i-DE REDES ELÉCTRICAS INTELIGENTES, S.A.U",Castellón/Castelló,Atzeneta del Maestrat,740455.49,4455815.58,STR ADZANETA (CAST),20,0,No,4,0,0,740455.49,4455815.58
1517,R1-001,"i-DE REDES ELÉCTRICAS INTELIGENTES, S.A.U",Castellón/Castelló,"Alcora, l'",738078.56,4439480.65,STR ALCORA (CAST),66,0,No,0,0,0,738078.56,4439480.65
1518,R1-001,"i-DE REDES ELÉCTRICAS INTELIGENTES, S.A.U",Castellón/Castelló,"Alcora, l'",738078.56,4439480.65,STR ALCORA (CAST),20,0,No,31.6,0,0,738078.56,4439480.65
1519,R1-001,"i-DE REDES ELÉCTRICAS INTELIGENTES, S.A.U",Castellón/Castelló,"Alcora, l'",738078.56,4439480.65,STR ALCORA (CAST),20,0,No,34.37,0,0,738078.56,4439480.65
1520,R1-001,"i-DE REDES ELÉCTRICAS INTELIGENTES, S.A.U",Castellón/Castelló,Benassal,743013.95,4473586.22,STR BENASAL (BENI),66,0,No,0,0,0,743013.95,4473586.22
1521,R1-001,"i-DE REDES ELÉCTRICAS INTELIGENTES, S.A.U",Castellón/Castelló,Benassal,743013.95,4473586.22,STR BENASAL (BENI),20,0,No,3.1,0,0,743013.95,4473586.22
1522,R1-001,"i-DE REDES ELÉCTRICAS INTELIGENTES, S.A.U",Castellón/Castelló,Borriana/Burriana,748159.23,4419585.31,STR BURRIANA (NULE),66,0,No,0,0,0,748159.23,4419585.31
1523,R1-001,"i-DE REDES ELÉCTRICAS INTELIGENTES, S.A.U",Castellón/Castelló,Borriana/Burriana,748159.23,4419585.31,STR BURRIANA (NULE),20,0,No,61.06,0,0,748159.23,4419585.31
1524,R1-001,"i-DE REDES ELÉCTRICAS INTELIGENTES, S.A.U",Castellón/Castelló,Borriana/Burriana,748159.23,4419585.31,STR BURRIANA (NULE),20,0,No,59.59,0,0,748159.23,4419585.31
1525,R1-001,"i-DE REDES ELÉCTRICAS INTELIGENTES, S.A.U",Castellón/Castelló,Ribesalbes,732281.96,4433213.5,STR CH  RIBESA(NULE),66,0,No,0,0,0,732281.96,4433213.5
1526,R1-001,"i-DE REDES ELÉCTRICAS INTELIGENTES, S.A.U",Castellón/Castelló,Onda,736409.33,4431188.66,STR CH COLMENA(NULE),66,0,No,0,0,0,736409.33,4431188.66
1527,R1-001,"i-DE REDES ELÉCTRICAS INTELIGENTES, S.A.U",Castellón/Castelló,Puebla de Arenoso,703761.86,4443649.76,STR CH L.CANTO(NULE),66,0,No,0,0,0,703761.86,4443649.76
1528,R1-001,"i-DE REDES ELÉCTRICAS INTELIGENTES, S.A.U",Castellón/Castelló,Nules,742847.43,4411082.54,STR MONCOFAR (NULE),66,0,No,40.49,0,0,742847.43,4411082.54
1529,R1-001,"i-DE REDES ELÉCTRICAS INTELIGENTES, S.A.U",Castellón/Castelló,Nules,742847.43,4411082.54,STR MONCOFAR (NULE),20,0,No,119.98,0,0,742847.43,4411082.54
1530,R1-001,"i-DE REDES ELÉCTRICAS INTELIGENTES, S.A.U",Castellón/Castelló,Nules,742847.43,4411082.54,STR MONCOFAR (NULE),20,0,No,26.62,0,0,742847.43,4411082.54
1531,R1-001,"i-DE REDES ELÉCTRICAS INTELIGENTES, S.A.U",Castellón/Castelló,Ribesalbes,732323.22,4433183.7,STR RIBESALBES(NULE),66,0,No,0,0,0,732323.22,4433183.7
1532,R1-001,"i-DE REDES ELÉCTRICAS INTELIGENTES, S.A.U",Castellón/Castelló,Ribesalbes,732323.22,4433183.7,STR RIBESALBES(NULE),20,0,No,6.23,0,0,732323.22,4433183.7
1533,R1-001,"i-DE REDES ELÉCTRICAS INTELIGENTES, S.A.U",Castellón/Castelló,Torreblanca,770605.65,4455360.91,STR TORREBLANC(BENI),66,0,No,0,0,0,770605.65,4455360.91
1534,R1-001,"i-DE REDES ELÉCTRICAS INTELIGENTES, S.A.U",Castellón/Castelló,Torreblanca,770605.65,4455360.91,STR TORREBLANC(BENI),20,0,No,33.29,0,0,770605.65,4455360.91
1535,R1-001,"i-DE REDES ELÉCTRICAS INTELIGENTES, S.A.U",Castellón/Castelló,Torreblanca,770605.65,4455360.91,STR TORREBLANC(BENI),20,0,No,27.66,0,0,770605.65,4455360.91
1536,R1-001,"i-DE REDES ELÉCTRICAS INTELIGENTES, S.A.U",Castellón/Castelló,"Vall d'Uixó, la",737544.31,4410578.4,STR VALL UXO (NULE),66,0,No,0,0,0,737544.31,4410578.4
1537,R1-001,"i-DE REDES ELÉCTRICAS INTELIGENTES, S.A.U",Castellón/Castelló,"Vall d'Uixó, la",737544.31,4410578.4,STR VALL UXO (NULE),20,0,No,19.76,0,0,737544.31,4410578.4
1538,R1-001,"i-DE REDES ELÉCTRICAS INTELIGENTES, S.A.U",Castellón/Castelló,Vila-real,746464.77,4425474.45,STR VILLARRE.N(CAST),66,0,No,12.1,20,0,746464.77,4425474.45
1539,R1-001,"i-DE REDES ELÉCTRICAS INTELIGENTES, S.A.U",Castellón/Castelló,Vila-real,746464.77,4425474.45,STR VILLARRE.N(CAST),11,0,No,1.3,0,0,746464.77,4425474.45
1540,R1-001,"i-DE REDES ELÉCTRICAS INTELIGENTES, S.A.U",Castellón/Castelló,Vila-real,746464.77,4425474.45,STR VILLARRE.N(CAST),20,0,No,20.28,0,0,746464.77,4425474.45
1541,R1-001,"i-DE REDES ELÉCTRICAS INTELIGENTES, S.A.U",Castellón/Castelló,Vinaròs,794030.68,4486533.06,STR VINAROZ (BENI),66,0,No,27.71,0,0,794030.68,4486533.06
1542,R1-001,"i-DE REDES ELÉCTRICAS INTELIGENTES, S.A.U",Castellón/Castelló,Vinaròs,794030.68,4486533.06,STR VINAROZ (BENI),20,0,No,25.18,0,0,794030.68,4486533.06
1543,R1-001,"i-DE REDES ELÉCTRICAS INTELIGENTES, S.A.U",Castellón/Castelló,Vinaròs,794030.68,4486533.06,STR VINAROZ (BENI),20,0,No,24.84,0,0,794030.68,4486533.06
1544,R1-001,"i-DE REDES ELÉCTRICAS INTELIGENTES, S.A.U",Cuenca,Atalaya del Cañavate,565623.42,4375108.45,ST CAPARRAL,132,0,No,0,0,0,565623.42,4375108.45
1545,R1-001,"i-DE REDES ELÉCTRICAS INTELIGENTES, S.A.U",Cuenca,Atalaya del Cañavate,565623.42,4375108.45,ST CAPARRAL,20,0,No,22.36,0,0,565623.42,4375108.45
1546,R1-001,"i-DE REDES ELÉCTRICAS INTELIGENTES, S.A.U",Cuenca,Tébar,580018.27,4370827.12,ST CH EL PICAZO,132,0,No,0,0,0,580018.27,4370827.12
1547,R1-001,"i-DE REDES ELÉCTRICAS INTELIGENTES, S.A.U",Cuenca,Enguídanos,617785.16,4395989.59,ST CH LUCAS URQUIJO,132,0,No,0,0,0,617785.16,4395989.59
1548,R1-001,"i-DE REDES ELÉCTRICAS INTELIGENTES, S.A.U",Cuenca,Enguídanos,617785.16,4395989.59,ST CH LUCAS URQUIJO,20,0,No,8.84,0,0,617785.16,4395989.59
1549,R1-001,"i-DE REDES ELÉCTRICAS INTELIGENTES, S.A.U",Cuenca,Cuenca,575214.9,4433059.96,ST CUENCA,132,0,No,0,0,0,575214.9,4433059.96
1550,R1-001,"i-DE REDES ELÉCTRICAS INTELIGENTES, S.A.U",Cuenca,Cuenca,575214.9,4433059.96,ST CUENCA,20,0,No,10.58,0,0,575214.9,4433059.96
1551,R1-001,"i-DE REDES ELÉCTRICAS INTELIGENTES, S.A.U",Cuenca,Cuenca,575214.9,4433059.96,ST CUENCA,20,0,No,27.46,0,0,575214.9,4433059.96
1552,R1-001,"i-DE REDES ELÉCTRICAS INTELIGENTES, S.A.U",Cuenca,Huelves,505170.93,4434273.82,ST HUELVES,66,0,No,3.79,0,0,505170.93,4434273.82
1553,R1-001,"i-DE REDES ELÉCTRICAS INTELIGENTES, S.A.U",Cuenca,Huelves,505170.93,4434273.82,ST HUELVES,20,0,No,7.74,0,0,505170.93,4434273.82
1554,R1-001,"i-DE REDES ELÉCTRICAS INTELIGENTES, S.A.U",Cuenca,Iniesta,610409.25,4366395.08,ST INIESTA,132,0,No,0.1,0,0,610409.25,4366395.08
1555,R1-001,"i-DE REDES ELÉCTRICAS INTELIGENTES, S.A.U",Cuenca,Iniesta,610409.25,4366395.08,ST INIESTA,20,0,No,6.84,0,0,610409.25,4366395.08
1556,R1-001,"i-DE REDES ELÉCTRICAS INTELIGENTES, S.A.U",Cuenca,Iniesta,610409.25,4366395.08,ST INIESTA,20,0,No,7.79,0,0,610409.25,4366395.08
1557,R1-001,"i-DE REDES ELÉCTRICAS INTELIGENTES, S.A.U",Cuenca,Motilla del Palancar,593280.93,4377888.67,ST MOTILLA,132,0,No,20,0,0,593280.93,4377888.67
1558,R1-001,"i-DE REDES ELÉCTRICAS INTELIGENTES, S.A.U",Cuenca,Olmedilla de Alarcón,578540.42,4387986.46,ST OLMEDILLA,132,0,No,0.4,0,0,578540.42,4387986.46
1559,R1-001,"i-DE REDES ELÉCTRICAS INTELIGENTES, S.A.U",Cuenca,Olmedilla de Alarcón,578540.42,4387986.46,ST OLMEDILLA,20,0,No,7.02,0,0,578540.42,4387986.46
1560,R1-001,"i-DE REDES ELÉCTRICAS INTELIGENTES, S.A.U",Cuenca,Olmedilla de Alarcón,578540.42,4387986.46,ST OLMEDILLA,20,0,No,7.92,0,0,578540.42,4387986.46
1561,R1-001,"i-DE REDES ELÉCTRICAS INTELIGENTES, S.A.U",Cuenca,San Clemente,550145.03,4363035.51,ST SAN CLEMENTE,132,0,No,0,0,0,550145.03,4363035.51
1562,R1-001,"i-DE REDES ELÉCTRICAS INTELIGENTES, S.A.U",Cuenca,San Clemente,550145.03,4363035.51,ST SAN CLEMENTE,20,0,No,9.37,0,0,550145.03,4363035.51
1563,R1-001,"i-DE REDES ELÉCTRICAS INTELIGENTES, S.A.U",Cuenca,San Clemente,550145.03,4363035.51,ST SAN CLEMENTE,20,0,No,25.08,1,0,550145.03,4363035.51
1564,R1-001,"i-DE REDES ELÉCTRICAS INTELIGENTES, S.A.U",Cuenca,Villanueva de la Jara,591261.03,4366245.19,ST VILLANUEVA JARA,132,0,No,0.35,0,0,591261.03,4366245.19
1565,R1-001,"i-DE REDES ELÉCTRICAS INTELIGENTES, S.A.U",Cuenca,Villanueva de la Jara,591261.03,4366245.19,ST VILLANUEVA JARA,20,0,No,11.33,0,0,591261.03,4366245.19
1566,R1-001,"i-DE REDES ELÉCTRICAS INTELIGENTES, S.A.U",Cuenca,Villanueva de la Jara,591261.03,4366245.19,ST VILLANUEVA JARA,20,0,No,9.64,0,0,591261.03,4366245.19
1567,R1-001,"i-DE REDES ELÉCTRICAS INTELIGENTES, S.A.U",Cuenca,Villares del Saz,536769.71,4412499.87,ST VILLARES DEL SAZ,66,0,No,50.33,0,0,536769.71,4412499.87
1568,R1-001,"i-DE REDES ELÉCTRICAS INTELIGENTES, S.A.U",Cuenca,Villares del Saz,536769.71,4412499.87,ST VILLARES DEL SAZ,20,0,No,10.83,0,0,536769.71,4412499.87
1569,R1-001,"i-DE REDES ELÉCTRICAS INTELIGENTES, S.A.U",Cuenca,Villares del Saz,536769.71,4412499.87,ST VILLARES DEL SAZ,20,0,No,13.79,1.9,0,536769.71,4412499.87
1570,R1-001,"i-DE REDES ELÉCTRICAS INTELIGENTES, S.A.U",Cuenca,"Pedernoso, El",522160.08,4370186.7,STR EL PEDERNOSO,66,0,No,0.3,0,0,522160.08,4370186.7
1571,R1-001,"i-DE REDES ELÉCTRICAS INTELIGENTES, S.A.U",Cuenca,"Pedernoso, El",522160.08,4370186.7,STR EL PEDERNOSO,20,0,No,7.29,0,0,522160.08,4370186.7
1572,R1-001,"i-DE REDES ELÉCTRICAS INTELIGENTES, S.A.U",Cuenca,"Pedernoso, El",522160.08,4370186.7,STR EL PEDERNOSO,20,0,No,18.54,0,0,522160.08,4370186.7
1573,R1-001,"i-DE REDES ELÉCTRICAS INTELIGENTES, S.A.U",Cuenca,Osa de la Vega,516939.73,4390347.5,STR OSA DE LA VEGA,66,0,No,0,0,0,516939.73,4390347.5
1574,R1-001,"i-DE REDES ELÉCTRICAS INTELIGENTES, S.A.U",Cuenca,Osa de la Vega,516939.73,4390347.5,STR OSA DE LA VEGA,20,0,No,0.96,0,0,516939.73,4390347.5
1575,R1-001,"i-DE REDES ELÉCTRICAS INTELIGENTES, S.A.U",Cuenca,Osa de la Vega,516939.73,4390347.5,STR OSA DE LA VEGA,20,0,No,1.13,0,0,516939.73,4390347.5
1576,R1-001,"i-DE REDES ELÉCTRICAS INTELIGENTES, S.A.U",Cuenca,Saelices,515035.7,4418339.92,STR SAELICES,66,0,No,0,0,0,515035.7,4418339.92
1577,R1-001,"i-DE REDES ELÉCTRICAS INTELIGENTES, S.A.U",Cuenca,Saelices,515035.7,4418339.92,STR SAELICES,20,0,No,0.48,0,0,515035.7,4418339.92
1578,R1-001,"i-DE REDES ELÉCTRICAS INTELIGENTES, S.A.U",Cuenca,Tarancón,502730.42,4425080.09,STR SENDA PASTORES,66,0,No,0,0,0,502730.42,4425080.09
1579,R1-001,"i-DE REDES ELÉCTRICAS INTELIGENTES, S.A.U",Cuenca,Tarancón,502730.42,4425080.09,STR SENDA PASTORES,20,0,No,25.48,0,0,502730.42,4425080.09
1580,R1-001,"i-DE REDES ELÉCTRICAS INTELIGENTES, S.A.U",Cuenca,Tarancón,502730.42,4425080.09,STR SENDA PASTORES,20,0,No,21.08,0,0,502730.42,4425080.09
1581,R1-001,"i-DE REDES ELÉCTRICAS INTELIGENTES, S.A.U",Cuenca,Tarancón,498078.94,4429165.96,STR TARANCON,66,0,No,0,0,0,498078.94,4429165.96
1582,R1-001,"i-DE REDES ELÉCTRICAS INTELIGENTES, S.A.U",Cuenca,Tarancón,498078.94,4429165.96,STR TARANCON,20,0,No,13.76,0,0,498078.94,4429165.96
1583,R1-001,"i-DE REDES ELÉCTRICAS INTELIGENTES, S.A.U",Cuenca,Tarancón,498078.94,4429165.96,STR TARANCON,20,0,No,24.36,0,0,498078.94,4429165.96
1584,R1-001,"i-DE REDES ELÉCTRICAS INTELIGENTES, S.A.U",Cuenca,Villamayor de Santiago,505761.51,4399794.52,STR VILLAMAYOR DE SANTIAGO,20,0,No,11.52,0,0,505761.51,4399794.52
1585,R1-001,"i-DE REDES ELÉCTRICAS INTELIGENTES, S.A.U",Cuenca,Villamayor de Santiago,505761.51,4399794.52,STR VILLAMAYOR DE SANTIAGO,66,0,No,0,0,0,505761.51,4399794.52
1586,R1-001,"i-DE REDES ELÉCTRICAS INTELIGENTES, S.A.U",Guadalajara,Alovera,479370.58,4492555.01,ST ALOVERA,132,0,No,0,0,0,479370.58,4492555.01
1587,R1-001,"i-DE REDES ELÉCTRICAS INTELIGENTES, S.A.U",Guadalajara,Alovera,479370.58,4492555.01,ST ALOVERA,45,0,No,0,0,0,479370.58,4492555.01
1588,R1-001,"i-DE REDES ELÉCTRICAS INTELIGENTES, S.A.U",Guadalajara,Alovera,479370.58,4492555.01,ST ALOVERA,20,0,No,78.44,0,0,479370.58,4492555.01
1589,R1-001,"i-DE REDES ELÉCTRICAS INTELIGENTES, S.A.U",Guadalajara,Alovera,479370.58,4492555.01,ST ALOVERA,20,0,No,31.9,0,0,479370.58,4492555.01
1590,R1-001,"i-DE REDES ELÉCTRICAS INTELIGENTES, S.A.U",Guadalajara,Cabanillas del Campo,478751.6,4496171.87,ST CABANILLAS CAMPO,132,0,No,0,0,0,478751.6,4496171.87
1591,R1-001,"i-DE REDES ELÉCTRICAS INTELIGENTES, S.A.U",Guadalajara,Cabanillas del Campo,478751.6,4496171.87,ST CABANILLAS CAMPO,20,0,No,56.29,0,0,478751.6,4496171.87
1592,R1-001,"i-DE REDES ELÉCTRICAS INTELIGENTES, S.A.U",Guadalajara,Cabanillas del Campo,478751.6,4496171.87,ST CABANILLAS CAMPO,20,0,No,39.7,0,0,478751.6,4496171.87
1593,R1-001,"i-DE REDES ELÉCTRICAS INTELIGENTES, S.A.U",Guadalajara,Cabanillas del Campo,478751.6,4496171.87,ST CABANILLAS CAMPO,20,0,No,60.8,0,0,478751.6,4496171.87
1594,R1-001,"i-DE REDES ELÉCTRICAS INTELIGENTES, S.A.U",Guadalajara,Cabanillas del Campo,479341.26,4495711.59,ST C-CAMPO-AIR LIQUI,132,0,No,0,0,0,479341.26,4495711.59
1595,R1-001,"i-DE REDES ELÉCTRICAS INTELIGENTES, S.A.U",Guadalajara,Marchamalo,484252.34,4503014.81,ST CIUDAD DEL TRANSP,132,0,No,0,0,0,484252.34,4503014.81
1596,R1-001,"i-DE REDES ELÉCTRICAS INTELIGENTES, S.A.U",Guadalajara,Marchamalo,484252.34,4503014.81,ST CIUDAD DEL TRANSP,20,0,No,56.76,0,0,484252.34,4503014.81
1597,R1-001,"i-DE REDES ELÉCTRICAS INTELIGENTES, S.A.U",Guadalajara,Marchamalo,484252.34,4503014.81,ST CIUDAD DEL TRANSP,20,0,No,40.84,0,0,484252.34,4503014.81
1598,R1-001,"i-DE REDES ELÉCTRICAS INTELIGENTES, S.A.U",Guadalajara,Brihuega,501471.31,4510825.9,ST FTE ALCARRIA ID,132,0,No,0,0,0,501471.31,4510825.9
1599,R1-001,"i-DE REDES ELÉCTRICAS INTELIGENTES, S.A.U",Guadalajara,Galápagos,466231.98,4505183.32,ST GALAPAGOS,20,0,No,12.8,0,0,466231.98,4505183.32
1600,R1-001,"i-DE REDES ELÉCTRICAS INTELIGENTES, S.A.U",Guadalajara,Galápagos,466231.98,4505183.32,ST GALAPAGOS,20,0,No,9.28,0,0,466231.98,4505183.32
1601,R1-001,"i-DE REDES ELÉCTRICAS INTELIGENTES, S.A.U",Guadalajara,Galápagos,466231.98,4505183.32,ST GALAPAGOS,132,0,No,0.15,0,0,466231.98,4505183.32
1602,R1-001,"i-DE REDES ELÉCTRICAS INTELIGENTES, S.A.U",Guadalajara,Guadalajara,484750.88,4500889.59,ST GUADALAJARA,132,0,No,110.15,0,0,484750.88,4500889.59
1603,R1-001,"i-DE REDES ELÉCTRICAS INTELIGENTES, S.A.U",Guadalajara,Guadalajara,484750.88,4500889.59,ST GUADALAJARA,66,0,No,3.17,0,0,484750.88,4500889.59
1604,R1-001,"i-DE REDES ELÉCTRICAS INTELIGENTES, S.A.U",Guadalajara,Guadalajara,484750.88,4500889.59,ST GUADALAJARA,66,0,No,0.04,0,0,484750.88,4500889.59
1605,R1-001,"i-DE REDES ELÉCTRICAS INTELIGENTES, S.A.U",Guadalajara,Guadalajara,484750.88,4500889.59,ST GUADALAJARA,20,0,No,68.44,0,0,484750.88,4500889.59
1606,R1-001,"i-DE REDES ELÉCTRICAS INTELIGENTES, S.A.U",Guadalajara,Guadalajara,484750.88,4500889.59,ST GUADALAJARA,20,0,No,98.29,0,0,484750.88,4500889.59
1607,R1-001,"i-DE REDES ELÉCTRICAS INTELIGENTES, S.A.U",Guadalajara,Galápagos,471273.97,4506467.74,ST TENEBRON,132,0,No,0,0,0,471273.97,4506467.74
1608,R1-001,"i-DE REDES ELÉCTRICAS INTELIGENTES, S.A.U",Guadalajara,Torija,497599.11,4511899.14,ST TORIJA,132,0,No,9.4,0,0,497599.11,4511899.14
1609,R1-001,"i-DE REDES ELÉCTRICAS INTELIGENTES, S.A.U",Guadalajara,Torija,497599.11,4511899.14,ST TORIJA,20,0,No,45.69,0,0,497599.11,4511899.14
1610,R1-001,"i-DE REDES ELÉCTRICAS INTELIGENTES, S.A.U",Guadalajara,Torija,497599.11,4511899.14,ST TORIJA,20,0,No,20.03,0,0,497599.11,4511899.14
1611,R1-001,"i-DE REDES ELÉCTRICAS INTELIGENTES, S.A.U",Guadalajara,Villanueva de la Torre,476199.48,4491949.84,ST VILLANUEVA DE LA TORRE,20,0,No,44.75,0,0,476199.48,4491949.84
1612,R1-001,"i-DE REDES ELÉCTRICAS INTELIGENTES, S.A.U",Guadalajara,Villanueva de la Torre,476199.48,4491949.84,ST VILLANUEVA DE LA TORRE,132,0,No,0,0,0,476199.48,4491949.84
1613,R1-001,"i-DE REDES ELÉCTRICAS INTELIGENTES, S.A.U",Guadalajara,Alarilla,490452.49,4520317.58,STR ALARILLA,66,0,No,0,0,0,490452.49,4520317.58
1614,R1-001,"i-DE REDES ELÉCTRICAS INTELIGENTES, S.A.U",Guadalajara,Alarilla,490452.49,4520317.58,STR ALARILLA,20,0,No,4.94,0,0,490452.49,4520317.58
1615,R1-001,"i-DE REDES ELÉCTRICAS INTELIGENTES, S.A.U",Guadalajara,Fontanar,484383.62,4510039.51,STR FONTANAR,66,0,No,0.01,0,0,484383.62,4510039.51
1616,R1-001,"i-DE REDES ELÉCTRICAS INTELIGENTES, S.A.U",Guadalajara,Fontanar,484383.62,4510039.51,STR FONTANAR,20,0,No,7.32,0,0,484383.62,4510039.51
1617,R1-001,"i-DE REDES ELÉCTRICAS INTELIGENTES, S.A.U",Guadalajara,Fontanar,484383.62,4510039.51,STR FONTANAR,20,0,No,23.28,0,0,484383.62,4510039.51
1618,R1-001,"i-DE REDES ELÉCTRICAS INTELIGENTES, S.A.U",Guadalajara,Jadraque,506447.28,4531254.71,STR JADRAQUE,66,0,No,0,0,0,506447.28,4531254.71
1619,R1-001,"i-DE REDES ELÉCTRICAS INTELIGENTES, S.A.U",Guadalajara,Jadraque,506447.28,4531254.71,STR JADRAQUE,20,0,No,4.18,0,0,506447.28,4531254.71
1620,R1-001,"i-DE REDES ELÉCTRICAS INTELIGENTES, S.A.U",Guadalajara,Sigüenza,529863.64,4545304.77,STR SIGUENZA,66,0,No,0,0,0,529863.64,4545304.77
1621,R1-001,"i-DE REDES ELÉCTRICAS INTELIGENTES, S.A.U",Guadalajara,Sigüenza,529863.64,4545304.77,STR SIGUENZA,66,0,No,0,0,0,529863.64,4545304.77
1622,R1-001,"i-DE REDES ELÉCTRICAS INTELIGENTES, S.A.U",Guadalajara,Sigüenza,529863.64,4545304.77,STR SIGUENZA,20,0,No,2.82,0,0,529863.64,4545304.77
1623,R1-001,"i-DE REDES ELÉCTRICAS INTELIGENTES, S.A.U",Guadalajara,Sigüenza,529863.64,4545304.77,STR SIGUENZA,20,0,No,28.61,0,0,529863.64,4545304.77
1624,R1-001,"i-DE REDES ELÉCTRICAS INTELIGENTES, S.A.U",Guadalajara,Yunquera de Henares,484856.5,4514200.32,STR YUNQUERA HENARES,66,0,No,0,0,0,484856.5,4514200.32
1625,R1-001,"i-DE REDES ELÉCTRICAS INTELIGENTES, S.A.U",Guadalajara,Yunquera de Henares,484856.5,4514200.32,STR YUNQUERA HENARES,20,0,No,6.79,0,0,484856.5,4514200.32
1626,R1-001,"i-DE REDES ELÉCTRICAS INTELIGENTES, S.A.U",Gipuzkoa,Aduna,578200.82,4784123.29,ST ADUNA,132,0,No,3.45,0,1,578200.82,4784123.29
1627,R1-001,"i-DE REDES ELÉCTRICAS INTELIGENTES, S.A.U",Gipuzkoa,Aduna,578200.82,4784123.29,ST ADUNA,132,0,No,0,0,1,578200.82,4784123.29
1628,R1-001,"i-DE REDES ELÉCTRICAS INTELIGENTES, S.A.U",Gipuzkoa,Aduna,578200.82,4784123.29,ST ADUNA,13,0,No,5.92,0,0,578200.82,4784123.29
1629,R1-001,"i-DE REDES ELÉCTRICAS INTELIGENTES, S.A.U",Gipuzkoa,Aduna,578200.82,4784123.29,ST ADUNA,30,0,No,17.56,0,0,578200.82,4784123.29
1630,R1-001,"i-DE REDES ELÉCTRICAS INTELIGENTES, S.A.U",Gipuzkoa,Altzo,573607.33,4773444.15,ST ALZO,132,0,No,0,0,0,573607.33,4773444.15
1631,R1-001,"i-DE REDES ELÉCTRICAS INTELIGENTES, S.A.U",Gipuzkoa,Altzo,573607.33,4773444.15,ST ALZO,132,0,No,0,0,0,573607.33,4773444.15
1632,R1-001,"i-DE REDES ELÉCTRICAS INTELIGENTES, S.A.U",Gipuzkoa,Altzo,573607.33,4773444.15,ST ALZO,30,0,No,54.78,0,0,573607.33,4773444.15
1633,R1-001,"i-DE REDES ELÉCTRICAS INTELIGENTES, S.A.U",Gipuzkoa,Oiartzun,593824.44,4795369.84,ST ARKALE,132,0,No,16.1,0,0,593824.44,4795369.84
1634,R1-001,"i-DE REDES ELÉCTRICAS INTELIGENTES, S.A.U",Gipuzkoa,Azpeitia,560715.87,4784740.99,ST AZPEITIA,132,0,No,22,0,1,560715.87,4784740.99
1635,R1-001,"i-DE REDES ELÉCTRICAS INTELIGENTES, S.A.U",Gipuzkoa,Bergara,546909.58,4775834.9,ST BERGARA,30,0,No,75.49,0,0,546909.58,4775834.9
1636,R1-001,"i-DE REDES ELÉCTRICAS INTELIGENTES, S.A.U",Gipuzkoa,Bergara,546909.58,4775834.9,ST BERGARA,132,0,No,0,0,1,546909.58,4775834.9
1637,R1-001,"i-DE REDES ELÉCTRICAS INTELIGENTES, S.A.U",Gipuzkoa,Bergara,546909.58,4775834.9,ST BERGARA,132,0,No,0,0,1,546909.58,4775834.9
1638,R1-001,"i-DE REDES ELÉCTRICAS INTELIGENTES, S.A.U",Gipuzkoa,Elgoibar,547635.65,4784156.44,ST ELGOIBAR,132,0,No,0,0,1,547635.65,4784156.44
1639,R1-001,"i-DE REDES ELÉCTRICAS INTELIGENTES, S.A.U",Gipuzkoa,Elgoibar,547635.65,4784156.44,ST ELGOIBAR,132,0,No,0,0,1,547635.65,4784156.44
1640,R1-001,"i-DE REDES ELÉCTRICAS INTELIGENTES, S.A.U",Gipuzkoa,Elgoibar,547635.65,4784156.44,ST ELGOIBAR,30,0,No,35.39,0,0,547635.65,4784156.44
1641,R1-001,"i-DE REDES ELÉCTRICAS INTELIGENTES, S.A.U",Gipuzkoa,Donostia/San Sebastián,583032.65,4794642.85,ST ERRONDO,132,0,No,0,0,1,583032.65,4794642.85
1642,R1-001,"i-DE REDES ELÉCTRICAS INTELIGENTES, S.A.U",Gipuzkoa,Donostia/San Sebastián,583032.65,4794642.85,ST ERRONDO,132,0,No,0,0,1,583032.65,4794642.85
1643,R1-001,"i-DE REDES ELÉCTRICAS INTELIGENTES, S.A.U",Gipuzkoa,Donostia/San Sebastián,583032.65,4794642.85,ST ERRONDO,13,0,No,17.04,0,0,583032.65,4794642.85
1644,R1-001,"i-DE REDES ELÉCTRICAS INTELIGENTES, S.A.U",Gipuzkoa,Donostia/San Sebastián,583032.65,4794642.85,ST ERRONDO,13,0,No,24.67,0,0,583032.65,4794642.85
1645,R1-001,"i-DE REDES ELÉCTRICAS INTELIGENTES, S.A.U",Gipuzkoa,Hernani,583810.32,4790153.46,ST HERNANI,132,0,No,77.7,0,1,583810.32,4790153.46
1646,R1-001,"i-DE REDES ELÉCTRICAS INTELIGENTES, S.A.U",Gipuzkoa,Hernani,583810.32,4790153.46,ST HERNANI,30,0,No,71.64,0,1,583810.32,4790153.46
1647,R1-001,"i-DE REDES ELÉCTRICAS INTELIGENTES, S.A.U",Gipuzkoa,Irun,596319.79,4799015.38,ST IRUN,132,0,No,0,0,0,596319.79,4799015.38
1648,R1-001,"i-DE REDES ELÉCTRICAS INTELIGENTES, S.A.U",Gipuzkoa,Irun,596319.79,4799015.38,ST IRUN,13,0,No,9.72,0,0,596319.79,4799015.38
1649,R1-001,"i-DE REDES ELÉCTRICAS INTELIGENTES, S.A.U",Gipuzkoa,Irun,596319.79,4799015.38,ST IRUN,30,0,No,0,0,0,596319.79,4799015.38
1650,R1-001,"i-DE REDES ELÉCTRICAS INTELIGENTES, S.A.U",Gipuzkoa,Irun,596319.79,4799015.38,ST IRUN,13,0,No,8.45,0,0,596319.79,4799015.38
1651,R1-001,"i-DE REDES ELÉCTRICAS INTELIGENTES, S.A.U",Gipuzkoa,Irun,596319.79,4799015.38,ST IRUN,30,0,No,0,0,0,596319.79,4799015.38
1652,R1-001,"i-DE REDES ELÉCTRICAS INTELIGENTES, S.A.U",Gipuzkoa,Irun,596319.79,4799015.38,ST IRUN,30,0,No,32.78,0.93,0,596319.79,4799015.38
1653,R1-001,"i-DE REDES ELÉCTRICAS INTELIGENTES, S.A.U",Gipuzkoa,Zestoa,560364.37,4785027.07,ST LASAO,132,0,No,0,0,1,560364.37,4785027.07
1654,R1-001,"i-DE REDES ELÉCTRICAS INTELIGENTES, S.A.U",Gipuzkoa,Zestoa,560364.37,4785027.07,ST LASAO,132,0,No,0,0,1,560364.37,4785027.07
1655,R1-001,"i-DE REDES ELÉCTRICAS INTELIGENTES, S.A.U",Gipuzkoa,Zestoa,560364.37,4785027.07,ST LASAO,30,0,No,39.16,0,0,560364.37,4785027.07
1656,R1-001,"i-DE REDES ELÉCTRICAS INTELIGENTES, S.A.U",Gipuzkoa,Donostia/San Sebastián,584975.05,4795102.68,ST MARTUTENE,132,0,No,0,0,1,584975.05,4795102.68
1657,R1-001,"i-DE REDES ELÉCTRICAS INTELIGENTES, S.A.U",Gipuzkoa,Donostia/San Sebastián,584975.05,4795102.68,ST MARTUTENE,132,0,No,0,0,1,584975.05,4795102.68
1658,R1-001,"i-DE REDES ELÉCTRICAS INTELIGENTES, S.A.U",Gipuzkoa,Donostia/San Sebastián,584975.05,4795102.68,ST MARTUTENE,13,0,No,20.09,0,0,584975.05,4795102.68
1659,R1-001,"i-DE REDES ELÉCTRICAS INTELIGENTES, S.A.U",Gipuzkoa,Donostia/San Sebastián,584975.05,4795102.68,ST MARTUTENE,30,0,No,3,0,0,584975.05,4795102.68
1660,R1-001,"i-DE REDES ELÉCTRICAS INTELIGENTES, S.A.U",Gipuzkoa,Donostia/San Sebastián,584975.05,4795102.68,ST MARTUTENE,30,0,No,15.48,0,0,584975.05,4795102.68
1661,R1-001,"i-DE REDES ELÉCTRICAS INTELIGENTES, S.A.U",Gipuzkoa,Arrasate/Mondragón,543284.47,4769321.83,ST MONDRAGON,132,0,No,0,0,1,543284.47,4769321.83
1662,R1-001,"i-DE REDES ELÉCTRICAS INTELIGENTES, S.A.U",Gipuzkoa,Arrasate/Mondragón,543284.47,4769321.83,ST MONDRAGON,132,0,No,0,0,1,543284.47,4769321.83
1663,R1-001,"i-DE REDES ELÉCTRICAS INTELIGENTES, S.A.U",Gipuzkoa,Arrasate/Mondragón,543284.47,4769321.83,ST MONDRAGON,132,0,No,0,0,1,543284.47,4769321.83
1664,R1-001,"i-DE REDES ELÉCTRICAS INTELIGENTES, S.A.U",Gipuzkoa,Arrasate/Mondragón,543284.47,4769321.83,ST MONDRAGON,30,0,No,69.54,0,0,543284.47,4769321.83
1665,R1-001,"i-DE REDES ELÉCTRICAS INTELIGENTES, S.A.U",Gipuzkoa,Oiartzun,590506.73,4796173.98,ST OIARTZUN,132,0,No,33,0,1,590506.73,4796173.98
1666,R1-001,"i-DE REDES ELÉCTRICAS INTELIGENTES, S.A.U",Gipuzkoa,Oiartzun,590506.73,4796173.98,ST OIARTZUN,132,0,No,0,0,1,590506.73,4796173.98
1667,R1-001,"i-DE REDES ELÉCTRICAS INTELIGENTES, S.A.U",Gipuzkoa,Oiartzun,590506.73,4796173.98,ST OIARTZUN,30,0,No,16.42,0,0,590506.73,4796173.98
1668,R1-001,"i-DE REDES ELÉCTRICAS INTELIGENTES, S.A.U",Gipuzkoa,Ormaiztegi,561695.37,4765840.4,ST ORMAIZTEGI,132,1.26,No,27.3,0,0,561695.37,4765840.4
1669,R1-001,"i-DE REDES ELÉCTRICAS INTELIGENTES, S.A.U",Gipuzkoa,Ormaiztegi,561695.37,4765840.4,ST ORMAIZTEGI,13,0,No,7.45,0,0,561695.37,4765840.4
1670,R1-001,"i-DE REDES ELÉCTRICAS INTELIGENTES, S.A.U",Gipuzkoa,Ormaiztegi,561695.37,4765840.4,ST ORMAIZTEGI,30,0,No,0,0,0,561695.37,4765840.4
1671,R1-001,"i-DE REDES ELÉCTRICAS INTELIGENTES, S.A.U",Gipuzkoa,Ormaiztegi,561695.37,4765840.4,ST ORMAIZTEGI,13,0,No,1.04,0,0,561695.37,4765840.4
1672,R1-001,"i-DE REDES ELÉCTRICAS INTELIGENTES, S.A.U",Gipuzkoa,Ormaiztegi,561695.37,4765840.4,ST ORMAIZTEGI,30,0,No,0,0,0,561695.37,4765840.4
1673,R1-001,"i-DE REDES ELÉCTRICAS INTELIGENTES, S.A.U",Gipuzkoa,Ormaiztegi,561695.37,4765840.4,ST ORMAIZTEGI,30,0,No,47.19,0,0,561695.37,4765840.4
1674,R1-001,"i-DE REDES ELÉCTRICAS INTELIGENTES, S.A.U",Gipuzkoa,Usurbil,579733.34,4792161.57,ST USURBIL,30,0,No,36.76,0,0,579733.34,4792161.57
1675,R1-001,"i-DE REDES ELÉCTRICAS INTELIGENTES, S.A.U",Gipuzkoa,Usurbil,579733.34,4792161.57,ST USURBIL,132,0,No,0,0,1,579733.34,4792161.57
1676,R1-001,"i-DE REDES ELÉCTRICAS INTELIGENTES, S.A.U",Gipuzkoa,Usurbil,579733.34,4792161.57,ST USURBIL,132,0,No,0,0,1,579733.34,4792161.57
1677,R1-001,"i-DE REDES ELÉCTRICAS INTELIGENTES, S.A.U",Gipuzkoa,Donostia/San Sebastián,578165.68,4789874.43,ST ZUBIETA,30,0,No,46.54,0,0,578165.68,4789874.43
1678,R1-001,"i-DE REDES ELÉCTRICAS INTELIGENTES, S.A.U",Gipuzkoa,Donostia/San Sebastián,578165.68,4789874.43,ST ZUBIETA,132,0,No,0,0,1,578165.68,4789874.43
1679,R1-001,"i-DE REDES ELÉCTRICAS INTELIGENTES, S.A.U",Gipuzkoa,Alegia,573520.59,4771988.24,STR ALEGIA,13,0,No,2.16,0,0,573520.59,4771988.24
1680,R1-001,"i-DE REDES ELÉCTRICAS INTELIGENTES, S.A.U",Gipuzkoa,Alegia,573520.59,4771988.24,STR ALEGIA,30,0,No,0,0,0,573520.59,4771988.24
1681,R1-001,"i-DE REDES ELÉCTRICAS INTELIGENTES, S.A.U",Gipuzkoa,Donostia/San Sebastián,586932.79,4796491.83,STR ALZA,13,0,No,10.09,0,0,586932.79,4796491.83
1682,R1-001,"i-DE REDES ELÉCTRICAS INTELIGENTES, S.A.U",Gipuzkoa,Donostia/San Sebastián,586932.79,4796491.83,STR ALZA,30,0,No,0,0,0,586932.79,4796491.83
1683,R1-001,"i-DE REDES ELÉCTRICAS INTELIGENTES, S.A.U",Gipuzkoa,Donostia/San Sebastián,586932.79,4796491.83,STR ALZA,13,0,No,4.69,0,0,586932.79,4796491.83
1684,R1-001,"i-DE REDES ELÉCTRICAS INTELIGENTES, S.A.U",Gipuzkoa,Donostia/San Sebastián,586932.79,4796491.83,STR ALZA,30,0,No,0,0,0,586932.79,4796491.83
1685,R1-001,"i-DE REDES ELÉCTRICAS INTELIGENTES, S.A.U",Gipuzkoa,Eskoriatza,539422.68,4763579.53,STR ARETXABALETA,13,0,No,2.44,0,0,539422.68,4763579.53
1686,R1-001,"i-DE REDES ELÉCTRICAS INTELIGENTES, S.A.U",Gipuzkoa,Eskoriatza,539422.68,4763579.53,STR ARETXABALETA,30,0,No,0,0,0,539422.68,4763579.53
1687,R1-001,"i-DE REDES ELÉCTRICAS INTELIGENTES, S.A.U",Gipuzkoa,Eskoriatza,539422.68,4763579.53,STR ARETXABALETA,13,0,No,1.86,0,0,539422.68,4763579.53
1688,R1-001,"i-DE REDES ELÉCTRICAS INTELIGENTES, S.A.U",Gipuzkoa,Eskoriatza,539422.68,4763579.53,STR ARETXABALETA,30,0,No,0,0,0,539422.68,4763579.53
1689,R1-001,"i-DE REDES ELÉCTRICAS INTELIGENTES, S.A.U",Gipuzkoa,Azpeitia,560506.53,4780066.06,STR AZPEITIA LANDETA,13,0,No,5.37,0,0,560506.53,4780066.06
1690,R1-001,"i-DE REDES ELÉCTRICAS INTELIGENTES, S.A.U",Gipuzkoa,Azpeitia,560506.53,4780066.06,STR AZPEITIA LANDETA,30,0,No,0,0,0,560506.53,4780066.06
1691,R1-001,"i-DE REDES ELÉCTRICAS INTELIGENTES, S.A.U",Gipuzkoa,Azpeitia,560506.53,4780066.06,STR AZPEITIA LANDETA,13,0,No,1.61,0,0,560506.53,4780066.06
1692,R1-001,"i-DE REDES ELÉCTRICAS INTELIGENTES, S.A.U",Gipuzkoa,Azpeitia,560506.53,4780066.06,STR AZPEITIA LANDETA,30,0,No,0,0,0,560506.53,4780066.06
1693,R1-001,"i-DE REDES ELÉCTRICAS INTELIGENTES, S.A.U",Gipuzkoa,Bidania-Goiatz,568556.9,4776620.02,STR BIDEGOIAN,13,0,No,1.21,0,0,568556.9,4776620.02
1694,R1-001,"i-DE REDES ELÉCTRICAS INTELIGENTES, S.A.U",Gipuzkoa,Bidania-Goiatz,568556.9,4776620.02,STR BIDEGOIAN,30,0,No,0.01,0,0,568556.9,4776620.02
1695,R1-001,"i-DE REDES ELÉCTRICAS INTELIGENTES, S.A.U",Gipuzkoa,Deba,551590.35,4793303.5,STR DEBA,13,0,No,3.16,0,0,551590.35,4793303.5
1696,R1-001,"i-DE REDES ELÉCTRICAS INTELIGENTES, S.A.U",Gipuzkoa,Deba,551590.35,4793303.5,STR DEBA,30,0,No,0,0,0,551590.35,4793303.5
1697,R1-001,"i-DE REDES ELÉCTRICAS INTELIGENTES, S.A.U",Gipuzkoa,Donostia/San Sebastián,583286.82,4796417.64,STR EGUIA,13,0,No,10.75,0,0,583286.82,4796417.64
1698,R1-001,"i-DE REDES ELÉCTRICAS INTELIGENTES, S.A.U",Gipuzkoa,Donostia/San Sebastián,583286.82,4796417.64,STR EGUIA,30,0,No,0,0,0,583286.82,4796417.64
1699,R1-001,"i-DE REDES ELÉCTRICAS INTELIGENTES, S.A.U",Gipuzkoa,Donostia/San Sebastián,583286.82,4796417.64,STR EGUIA,13,0,No,11.44,0,0,583286.82,4796417.64
1700,R1-001,"i-DE REDES ELÉCTRICAS INTELIGENTES, S.A.U",Gipuzkoa,Donostia/San Sebastián,583286.82,4796417.64,STR EGUIA,30,0,No,0,0,0,583286.82,4796417.64
1701,R1-001,"i-DE REDES ELÉCTRICAS INTELIGENTES, S.A.U",Gipuzkoa,Donostia/San Sebastián,583286.82,4796417.64,STR EGUIA,13,0,No,21.25,0,0,583286.82,4796417.64
1702,R1-001,"i-DE REDES ELÉCTRICAS INTELIGENTES, S.A.U",Gipuzkoa,Donostia/San Sebastián,583286.82,4796417.64,STR EGUIA,30,0,No,0,0,0,583286.82,4796417.64
1703,R1-001,"i-DE REDES ELÉCTRICAS INTELIGENTES, S.A.U",Gipuzkoa,Elgoibar,548356.98,4786113.86,STR ELGOIBAR,13,0,No,4,0,0,548356.98,4786113.86
1704,R1-001,"i-DE REDES ELÉCTRICAS INTELIGENTES, S.A.U",Gipuzkoa,Elgoibar,548356.98,4786113.86,STR ELGOIBAR,30,0,No,2,0,0,548356.98,4786113.86
1705,R1-001,"i-DE REDES ELÉCTRICAS INTELIGENTES, S.A.U",Gipuzkoa,Elgoibar,548356.98,4786113.86,STR ELGOIBAR,13,0,No,6.87,0,0,548356.98,4786113.86
1706,R1-001,"i-DE REDES ELÉCTRICAS INTELIGENTES, S.A.U",Gipuzkoa,Elgoibar,548356.98,4786113.86,STR ELGOIBAR,30,0,No,0,0,0,548356.98,4786113.86
1707,R1-001,"i-DE REDES ELÉCTRICAS INTELIGENTES, S.A.U",Gipuzkoa,Elgeta,541578.41,4775889.99,STR ELGUETA,13,0,No,3.21,0,0,541578.41,4775889.99
1708,R1-001,"i-DE REDES ELÉCTRICAS INTELIGENTES, S.A.U",Gipuzkoa,Elgeta,541578.41,4775889.99,STR ELGUETA,30,0,No,0.25,0,0,541578.41,4775889.99
1709,R1-001,"i-DE REDES ELÉCTRICAS INTELIGENTES, S.A.U",Gipuzkoa,Ezkio-Itsaso,557296,4770470.93,STR EZKIOGA,13,0,No,4.83,0,0,557296,4770470.93
1710,R1-001,"i-DE REDES ELÉCTRICAS INTELIGENTES, S.A.U",Gipuzkoa,Ezkio-Itsaso,557296,4770470.93,STR EZKIOGA,30,0,No,0,0,0,557296,4770470.93
1711,R1-001,"i-DE REDES ELÉCTRICAS INTELIGENTES, S.A.U",Gipuzkoa,Ezkio-Itsaso,557296,4770470.93,STR EZKIOGA,13,0,No,2.18,0,0,557296,4770470.93
1712,R1-001,"i-DE REDES ELÉCTRICAS INTELIGENTES, S.A.U",Gipuzkoa,Ezkio-Itsaso,557296,4770470.93,STR EZKIOGA,30,0,No,0,0,0,557296,4770470.93
1713,R1-001,"i-DE REDES ELÉCTRICAS INTELIGENTES, S.A.U",Gipuzkoa,Azkoitia,555622.24,4781405.87,STR FLOREAGA,13,0,No,4.34,0,0,555622.24,4781405.87
1714,R1-001,"i-DE REDES ELÉCTRICAS INTELIGENTES, S.A.U",Gipuzkoa,Azkoitia,555622.24,4781405.87,STR FLOREAGA,30,0,No,0,0,0,555622.24,4781405.87
1715,R1-001,"i-DE REDES ELÉCTRICAS INTELIGENTES, S.A.U",Gipuzkoa,Azkoitia,555622.24,4781405.87,STR FLOREAGA,13,0,No,4.65,0,0,555622.24,4781405.87
1716,R1-001,"i-DE REDES ELÉCTRICAS INTELIGENTES, S.A.U",Gipuzkoa,Azkoitia,555622.24,4781405.87,STR FLOREAGA,30,0,No,0,0,0,555622.24,4781405.87
1717,R1-001,"i-DE REDES ELÉCTRICAS INTELIGENTES, S.A.U",Gipuzkoa,Hondarribia,597345.82,4801613.54,STR FUENTERRABIA,13,0,No,7.94,0,0,597345.82,4801613.54
1718,R1-001,"i-DE REDES ELÉCTRICAS INTELIGENTES, S.A.U",Gipuzkoa,Hondarribia,597345.82,4801613.54,STR FUENTERRABIA,30,0,No,0,0,0,597345.82,4801613.54
1719,R1-001,"i-DE REDES ELÉCTRICAS INTELIGENTES, S.A.U",Gipuzkoa,Hernani,584090.49,4791424.12,STR HERNANI,13,0,No,8.48,0,0,584090.49,4791424.12
1720,R1-001,"i-DE REDES ELÉCTRICAS INTELIGENTES, S.A.U",Gipuzkoa,Hernani,584090.49,4791424.12,STR HERNANI,30,0,No,0.68,0,1,584090.49,4791424.12
1721,R1-001,"i-DE REDES ELÉCTRICAS INTELIGENTES, S.A.U",Gipuzkoa,Hernani,584090.49,4791424.12,STR HERNANI,13,0,No,7.89,0,0,584090.49,4791424.12
1722,R1-001,"i-DE REDES ELÉCTRICAS INTELIGENTES, S.A.U",Gipuzkoa,Hernani,584090.49,4791424.12,STR HERNANI,30,0,No,0.6,0,1,584090.49,4791424.12
1723,R1-001,"i-DE REDES ELÉCTRICAS INTELIGENTES, S.A.U",Gipuzkoa,Donostia/San Sebastián,579108.35,4794761.66,STR IGARA,13,0,No,21.43,0,0,579108.35,4794761.66
1724,R1-001,"i-DE REDES ELÉCTRICAS INTELIGENTES, S.A.U",Gipuzkoa,Donostia/San Sebastián,579108.35,4794761.66,STR IGARA,30,0,No,0,0,0,579108.35,4794761.66
1725,R1-001,"i-DE REDES ELÉCTRICAS INTELIGENTES, S.A.U",Gipuzkoa,Donostia/San Sebastián,579108.35,4794761.66,STR IGARA,13,0,No,13.53,0,0,579108.35,4794761.66
1726,R1-001,"i-DE REDES ELÉCTRICAS INTELIGENTES, S.A.U",Gipuzkoa,Donostia/San Sebastián,579108.35,4794761.66,STR IGARA,30,0,No,0,0,0,579108.35,4794761.66
1727,R1-001,"i-DE REDES ELÉCTRICAS INTELIGENTES, S.A.U",Gipuzkoa,Andoain,579596.33,4786202.33,STR ILLARRAMENDI,30,0,No,0,0,0,579596.33,4786202.33
1728,R1-001,"i-DE REDES ELÉCTRICAS INTELIGENTES, S.A.U",Gipuzkoa,Andoain,579596.33,4786202.33,STR ILLARRAMENDI,30,0,No,0,0,0,579596.33,4786202.33
1729,R1-001,"i-DE REDES ELÉCTRICAS INTELIGENTES, S.A.U",Gipuzkoa,Andoain,579596.33,4786202.33,STR ILLARRAMENDI,13,0,No,5.2,0,0,579596.33,4786202.33
1730,R1-001,"i-DE REDES ELÉCTRICAS INTELIGENTES, S.A.U",Gipuzkoa,Andoain,579596.33,4786202.33,STR ILLARRAMENDI,13,0,No,9.25,0,0,579596.33,4786202.33
1731,R1-001,"i-DE REDES ELÉCTRICAS INTELIGENTES, S.A.U",Gipuzkoa,Eibar,542168.41,4781169.58,STR ISASI (EIBAR),13,0,No,4.74,0,0,542168.41,4781169.58
1732,R1-001,"i-DE REDES ELÉCTRICAS INTELIGENTES, S.A.U",Gipuzkoa,Eibar,542168.41,4781169.58,STR ISASI (EIBAR),30,0,No,0,0,0,542168.41,4781169.58
1733,R1-001,"i-DE REDES ELÉCTRICAS INTELIGENTES, S.A.U",Gipuzkoa,Eibar,542168.41,4781169.58,STR ISASI (EIBAR),13,0,No,3.14,0,0,542168.41,4781169.58
1734,R1-001,"i-DE REDES ELÉCTRICAS INTELIGENTES, S.A.U",Gipuzkoa,Eibar,542168.41,4781169.58,STR ISASI (EIBAR),30,0,No,0,0,0,542168.41,4781169.58
1735,R1-001,"i-DE REDES ELÉCTRICAS INTELIGENTES, S.A.U",Gipuzkoa,Deba,553632.61,4791835.82,STR ITZIAR,13,0,No,1.93,0,0,553632.61,4791835.82
1736,R1-001,"i-DE REDES ELÉCTRICAS INTELIGENTES, S.A.U",Gipuzkoa,Deba,553632.61,4791835.82,STR ITZIAR,30,0,No,0,0,0,553632.61,4791835.82
1737,R1-001,"i-DE REDES ELÉCTRICAS INTELIGENTES, S.A.U",Gipuzkoa,Deba,553632.61,4791835.82,STR ITZIAR,13,0,No,2.99,0,0,553632.61,4791835.82
1738,R1-001,"i-DE REDES ELÉCTRICAS INTELIGENTES, S.A.U",Gipuzkoa,Deba,553632.61,4791835.82,STR ITZIAR,30,0,No,0,0,0,553632.61,4791835.82
1739,R1-001,"i-DE REDES ELÉCTRICAS INTELIGENTES, S.A.U",Gipuzkoa,Irun,597907.43,4798321.56,STR LARREAUNDI BERRI,30,0,No,0,0,0,597907.43,4798321.56
1740,R1-001,"i-DE REDES ELÉCTRICAS INTELIGENTES, S.A.U",Gipuzkoa,Irun,597907.43,4798321.56,STR LARREAUNDI BERRI,30,0,No,0,0,0,597907.43,4798321.56
1741,R1-001,"i-DE REDES ELÉCTRICAS INTELIGENTES, S.A.U",Gipuzkoa,Irun,597907.43,4798321.56,STR LARREAUNDI BERRI,13,0,No,7.22,0,0,597907.43,4798321.56
1742,R1-001,"i-DE REDES ELÉCTRICAS INTELIGENTES, S.A.U",Gipuzkoa,Irun,597907.43,4798321.56,STR LARREAUNDI BERRI,13,0,No,16.17,0,0,597907.43,4798321.56
1743,R1-001,"i-DE REDES ELÉCTRICAS INTELIGENTES, S.A.U",Gipuzkoa,Lasarte-Oria,580368.37,4791594.38,STR LASARTE,13,0,No,29.16,0,0,580368.37,4791594.38
1744,R1-001,"i-DE REDES ELÉCTRICAS INTELIGENTES, S.A.U",Gipuzkoa,Lasarte-Oria,580368.37,4791594.38,STR LASARTE,30,0,No,0,0,1,580368.37,4791594.38
1745,R1-001,"i-DE REDES ELÉCTRICAS INTELIGENTES, S.A.U",Gipuzkoa,Lasarte-Oria,580368.37,4791594.38,STR LASARTE,13,0,No,9.89,0,0,580368.37,4791594.38
1746,R1-001,"i-DE REDES ELÉCTRICAS INTELIGENTES, S.A.U",Gipuzkoa,Lasarte-Oria,580368.37,4791594.38,STR LASARTE,30,0,No,0,0,1,580368.37,4791594.38
1747,R1-001,"i-DE REDES ELÉCTRICAS INTELIGENTES, S.A.U",Gipuzkoa,Lazkao,566006.05,4765085.57,STR LAZKAO,13,0,No,8.07,0,0,566006.05,4765085.57
1748,R1-001,"i-DE REDES ELÉCTRICAS INTELIGENTES, S.A.U",Gipuzkoa,Lazkao,566006.05,4765085.57,STR LAZKAO,30,0,No,0,0,0,566006.05,4765085.57
1749,R1-001,"i-DE REDES ELÉCTRICAS INTELIGENTES, S.A.U",Gipuzkoa,Lazkao,566006.05,4765085.57,STR LAZKAO,13,0,No,11.81,0,0,566006.05,4765085.57
1750,R1-001,"i-DE REDES ELÉCTRICAS INTELIGENTES, S.A.U",Gipuzkoa,Lazkao,566006.05,4765085.57,STR LAZKAO,30,0,No,0,0,0,566006.05,4765085.57
1751,R1-001,"i-DE REDES ELÉCTRICAS INTELIGENTES, S.A.U",Gipuzkoa,Legazpi,554031.96,4765735.03,STR LEGAZPIA,13,0,No,3.47,0,0,554031.96,4765735.03
1752,R1-001,"i-DE REDES ELÉCTRICAS INTELIGENTES, S.A.U",Gipuzkoa,Legazpi,554031.96,4765735.03,STR LEGAZPIA,30,0,No,0,0,0,554031.96,4765735.03
1753,R1-001,"i-DE REDES ELÉCTRICAS INTELIGENTES, S.A.U",Gipuzkoa,Legazpi,554031.96,4765735.03,STR LEGAZPIA,13,0,No,0.15,0,0,554031.96,4765735.03
1754,R1-001,"i-DE REDES ELÉCTRICAS INTELIGENTES, S.A.U",Gipuzkoa,Legazpi,554031.96,4765735.03,STR LEGAZPIA,30,0,No,0,0,0,554031.96,4765735.03
1755,R1-001,"i-DE REDES ELÉCTRICAS INTELIGENTES, S.A.U",Gipuzkoa,Lezo,589788.82,4797009.98,STR LEZO,13,0,No,11.18,0,0,589788.82,4797009.98
1756,R1-001,"i-DE REDES ELÉCTRICAS INTELIGENTES, S.A.U",Gipuzkoa,Lezo,589788.82,4797009.98,STR LEZO,30,0,No,0,0,0,589788.82,4797009.98
1757,R1-001,"i-DE REDES ELÉCTRICAS INTELIGENTES, S.A.U",Gipuzkoa,Azpeitia,558329.02,4780890.17,STR LOYOLA,13,0,No,10.54,0,0,558329.02,4780890.17
1758,R1-001,"i-DE REDES ELÉCTRICAS INTELIGENTES, S.A.U",Gipuzkoa,Azpeitia,558329.02,4780890.17,STR LOYOLA,30,0,No,0,0,0,558329.02,4780890.17
1759,R1-001,"i-DE REDES ELÉCTRICAS INTELIGENTES, S.A.U",Gipuzkoa,Eibar,543189.59,4781878.61,STR MATXARI (EIBAR),13,0,No,8.5,0,0,543189.59,4781878.61
1760,R1-001,"i-DE REDES ELÉCTRICAS INTELIGENTES, S.A.U",Gipuzkoa,Eibar,543189.59,4781878.61,STR MATXARI (EIBAR),30,0,No,0,0,0,543189.59,4781878.61
1761,R1-001,"i-DE REDES ELÉCTRICAS INTELIGENTES, S.A.U",Gipuzkoa,Eibar,543189.59,4781878.61,STR MATXARI (EIBAR),13,0,No,4.43,0,0,543189.59,4781878.61
1762,R1-001,"i-DE REDES ELÉCTRICAS INTELIGENTES, S.A.U",Gipuzkoa,Eibar,543189.59,4781878.61,STR MATXARI (EIBAR),30,0,No,0,0,0,543189.59,4781878.61
1763,R1-001,"i-DE REDES ELÉCTRICAS INTELIGENTES, S.A.U",Gipuzkoa,Mendaro,549486.55,4789410.26,STR MENDARO,13,0,No,1.54,0,0,549486.55,4789410.26
1764,R1-001,"i-DE REDES ELÉCTRICAS INTELIGENTES, S.A.U",Gipuzkoa,Mendaro,549486.55,4789410.26,STR MENDARO,30,0,No,0,0,0,549486.55,4789410.26
1765,R1-001,"i-DE REDES ELÉCTRICAS INTELIGENTES, S.A.U",Gipuzkoa,Arrasate/Mondragón,540778.01,4767801.66,STR MONDRAGON,13,0,No,13.15,0,0,540778.01,4767801.66
1766,R1-001,"i-DE REDES ELÉCTRICAS INTELIGENTES, S.A.U",Gipuzkoa,Arrasate/Mondragón,540778.01,4767801.66,STR MONDRAGON,30,0,No,7.58,0,0,540778.01,4767801.66
1767,R1-001,"i-DE REDES ELÉCTRICAS INTELIGENTES, S.A.U",Gipuzkoa,Arrasate/Mondragón,540778.01,4767801.66,STR MONDRAGON,13,0,No,11.41,0,0,540778.01,4767801.66
1768,R1-001,"i-DE REDES ELÉCTRICAS INTELIGENTES, S.A.U",Gipuzkoa,Arrasate/Mondragón,540778.01,4767801.66,STR MONDRAGON,30,0,No,0,0,0,540778.01,4767801.66
1769,R1-001,"i-DE REDES ELÉCTRICAS INTELIGENTES, S.A.U",Gipuzkoa,Mutriku,549633.56,4794650.37,STR MOTRICO,13,0,No,2.54,0,0,549633.56,4794650.37
1770,R1-001,"i-DE REDES ELÉCTRICAS INTELIGENTES, S.A.U",Gipuzkoa,Mutriku,549633.56,4794650.37,STR MOTRICO,30,0,No,0,0,0,549633.56,4794650.37
1771,R1-001,"i-DE REDES ELÉCTRICAS INTELIGENTES, S.A.U",Gipuzkoa,Oiartzun,590938.12,4795173.8,STR OIARTZUN,13,0,No,8.11,0,0,590938.12,4795173.8
1772,R1-001,"i-DE REDES ELÉCTRICAS INTELIGENTES, S.A.U",Gipuzkoa,Oiartzun,590938.12,4795173.8,STR OIARTZUN,30,0,No,0,0,0,590938.12,4795173.8
1773,R1-001,"i-DE REDES ELÉCTRICAS INTELIGENTES, S.A.U",Gipuzkoa,Oiartzun,590938.12,4795173.8,STR OIARTZUN,13,0,No,4.36,0,0,590938.12,4795173.8
1774,R1-001,"i-DE REDES ELÉCTRICAS INTELIGENTES, S.A.U",Gipuzkoa,Oiartzun,590938.12,4795173.8,STR OIARTZUN,30,0,No,0,0,0,590938.12,4795173.8
1775,R1-001,"i-DE REDES ELÉCTRICAS INTELIGENTES, S.A.U",Gipuzkoa,Oñati,547446.6,4764551.82,STR ONATE,13,0,No,5.56,0,0,547446.6,4764551.82
1776,R1-001,"i-DE REDES ELÉCTRICAS INTELIGENTES, S.A.U",Gipuzkoa,Oñati,547446.6,4764551.82,STR ONATE,30,0,No,0,0,0,547446.6,4764551.82
1777,R1-001,"i-DE REDES ELÉCTRICAS INTELIGENTES, S.A.U",Gipuzkoa,Ordizia,567313.62,4767595.51,STR ORDIZIA NUEVA,13,0,No,4.51,0,0,567313.62,4767595.51
1778,R1-001,"i-DE REDES ELÉCTRICAS INTELIGENTES, S.A.U",Gipuzkoa,Ordizia,567313.62,4767595.51,STR ORDIZIA NUEVA,30,0,No,0,0,0,567313.62,4767595.51
1779,R1-001,"i-DE REDES ELÉCTRICAS INTELIGENTES, S.A.U",Gipuzkoa,Ordizia,567313.62,4767595.51,STR ORDIZIA NUEVA,13,0,No,5.31,0,0,567313.62,4767595.51
1780,R1-001,"i-DE REDES ELÉCTRICAS INTELIGENTES, S.A.U",Gipuzkoa,Ordizia,567313.62,4767595.51,STR ORDIZIA NUEVA,30,0,No,0,0,0,567313.62,4767595.51
1781,R1-001,"i-DE REDES ELÉCTRICAS INTELIGENTES, S.A.U",Gipuzkoa,Aia,570812.11,4791510.57,STR ORIO,13,0,No,2.44,0,0,570812.11,4791510.57
1782,R1-001,"i-DE REDES ELÉCTRICAS INTELIGENTES, S.A.U",Gipuzkoa,Aia,570812.11,4791510.57,STR ORIO,30,0,No,0,0,0,570812.11,4791510.57
1783,R1-001,"i-DE REDES ELÉCTRICAS INTELIGENTES, S.A.U",Gipuzkoa,Aia,570812.11,4791510.57,STR ORIO,13,0,No,1.97,0,0,570812.11,4791510.57
1784,R1-001,"i-DE REDES ELÉCTRICAS INTELIGENTES, S.A.U",Gipuzkoa,Aia,570812.11,4791510.57,STR ORIO,30,0,No,0,0,0,570812.11,4791510.57
1785,R1-001,"i-DE REDES ELÉCTRICAS INTELIGENTES, S.A.U",Gipuzkoa,Errenteria,588816.94,4795656.53,STR PEKIN,13,0,No,9.84,0,0,588816.94,4795656.53
1786,R1-001,"i-DE REDES ELÉCTRICAS INTELIGENTES, S.A.U",Gipuzkoa,Errenteria,588816.94,4795656.53,STR PEKIN,30,0,No,0,0,0,588816.94,4795656.53
1787,R1-001,"i-DE REDES ELÉCTRICAS INTELIGENTES, S.A.U",Gipuzkoa,Errenteria,588816.94,4795656.53,STR PEKIN,13,0,No,10.5,0,0,588816.94,4795656.53
1788,R1-001,"i-DE REDES ELÉCTRICAS INTELIGENTES, S.A.U",Gipuzkoa,Errenteria,588816.94,4795656.53,STR PEKIN,30,0,No,0,0,0,588816.94,4795656.53
1789,R1-001,"i-DE REDES ELÉCTRICAS INTELIGENTES, S.A.U",Gipuzkoa,Bergara,547488.76,4773306.77,STR SAN ANTONIO,13,0,No,5.35,0,0,547488.76,4773306.77
1790,R1-001,"i-DE REDES ELÉCTRICAS INTELIGENTES, S.A.U",Gipuzkoa,Bergara,547488.76,4773306.77,STR SAN ANTONIO,30,0,No,0,0,0,547488.76,4773306.77
1791,R1-001,"i-DE REDES ELÉCTRICAS INTELIGENTES, S.A.U",Gipuzkoa,Segura,560081.92,4761743.93,STR SEGURA,13,0,No,5.09,0,0,560081.92,4761743.93
1792,R1-001,"i-DE REDES ELÉCTRICAS INTELIGENTES, S.A.U",Gipuzkoa,Segura,560081.92,4761743.93,STR SEGURA,30,0,No,0,0,0,560081.92,4761743.93
1793,R1-001,"i-DE REDES ELÉCTRICAS INTELIGENTES, S.A.U",Gipuzkoa,Soraluze-Placencia de las Armas,546650.86,4781187.61,STR SORALUZE,13,0,No,5.49,0,0,546650.86,4781187.61
1794,R1-001,"i-DE REDES ELÉCTRICAS INTELIGENTES, S.A.U",Gipuzkoa,Soraluze-Placencia de las Armas,546650.86,4781187.61,STR SORALUZE,30,0,No,0,0,0,546650.86,4781187.61
1795,R1-001,"i-DE REDES ELÉCTRICAS INTELIGENTES, S.A.U",Gipuzkoa,Tolosa,575289.44,4775389.19,STR TOLOSA (SAN BLAS,13,0,No,9.72,0,0,575289.44,4775389.19
1796,R1-001,"i-DE REDES ELÉCTRICAS INTELIGENTES, S.A.U",Gipuzkoa,Tolosa,575289.44,4775389.19,STR TOLOSA (SAN BLAS,30,0,No,0,0,0,575289.44,4775389.19
1797,R1-001,"i-DE REDES ELÉCTRICAS INTELIGENTES, S.A.U",Gipuzkoa,Tolosa,575289.44,4775389.19,STR TOLOSA (SAN BLAS,13,0,No,7.32,0,0,575289.44,4775389.19
1798,R1-001,"i-DE REDES ELÉCTRICAS INTELIGENTES, S.A.U",Gipuzkoa,Tolosa,575289.44,4775389.19,STR TOLOSA (SAN BLAS,30,0,No,0,0,0,575289.44,4775389.19
1799,R1-001,"i-DE REDES ELÉCTRICAS INTELIGENTES, S.A.U",Gipuzkoa,Donostia/San Sebastián,585820.58,4797346.98,STR TRINTXERPE,13,0,No,2.37,0,0,585820.58,4797346.98
1800,R1-001,"i-DE REDES ELÉCTRICAS INTELIGENTES, S.A.U",Gipuzkoa,Donostia/San Sebastián,585820.58,4797346.98,STR TRINTXERPE,30,0,No,0,0,0,585820.58,4797346.98
1801,R1-001,"i-DE REDES ELÉCTRICAS INTELIGENTES, S.A.U",Gipuzkoa,Donostia/San Sebastián,585820.58,4797346.98,STR TRINTXERPE,13,0,No,8.45,0,0,585820.58,4797346.98
1802,R1-001,"i-DE REDES ELÉCTRICAS INTELIGENTES, S.A.U",Gipuzkoa,Donostia/San Sebastián,585820.58,4797346.98,STR TRINTXERPE,30,0,No,0,0,0,585820.58,4797346.98
1803,R1-001,"i-DE REDES ELÉCTRICAS INTELIGENTES, S.A.U",Gipuzkoa,Bergara,546962.61,4773987.73,STR TXARA,13,0,No,5.3,0,0,546962.61,4773987.73
1804,R1-001,"i-DE REDES ELÉCTRICAS INTELIGENTES, S.A.U",Gipuzkoa,Bergara,546962.61,4773987.73,STR TXARA,30,0,No,0,0,0,546962.61,4773987.73
1805,R1-001,"i-DE REDES ELÉCTRICAS INTELIGENTES, S.A.U",Gipuzkoa,Zarautz,566475.83,4792292.37,STR UNTZAIN,13,0,No,9.44,0,0,566475.83,4792292.37
1806,R1-001,"i-DE REDES ELÉCTRICAS INTELIGENTES, S.A.U",Gipuzkoa,Zarautz,566475.83,4792292.37,STR UNTZAIN,30,0,No,0,0,0,566475.83,4792292.37
1807,R1-001,"i-DE REDES ELÉCTRICAS INTELIGENTES, S.A.U",Gipuzkoa,Urretxu,555402.61,4771292.36,STR URRETXU,13,0,No,6.33,0,0,555402.61,4771292.36
1808,R1-001,"i-DE REDES ELÉCTRICAS INTELIGENTES, S.A.U",Gipuzkoa,Urretxu,555402.61,4771292.36,STR URRETXU,30,0,No,0,0,0,555402.61,4771292.36
1809,R1-001,"i-DE REDES ELÉCTRICAS INTELIGENTES, S.A.U",Gipuzkoa,Usurbil,577967.92,4791413,STR USURBIL,13,0,No,6.1,0,0,577967.92,4791413
1810,R1-001,"i-DE REDES ELÉCTRICAS INTELIGENTES, S.A.U",Gipuzkoa,Usurbil,577967.92,4791413,STR USURBIL,30,0,No,0,0,0,577967.92,4791413
1811,R1-001,"i-DE REDES ELÉCTRICAS INTELIGENTES, S.A.U",Gipuzkoa,Usurbil,577967.92,4791413,STR USURBIL,13,0,No,2.3,0,0,577967.92,4791413
1812,R1-001,"i-DE REDES ELÉCTRICAS INTELIGENTES, S.A.U",Gipuzkoa,Usurbil,577967.92,4791413,STR USURBIL,30,0,No,0,0,0,577967.92,4791413
1813,R1-001,"i-DE REDES ELÉCTRICAS INTELIGENTES, S.A.U",Gipuzkoa,Villabona,577268.87,4781434.93,STR VILLABONA,13,0,No,4.11,0,0,577268.87,4781434.93
1814,R1-001,"i-DE REDES ELÉCTRICAS INTELIGENTES, S.A.U",Gipuzkoa,Villabona,577268.87,4781434.93,STR VILLABONA,30,0,No,0,0,0,577268.87,4781434.93
1815,R1-001,"i-DE REDES ELÉCTRICAS INTELIGENTES, S.A.U",Gipuzkoa,Villabona,577268.87,4781434.93,STR VILLABONA,13,0,No,3.63,0,0,577268.87,4781434.93
1816,R1-001,"i-DE REDES ELÉCTRICAS INTELIGENTES, S.A.U",Gipuzkoa,Villabona,577268.87,4781434.93,STR VILLABONA,30,0,No,0,0,0,577268.87,4781434.93
1817,R1-001,"i-DE REDES ELÉCTRICAS INTELIGENTES, S.A.U",Gipuzkoa,Zarautz,567410.99,4791494.36,STR ZARAUTZ,13,0,No,7.57,0,0,567410.99,4791494.36
1818,R1-001,"i-DE REDES ELÉCTRICAS INTELIGENTES, S.A.U",Gipuzkoa,Zarautz,567410.99,4791494.36,STR ZARAUTZ,30,0,No,0,0,0,567410.99,4791494.36
1819,R1-001,"i-DE REDES ELÉCTRICAS INTELIGENTES, S.A.U",Gipuzkoa,Zarautz,567410.99,4791494.36,STR ZARAUTZ,13,0,No,14.83,0,0,567410.99,4791494.36
1820,R1-001,"i-DE REDES ELÉCTRICAS INTELIGENTES, S.A.U",Gipuzkoa,Zarautz,567410.99,4791494.36,STR ZARAUTZ,30,0,No,0,0,0,567410.99,4791494.36
1821,R1-001,"i-DE REDES ELÉCTRICAS INTELIGENTES, S.A.U",Gipuzkoa,Zestoa,559991.47,4787656.43,STR ZESTOA,13,0,No,1.87,0,0,559991.47,4787656.43
1822,R1-001,"i-DE REDES ELÉCTRICAS INTELIGENTES, S.A.U",Gipuzkoa,Zestoa,559991.47,4787656.43,STR ZESTOA,30,0,No,0,0,0,559991.47,4787656.43
1823,R1-001,"i-DE REDES ELÉCTRICAS INTELIGENTES, S.A.U",Gipuzkoa,Zumaia,560389.91,4792560.49,STR ZUMAIA,13,0,No,3.26,0,0,560389.91,4792560.49
1824,R1-001,"i-DE REDES ELÉCTRICAS INTELIGENTES, S.A.U",Gipuzkoa,Zumaia,560389.91,4792560.49,STR ZUMAIA,30,0,No,0,0,0,560389.91,4792560.49
1825,R1-001,"i-DE REDES ELÉCTRICAS INTELIGENTES, S.A.U",Gipuzkoa,Zumaia,560389.91,4792560.49,STR ZUMAIA,13,0,No,5.77,0,0,560389.91,4792560.49
1826,R1-001,"i-DE REDES ELÉCTRICAS INTELIGENTES, S.A.U",Gipuzkoa,Zumaia,560389.91,4792560.49,STR ZUMAIA,30,0,No,0,0,0,560389.91,4792560.49
1827,R1-001,"i-DE REDES ELÉCTRICAS INTELIGENTES, S.A.U",Jaén,Santiago-Pontones,547157.51,4230415.62,ST CH MILLER,132,0,No,0,0,0,547157.51,4230415.62
1828,R1-001,"i-DE REDES ELÉCTRICAS INTELIGENTES, S.A.U",León,León,287433.41,4721092.43,ST ERAS DE RENUEVA,13,0,No,18.07,0,0,287433.41,4721092.43
1829,R1-001,"i-DE REDES ELÉCTRICAS INTELIGENTES, S.A.U",León,León,287433.41,4721092.43,ST ERAS DE RENUEVA,132,0,No,0,0,0,287433.41,4721092.43
1830,R1-001,"i-DE REDES ELÉCTRICAS INTELIGENTES, S.A.U",León,Garrafe de Torío,286253.08,4736374.48,ST GARRAFE,132,0,No,0,0,0,286253.08,4736374.48
1831,R1-001,"i-DE REDES ELÉCTRICAS INTELIGENTES, S.A.U",León,Garrafe de Torío,286253.08,4736374.48,ST GARRAFE,132,0,No,0,0,0,286253.08,4736374.48
1832,R1-001,"i-DE REDES ELÉCTRICAS INTELIGENTES, S.A.U",León,Garrafe de Torío,286253.08,4736374.48,ST GARRAFE,45,0,No,19.7,0,0,286253.08,4736374.48
1833,R1-001,"i-DE REDES ELÉCTRICAS INTELIGENTES, S.A.U",León,Villaquilambre,289056.12,4722057.53,ST NAVATEJERA,132,0,No,0,0,0,289056.12,4722057.53
1834,R1-001,"i-DE REDES ELÉCTRICAS INTELIGENTES, S.A.U",León,Villaquilambre,289056.12,4722057.53,ST NAVATEJERA,45,0,No,35.06,0,0,289056.12,4722057.53
1835,R1-001,"i-DE REDES ELÉCTRICAS INTELIGENTES, S.A.U",León,Villaquilambre,289056.12,4722057.53,ST NAVATEJERA,13,0,No,13.11,0,0,289056.12,4722057.53
1836,R1-001,"i-DE REDES ELÉCTRICAS INTELIGENTES, S.A.U",León,Villaquilambre,289056.12,4722057.53,ST NAVATEJERA,45,0,No,22.42,0,0,289056.12,4722057.53
1837,R1-001,"i-DE REDES ELÉCTRICAS INTELIGENTES, S.A.U",León,Villaquilambre,289056.12,4722057.53,ST NAVATEJERA,13,0,No,6.1,0,0,289056.12,4722057.53
1838,R1-001,"i-DE REDES ELÉCTRICAS INTELIGENTES, S.A.U",León,"Burgo Ranero, El",318832.75,4704517.37,ST PAYUELOS,132,0,No,0,0,0,318832.75,4704517.37
1839,R1-001,"i-DE REDES ELÉCTRICAS INTELIGENTES, S.A.U",León,"Burgo Ranero, El",318832.75,4704517.37,ST PAYUELOS,20,0,No,21,0,0,318832.75,4704517.37
1840,R1-001,"i-DE REDES ELÉCTRICAS INTELIGENTES, S.A.U",León,Cubillas de Rueda,319453.54,4722422.2,ST SAHECHORES,132,0,No,0,0,0,319453.54,4722422.2
1841,R1-001,"i-DE REDES ELÉCTRICAS INTELIGENTES, S.A.U",León,Villamañán,286308.84,4688179.71,ST SAN MILLAN,45,0,No,22.19,0,0,286308.84,4688179.71
1842,R1-001,"i-DE REDES ELÉCTRICAS INTELIGENTES, S.A.U",León,Villamañán,286308.84,4688179.71,ST SAN MILLAN,45,0,No,0,0,0,286308.84,4688179.71
1843,R1-001,"i-DE REDES ELÉCTRICAS INTELIGENTES, S.A.U",León,Villamañán,286308.84,4688179.71,ST SAN MILLAN,132,0,No,12.7,0,0,286308.84,4688179.71
1844,R1-001,"i-DE REDES ELÉCTRICAS INTELIGENTES, S.A.U",León,Villadangos del Páramo,274556.87,4711971.54,ST URSA MAIOR,132,0,No,0,0,0,274556.87,4711971.54
1845,R1-001,"i-DE REDES ELÉCTRICAS INTELIGENTES, S.A.U",León,León,288500.6,4714381.9,ST VILECHA,132,0,No,0,0,0,288500.6,4714381.9
1846,R1-001,"i-DE REDES ELÉCTRICAS INTELIGENTES, S.A.U",León,León,288500.6,4714381.9,ST VILECHA,45,0,No,4.9,0,0,288500.6,4714381.9
1847,R1-001,"i-DE REDES ELÉCTRICAS INTELIGENTES, S.A.U",León,León,288500.6,4714381.9,ST VILECHA,45,0,No,10.7,0,0,288500.6,4714381.9
1848,R1-001,"i-DE REDES ELÉCTRICAS INTELIGENTES, S.A.U",León,Villamanín,275655.54,4763586.38,STR ARBAS DEL PUERTO,13,0,No,1.7,0,0,275655.54,4763586.38
1849,R1-001,"i-DE REDES ELÉCTRICAS INTELIGENTES, S.A.U",León,Villamanín,275655.54,4763586.38,STR ARBAS DEL PUERTO,45,0,No,0,0,0,275655.54,4763586.38
1850,R1-001,"i-DE REDES ELÉCTRICAS INTELIGENTES, S.A.U",León,Boca de Huérgano,342737.18,4759619.48,STR BOCA HUERGANO,13,0,No,1.02,0,0,342737.18,4759619.48
1851,R1-001,"i-DE REDES ELÉCTRICAS INTELIGENTES, S.A.U",León,Boca de Huérgano,342737.18,4759619.48,STR BOCA HUERGANO,45,0,No,0,0,0,342737.18,4759619.48
1852,R1-001,"i-DE REDES ELÉCTRICAS INTELIGENTES, S.A.U",León,Boñar,310910.53,4748585.04,STR BONAR,20,0,No,2.08,0,0,310910.53,4748585.04
1853,R1-001,"i-DE REDES ELÉCTRICAS INTELIGENTES, S.A.U",León,Boñar,310910.53,4748585.04,STR BONAR,45,0,No,0,0,0,310910.53,4748585.04
1854,R1-001,"i-DE REDES ELÉCTRICAS INTELIGENTES, S.A.U",León,Santa Colomba de Curueño,306232.93,4732791.95,STR CH AMBASAGUAS,20,0,No,0.66,0,0,306232.93,4732791.95
1855,R1-001,"i-DE REDES ELÉCTRICAS INTELIGENTES, S.A.U",León,Santa Colomba de Curueño,306232.93,4732791.95,STR CH AMBASAGUAS,45,0,No,0,0,0,306232.93,4732791.95
1856,R1-001,"i-DE REDES ELÉCTRICAS INTELIGENTES, S.A.U",León,"Pola de Gordón, La",284079.09,4753443.67,STR CH LA GOTERA,45,0,No,0,0,0,284079.09,4753443.67
1857,R1-001,"i-DE REDES ELÉCTRICAS INTELIGENTES, S.A.U",León,"Pola de Gordón, La",284079.09,4753443.67,STR CH LA GOTERA,13,0,No,1.4,0,0,284079.09,4753443.67
1858,R1-001,"i-DE REDES ELÉCTRICAS INTELIGENTES, S.A.U",León,Cistierna,326047.43,4740357.04,STR CISTIERNA,13,0,No,3.95,0,0,326047.43,4740357.04
1859,R1-001,"i-DE REDES ELÉCTRICAS INTELIGENTES, S.A.U",León,Cistierna,326047.43,4740357.04,STR CISTIERNA,45,0,No,0,0,0,326047.43,4740357.04
1860,R1-001,"i-DE REDES ELÉCTRICAS INTELIGENTES, S.A.U",León,León,288423.78,4719215.95,STR LA CONDESA,45,0,No,0,0,0,288423.78,4719215.95
1861,R1-001,"i-DE REDES ELÉCTRICAS INTELIGENTES, S.A.U",León,León,288423.78,4719215.95,STR LA CONDESA,45,0,No,0,0,0,288423.78,4719215.95
1862,R1-001,"i-DE REDES ELÉCTRICAS INTELIGENTES, S.A.U",León,León,288423.78,4719215.95,STR LA CONDESA,13,0,No,13.39,0,0,288423.78,4719215.95
1863,R1-001,"i-DE REDES ELÉCTRICAS INTELIGENTES, S.A.U",León,León,288423.78,4719215.95,STR LA CONDESA,13,0,No,15.15,0,0,288423.78,4719215.95
1864,R1-001,"i-DE REDES ELÉCTRICAS INTELIGENTES, S.A.U",León,"Robla, La",286388.22,4742097.31,STR LA ROBLA,13,0,No,6.08,0,0,286388.22,4742097.31
1865,R1-001,"i-DE REDES ELÉCTRICAS INTELIGENTES, S.A.U",León,"Robla, La",286388.22,4742097.31,STR LA ROBLA,45,0,No,0,0,0,286388.22,4742097.31
1866,R1-001,"i-DE REDES ELÉCTRICAS INTELIGENTES, S.A.U",León,León,292076.98,4718286.46,STR LAS LOMAS,13,0,No,8.4,0,0,292076.98,4718286.46
1867,R1-001,"i-DE REDES ELÉCTRICAS INTELIGENTES, S.A.U",León,León,292076.98,4718286.46,STR LAS LOMAS,45,0,No,0,0,0,292076.98,4718286.46
1868,R1-001,"i-DE REDES ELÉCTRICAS INTELIGENTES, S.A.U",León,León,292076.98,4718286.46,STR LAS LOMAS,13,0,No,10.55,0,0,292076.98,4718286.46
1869,R1-001,"i-DE REDES ELÉCTRICAS INTELIGENTES, S.A.U",León,León,292076.98,4718286.46,STR LAS LOMAS,45,0,No,0,0,0,292076.98,4718286.46
1870,R1-001,"i-DE REDES ELÉCTRICAS INTELIGENTES, S.A.U",León,Crémenes,327616.78,4755365.06,STR LAS SALAS,13,0,No,1.38,0,0,327616.78,4755365.06
1871,R1-001,"i-DE REDES ELÉCTRICAS INTELIGENTES, S.A.U",León,Crémenes,327616.78,4755365.06,STR LAS SALAS,45,0,No,0,0,0,327616.78,4755365.06
1872,R1-001,"i-DE REDES ELÉCTRICAS INTELIGENTES, S.A.U",León,Onzonilla,288185.11,4712645.67,STR ONZONILLA,20,0,No,5.52,0,0,288185.11,4712645.67
1873,R1-001,"i-DE REDES ELÉCTRICAS INTELIGENTES, S.A.U",León,Onzonilla,288185.11,4712645.67,STR ONZONILLA,45,0,No,0,0,0,288185.11,4712645.67
1874,R1-001,"i-DE REDES ELÉCTRICAS INTELIGENTES, S.A.U",León,León,286824.28,4716914.63,STR OTERUELO,13,0,No,6.16,0,0,286824.28,4716914.63
1875,R1-001,"i-DE REDES ELÉCTRICAS INTELIGENTES, S.A.U",León,León,286824.28,4716914.63,STR OTERUELO,45,0,No,0,0,0,286824.28,4716914.63
1876,R1-001,"i-DE REDES ELÉCTRICAS INTELIGENTES, S.A.U",León,Valderrueda,338249.02,4739101.67,STR PUENTE ALMUHEY,13,0,No,3.05,0,0,338249.02,4739101.67
1877,R1-001,"i-DE REDES ELÉCTRICAS INTELIGENTES, S.A.U",León,Valderrueda,338249.02,4739101.67,STR PUENTE ALMUHEY,45,6.2,No,0,0,0,338249.02,4739101.67
1878,R1-001,"i-DE REDES ELÉCTRICAS INTELIGENTES, S.A.U",León,León,291131.44,4716615.29,STR PUENTE CASTRO,20,0,No,9.43,0,0,291131.44,4716615.29
1879,R1-001,"i-DE REDES ELÉCTRICAS INTELIGENTES, S.A.U",León,León,291131.44,4716615.29,STR PUENTE CASTRO,45,0,No,0,0,0,291131.44,4716615.29
1880,R1-001,"i-DE REDES ELÉCTRICAS INTELIGENTES, S.A.U",León,León,291131.44,4716615.29,STR PUENTE CASTRO,20,0,No,4.46,0,0,291131.44,4716615.29
1881,R1-001,"i-DE REDES ELÉCTRICAS INTELIGENTES, S.A.U",León,León,291131.44,4716615.29,STR PUENTE CASTRO,45,0,No,0,0,0,291131.44,4716615.29
1882,R1-001,"i-DE REDES ELÉCTRICAS INTELIGENTES, S.A.U",León,Valverde de la Virgen,276137.59,4716416.17,STR S MIGUEL CAMINO,13,0,No,0.8,0,0,276137.59,4716416.17
1883,R1-001,"i-DE REDES ELÉCTRICAS INTELIGENTES, S.A.U",León,Valverde de la Virgen,276137.59,4716416.17,STR S MIGUEL CAMINO,45,0,No,0,0,0,276137.59,4716416.17
1884,R1-001,"i-DE REDES ELÉCTRICAS INTELIGENTES, S.A.U",León,Sahagún,332428.81,4692579.84,STR SAHAGUN,20,0,No,5,0,0,332428.81,4692579.84
1885,R1-001,"i-DE REDES ELÉCTRICAS INTELIGENTES, S.A.U",León,Sahagún,332428.81,4692579.84,STR SAHAGUN,45,0,No,0,0,0,332428.81,4692579.84
1886,R1-001,"i-DE REDES ELÉCTRICAS INTELIGENTES, S.A.U",León,Puebla de Lillo,307235.13,4770724.97,STR SALENCIAS,20,0,No,2.64,0,0,307235.13,4770724.97
1887,R1-001,"i-DE REDES ELÉCTRICAS INTELIGENTES, S.A.U",León,Puebla de Lillo,307235.13,4770724.97,STR SALENCIAS,45,0,No,0,0,0,307235.13,4770724.97
1888,R1-001,"i-DE REDES ELÉCTRICAS INTELIGENTES, S.A.U",León,Santas Martas,305082.23,4701017.93,STR SANTAS MARTAS,20,0,No,2.46,0,0,305082.23,4701017.93
1889,R1-001,"i-DE REDES ELÉCTRICAS INTELIGENTES, S.A.U",León,Santas Martas,305082.23,4701017.93,STR SANTAS MARTAS,45,0,No,0,0,0,305082.23,4701017.93
1890,R1-001,"i-DE REDES ELÉCTRICAS INTELIGENTES, S.A.U",León,San Andrés del Rabanedo,284084.45,4719432.92,STR TROBAJO CAMINO,13,0,No,8.58,0,0,284084.45,4719432.92
1891,R1-001,"i-DE REDES ELÉCTRICAS INTELIGENTES, S.A.U",León,San Andrés del Rabanedo,284084.45,4719432.92,STR TROBAJO CAMINO,13,0,No,6.67,0,0,284084.45,4719432.92
1892,R1-001,"i-DE REDES ELÉCTRICAS INTELIGENTES, S.A.U",León,San Andrés del Rabanedo,284084.45,4719432.92,STR TROBAJO CAMINO,45,0,No,0,0,0,284084.45,4719432.92
1893,R1-001,"i-DE REDES ELÉCTRICAS INTELIGENTES, S.A.U",León,San Andrés del Rabanedo,284084.45,4719432.92,STR TROBAJO CAMINO,45,0,No,0,0,0,284084.45,4719432.92
1894,R1-001,"i-DE REDES ELÉCTRICAS INTELIGENTES, S.A.U",León,Santovenia de la Valdoncina,287804.05,4715691.01,STR TROBAJO CERECEDO,45,0,No,0,0,0,287804.05,4715691.01
1895,R1-001,"i-DE REDES ELÉCTRICAS INTELIGENTES, S.A.U",León,Santovenia de la Valdoncina,287804.05,4715691.01,STR TROBAJO CERECEDO,45,0,No,0,0,0,287804.05,4715691.01
1896,R1-001,"i-DE REDES ELÉCTRICAS INTELIGENTES, S.A.U",León,Santovenia de la Valdoncina,287804.05,4715691.01,STR TROBAJO CERECEDO,13,0,No,2.8,0,0,287804.05,4715691.01
1897,R1-001,"i-DE REDES ELÉCTRICAS INTELIGENTES, S.A.U",León,Santovenia de la Valdoncina,287804.05,4715691.01,STR TROBAJO CERECEDO,13,0,No,6.99,0,0,287804.05,4715691.01
1898,R1-001,"i-DE REDES ELÉCTRICAS INTELIGENTES, S.A.U",León,León,290278.63,4721404.96,STR UNIVERSIDAD,20,0,No,9.82,0,0,290278.63,4721404.96
1899,R1-001,"i-DE REDES ELÉCTRICAS INTELIGENTES, S.A.U",León,León,290278.63,4721404.96,STR UNIVERSIDAD,45,0,No,0,0,0,290278.63,4721404.96
1900,R1-001,"i-DE REDES ELÉCTRICAS INTELIGENTES, S.A.U",León,León,290278.63,4721404.96,STR UNIVERSIDAD,20,0,No,0.43,0,0,290278.63,4721404.96
1901,R1-001,"i-DE REDES ELÉCTRICAS INTELIGENTES, S.A.U",León,León,290278.63,4721404.96,STR UNIVERSIDAD,45,0,No,0,0,0,290278.63,4721404.96
1902,R1-001,"i-DE REDES ELÉCTRICAS INTELIGENTES, S.A.U",León,Garrafe de Torío,286219.27,4734151.19,STR URB VENTA TUERTA,20,0,No,0.1,0,0,286219.27,4734151.19
1903,R1-001,"i-DE REDES ELÉCTRICAS INTELIGENTES, S.A.U",León,Garrafe de Torío,286219.27,4734151.19,STR URB VENTA TUERTA,45,0,No,0,0,0,286219.27,4734151.19
1904,R1-001,"i-DE REDES ELÉCTRICAS INTELIGENTES, S.A.U",León,Valencia de Don Juan,292501.93,4683600.42,STR VALENCIA D JUAN,20,0,No,11.2,0,0,292501.93,4683600.42
1905,R1-001,"i-DE REDES ELÉCTRICAS INTELIGENTES, S.A.U",León,Valencia de Don Juan,292501.93,4683600.42,STR VALENCIA D JUAN,45,0,No,0,0,0,292501.93,4683600.42
1906,R1-001,"i-DE REDES ELÉCTRICAS INTELIGENTES, S.A.U",León,Villamañán,287448.06,4688307.75,STR VILLAMANAN,20,0,No,9.33,0,0,287448.06,4688307.75
1907,R1-001,"i-DE REDES ELÉCTRICAS INTELIGENTES, S.A.U",León,Villamañán,287448.06,4688307.75,STR VILLAMANAN,45,0,No,0,0,0,287448.06,4688307.75
1908,R1-001,"i-DE REDES ELÉCTRICAS INTELIGENTES, S.A.U",León,Villamanín,282900.83,4757636.46,STR VILLAMANIN,13,0,No,0.65,0,0,282900.83,4757636.46
1909,R1-001,"i-DE REDES ELÉCTRICAS INTELIGENTES, S.A.U",León,Villamanín,282900.83,4757636.46,STR VILLAMANIN,45,0,No,0,0,0,282900.83,4757636.46
1910,R1-001,"i-DE REDES ELÉCTRICAS INTELIGENTES, S.A.U",León,Villaquejida,285104.3,4668537.25,STR VILLAQUEJIDA,20,0,No,4.53,0,0,285104.3,4668537.25
1911,R1-001,"i-DE REDES ELÉCTRICAS INTELIGENTES, S.A.U",León,Villaquejida,285104.3,4668537.25,STR VILLAQUEJIDA,45,0,No,0,0,0,285104.3,4668537.25
1912,R1-001,"i-DE REDES ELÉCTRICAS INTELIGENTES, S.A.U","Rioja, La",Alfaro,596582.37,4674687.59,SS LAS YESERAS,66,0,No,0.25,0,1,596582.37,4674687.59
1913,R1-001,"i-DE REDES ELÉCTRICAS INTELIGENTES, S.A.U","Rioja, La",Bañares,505672.11,4701824.14,SS PROVIF,66,0,No,0,0,1,505672.11,4701824.14
1914,R1-001,"i-DE REDES ELÉCTRICAS INTELIGENTES, S.A.U","Rioja, La",Haro,509427.34,4712897.33,ST HARO,66,0,No,1.96,0,1,509427.34,4712897.33
1915,R1-001,"i-DE REDES ELÉCTRICAS INTELIGENTES, S.A.U","Rioja, La",Logroño,541918.16,4700751.12,ST LOGRONO,66,0,No,13.01,0,1,541918.16,4700751.12
1916,R1-001,"i-DE REDES ELÉCTRICAS INTELIGENTES, S.A.U","Rioja, La",Logroño,541918.16,4700751.12,ST LOGRONO,13,1.03,No,48.12,0,0,541918.16,4700751.12
1917,R1-001,"i-DE REDES ELÉCTRICAS INTELIGENTES, S.A.U","Rioja, La",Logroño,541918.16,4700751.12,ST LOGRONO,13,9.71,No,49.33,0,0,541918.16,4700751.12
1918,R1-001,"i-DE REDES ELÉCTRICAS INTELIGENTES, S.A.U","Rioja, La",Quel,580928.85,4681126.61,ST QUEL,66,0,No,63.94,0,1,580928.85,4681126.61
1919,R1-001,"i-DE REDES ELÉCTRICAS INTELIGENTES, S.A.U","Rioja, La",Arrúbal,561510.72,4696428.52,ST SEQUERO,66,0,No,132.2,0,1,561510.72,4696428.52
1920,R1-001,"i-DE REDES ELÉCTRICAS INTELIGENTES, S.A.U","Rioja, La",Agoncillo,558603.31,4698821.77,STR AGONCILLO,13,0,No,5.41,0,0,558603.31,4698821.77
1921,R1-001,"i-DE REDES ELÉCTRICAS INTELIGENTES, S.A.U","Rioja, La",Agoncillo,558603.31,4698821.77,STR AGONCILLO,66,0,No,0,0,1,558603.31,4698821.77
1922,R1-001,"i-DE REDES ELÉCTRICAS INTELIGENTES, S.A.U","Rioja, La",Agoncillo,558603.31,4698821.77,STR AGONCILLO,13,0,No,8.98,0,0,558603.31,4698821.77
1923,R1-001,"i-DE REDES ELÉCTRICAS INTELIGENTES, S.A.U","Rioja, La",Agoncillo,558603.31,4698821.77,STR AGONCILLO,66,0,No,0,0,1,558603.31,4698821.77
1924,R1-001,"i-DE REDES ELÉCTRICAS INTELIGENTES, S.A.U","Rioja, La",Albelda de Iregua,542540.39,4690687.22,STR ALBELDA D IREGUA,13,0,No,7.03,0,0,542540.39,4690687.22
1925,R1-001,"i-DE REDES ELÉCTRICAS INTELIGENTES, S.A.U","Rioja, La",Albelda de Iregua,542540.39,4690687.22,STR ALBELDA D IREGUA,66,0,No,0,0,1,542540.39,4690687.22
1926,R1-001,"i-DE REDES ELÉCTRICAS INTELIGENTES, S.A.U","Rioja, La",Albelda de Iregua,542540.39,4690687.22,STR ALBELDA D IREGUA,13,0,No,6.75,0,0,542540.39,4690687.22
1927,R1-001,"i-DE REDES ELÉCTRICAS INTELIGENTES, S.A.U","Rioja, La",Albelda de Iregua,542540.39,4690687.22,STR ALBELDA D IREGUA,66,0,No,0.1,0,1,542540.39,4690687.22
1928,R1-001,"i-DE REDES ELÉCTRICAS INTELIGENTES, S.A.U","Rioja, La",Alfaro,602215.34,4670078.23,STR ALFARO,13,0,No,5.86,0,0,602215.34,4670078.23
1929,R1-001,"i-DE REDES ELÉCTRICAS INTELIGENTES, S.A.U","Rioja, La",Alfaro,602215.34,4670078.23,STR ALFARO,66,0,No,0,0,1,602215.34,4670078.23
1930,R1-001,"i-DE REDES ELÉCTRICAS INTELIGENTES, S.A.U","Rioja, La",Alfaro,602215.34,4670078.23,STR ALFARO,13,0,No,4.86,0,0,602215.34,4670078.23
1931,R1-001,"i-DE REDES ELÉCTRICAS INTELIGENTES, S.A.U","Rioja, La",Alfaro,602215.34,4670078.23,STR ALFARO,66,0,No,0,0,1,602215.34,4670078.23
1932,R1-001,"i-DE REDES ELÉCTRICAS INTELIGENTES, S.A.U","Rioja, La",Arnedo,575028.77,4675590.9,STR ARNEDO,13,0,No,3.53,0,0,575028.77,4675590.9
1933,R1-001,"i-DE REDES ELÉCTRICAS INTELIGENTES, S.A.U","Rioja, La",Arnedo,575028.77,4675590.9,STR ARNEDO,66,0,No,0,0,1,575028.77,4675590.9
1934,R1-001,"i-DE REDES ELÉCTRICAS INTELIGENTES, S.A.U","Rioja, La",Arnedo,575028.77,4675590.9,STR ARNEDO,13,0,No,7.3,0,0,575028.77,4675590.9
1935,R1-001,"i-DE REDES ELÉCTRICAS INTELIGENTES, S.A.U","Rioja, La",Arnedo,575028.77,4675590.9,STR ARNEDO,66,0,No,0,0,1,575028.77,4675590.9
1936,R1-001,"i-DE REDES ELÉCTRICAS INTELIGENTES, S.A.U","Rioja, La",Baños de Río Tobía,519570.49,4687482.62,STR BANOS RIO TOBIA,13,0,No,5.14,0,0,519570.49,4687482.62
1937,R1-001,"i-DE REDES ELÉCTRICAS INTELIGENTES, S.A.U","Rioja, La",Baños de Río Tobía,519570.49,4687482.62,STR BANOS RIO TOBIA,66,0,No,0,0,1,519570.49,4687482.62
1938,R1-001,"i-DE REDES ELÉCTRICAS INTELIGENTES, S.A.U","Rioja, La",Baños de Río Tobía,519570.49,4687482.62,STR BANOS RIO TOBIA,13,0,No,2.29,0,0,519570.49,4687482.62
1939,R1-001,"i-DE REDES ELÉCTRICAS INTELIGENTES, S.A.U","Rioja, La",Baños de Río Tobía,519570.49,4687482.62,STR BANOS RIO TOBIA,66,0,No,0,0,1,519570.49,4687482.62
1940,R1-001,"i-DE REDES ELÉCTRICAS INTELIGENTES, S.A.U","Rioja, La",Briones,516267.8,4710497.55,STR BRIONES,13,0,No,3.12,0,0,516267.8,4710497.55
1941,R1-001,"i-DE REDES ELÉCTRICAS INTELIGENTES, S.A.U","Rioja, La",Briones,516267.8,4710497.55,STR BRIONES,66,0,No,0,0,1,516267.8,4710497.55
1942,R1-001,"i-DE REDES ELÉCTRICAS INTELIGENTES, S.A.U","Rioja, La",Briones,516267.8,4710497.55,STR BRIONES,66,0,No,0,0,1,516267.8,4710497.55
1943,R1-001,"i-DE REDES ELÉCTRICAS INTELIGENTES, S.A.U","Rioja, La",Calahorra,584204.67,4683934.34,STR CALAHORRA,13,0,No,4.18,0,0,584204.67,4683934.34
1944,R1-001,"i-DE REDES ELÉCTRICAS INTELIGENTES, S.A.U","Rioja, La",Calahorra,584204.67,4683934.34,STR CALAHORRA,66,0,No,0,0,1,584204.67,4683934.34
1945,R1-001,"i-DE REDES ELÉCTRICAS INTELIGENTES, S.A.U","Rioja, La",Calahorra,584204.67,4683934.34,STR CALAHORRA,13,0,No,7.2,0,0,584204.67,4683934.34
1946,R1-001,"i-DE REDES ELÉCTRICAS INTELIGENTES, S.A.U","Rioja, La",Calahorra,584204.67,4683934.34,STR CALAHORRA,66,0,No,0,0,1,584204.67,4683934.34
1947,R1-001,"i-DE REDES ELÉCTRICAS INTELIGENTES, S.A.U","Rioja, La",Logroño,548119.61,4702653.06,STR CANTABRIA,13,0,No,9.78,0,0,548119.61,4702653.06
1948,R1-001,"i-DE REDES ELÉCTRICAS INTELIGENTES, S.A.U","Rioja, La",Logroño,548119.61,4702653.06,STR CANTABRIA,66,0,No,0,0,1,548119.61,4702653.06
1949,R1-001,"i-DE REDES ELÉCTRICAS INTELIGENTES, S.A.U","Rioja, La",Logroño,548119.61,4702653.06,STR CANTABRIA,13,0,No,13.42,0,0,548119.61,4702653.06
1950,R1-001,"i-DE REDES ELÉCTRICAS INTELIGENTES, S.A.U","Rioja, La",Logroño,548119.61,4702653.06,STR CANTABRIA,66,0,No,0,0,1,548119.61,4702653.06
1951,R1-001,"i-DE REDES ELÉCTRICAS INTELIGENTES, S.A.U","Rioja, La",Casalarreina,507421.51,4709748.74,STR CASALARREINA 1,13,0,No,4.17,0,0,507421.51,4709748.74
1952,R1-001,"i-DE REDES ELÉCTRICAS INTELIGENTES, S.A.U","Rioja, La",Casalarreina,507421.51,4709748.74,STR CASALARREINA 1,66,0,No,0,0,1,507421.51,4709748.74
1953,R1-001,"i-DE REDES ELÉCTRICAS INTELIGENTES, S.A.U","Rioja, La",Logroño,545857.95,4700655.51,STR CASCAJOS,13,0,No,11.21,0,0,545857.95,4700655.51
1954,R1-001,"i-DE REDES ELÉCTRICAS INTELIGENTES, S.A.U","Rioja, La",Logroño,545857.95,4700655.51,STR CASCAJOS,66,0,No,0,0,1,545857.95,4700655.51
1955,R1-001,"i-DE REDES ELÉCTRICAS INTELIGENTES, S.A.U","Rioja, La",Logroño,545857.95,4700655.51,STR CASCAJOS,13,0,No,8.47,0,0,545857.95,4700655.51
1956,R1-001,"i-DE REDES ELÉCTRICAS INTELIGENTES, S.A.U","Rioja, La",Logroño,545857.95,4700655.51,STR CASCAJOS,66,0,No,0,0,1,545857.95,4700655.51
1957,R1-001,"i-DE REDES ELÉCTRICAS INTELIGENTES, S.A.U","Rioja, La",Cenicero,530362.42,4703511.25,STR CENICERO,13,0,No,3.39,0,0,530362.42,4703511.25
1958,R1-001,"i-DE REDES ELÉCTRICAS INTELIGENTES, S.A.U","Rioja, La",Cenicero,530362.42,4703511.25,STR CENICERO,66,0,No,0,0,1,530362.42,4703511.25
1959,R1-001,"i-DE REDES ELÉCTRICAS INTELIGENTES, S.A.U","Rioja, La",Cirueña,508538.52,4695915.76,STR CIRUENA,13,0,No,0.46,0,0,508538.52,4695915.76
1960,R1-001,"i-DE REDES ELÉCTRICAS INTELIGENTES, S.A.U","Rioja, La",Cirueña,508538.52,4695915.76,STR CIRUENA,66,0,No,0,0,1,508538.52,4695915.76
1961,R1-001,"i-DE REDES ELÉCTRICAS INTELIGENTES, S.A.U","Rioja, La",Cirueña,508538.52,4695915.76,STR CIRUENA,13,0,No,1.84,0,0,508538.52,4695915.76
1962,R1-001,"i-DE REDES ELÉCTRICAS INTELIGENTES, S.A.U","Rioja, La",Cirueña,508538.52,4695915.76,STR CIRUENA,66,0,No,0,0,1,508538.52,4695915.76
1963,R1-001,"i-DE REDES ELÉCTRICAS INTELIGENTES, S.A.U","Rioja, La",Ezcaray,498927.7,4684487.72,STR EZCARAY,13,0,No,3.69,0,0,498927.7,4684487.72
1964,R1-001,"i-DE REDES ELÉCTRICAS INTELIGENTES, S.A.U","Rioja, La",Ezcaray,498927.7,4684487.72,STR EZCARAY,66,0,No,1.1,0,1,498927.7,4684487.72
1965,R1-001,"i-DE REDES ELÉCTRICAS INTELIGENTES, S.A.U","Rioja, La",Haro,511829.78,4714351.51,STR HARO,13,0,No,18.08,0,0,511829.78,4714351.51
1966,R1-001,"i-DE REDES ELÉCTRICAS INTELIGENTES, S.A.U","Rioja, La",Haro,511829.78,4714351.51,STR HARO,66,0,No,0,0,1,511829.78,4714351.51
1967,R1-001,"i-DE REDES ELÉCTRICAS INTELIGENTES, S.A.U","Rioja, La",Haro,511829.78,4714351.51,STR HARO,13,0,No,16.02,0,0,511829.78,4714351.51
1968,R1-001,"i-DE REDES ELÉCTRICAS INTELIGENTES, S.A.U","Rioja, La",Haro,511829.78,4714351.51,STR HARO,66,0,No,0,0,1,511829.78,4714351.51
1969,R1-001,"i-DE REDES ELÉCTRICAS INTELIGENTES, S.A.U","Rioja, La",Arnedo,580408.73,4681762.32,STR LA MAJA,13,0,No,17.77,0,0,580408.73,4681762.32
1970,R1-001,"i-DE REDES ELÉCTRICAS INTELIGENTES, S.A.U","Rioja, La",Arnedo,580408.73,4681762.32,STR LA MAJA,66,0,No,0,0,1,580408.73,4681762.32
1971,R1-001,"i-DE REDES ELÉCTRICAS INTELIGENTES, S.A.U","Rioja, La",Arnedo,580408.73,4681762.32,STR LA MAJA,13,0,No,9.14,0,0,580408.73,4681762.32
1972,R1-001,"i-DE REDES ELÉCTRICAS INTELIGENTES, S.A.U","Rioja, La",Arnedo,580408.73,4681762.32,STR LA MAJA,66,0,No,0,0,1,580408.73,4681762.32
1973,R1-001,"i-DE REDES ELÉCTRICAS INTELIGENTES, S.A.U","Rioja, La",Alfaro,605047.11,4667891.45,STR LA SENDA,13,0,No,7.94,0,0,605047.11,4667891.45
1974,R1-001,"i-DE REDES ELÉCTRICAS INTELIGENTES, S.A.U","Rioja, La",Alfaro,605047.11,4667891.45,STR LA SENDA,13,0,No,7.22,0,0,605047.11,4667891.45
1975,R1-001,"i-DE REDES ELÉCTRICAS INTELIGENTES, S.A.U","Rioja, La",Alfaro,605047.11,4667891.45,STR LA SENDA,66,0,No,0,0,1,605047.11,4667891.45
1976,R1-001,"i-DE REDES ELÉCTRICAS INTELIGENTES, S.A.U","Rioja, La",Alfaro,605047.11,4667891.45,STR LA SENDA,66,0,No,0,0,1,605047.11,4667891.45
1977,R1-001,"i-DE REDES ELÉCTRICAS INTELIGENTES, S.A.U","Rioja, La",Cervera del Río Alhama,589106.22,4656082.45,STR LARRATE,13,0,No,4.16,0,0,589106.22,4656082.45
1978,R1-001,"i-DE REDES ELÉCTRICAS INTELIGENTES, S.A.U","Rioja, La",Cervera del Río Alhama,589106.22,4656082.45,STR LARRATE,66,0,No,0,0,1,589106.22,4656082.45
1979,R1-001,"i-DE REDES ELÉCTRICAS INTELIGENTES, S.A.U","Rioja, La",Cervera del Río Alhama,589106.22,4656082.45,STR LARRATE,13,7,No,0.28,0,0,589106.22,4656082.45
1980,R1-001,"i-DE REDES ELÉCTRICAS INTELIGENTES, S.A.U","Rioja, La",Cervera del Río Alhama,589106.22,4656082.45,STR LARRATE,66,21,No,0,0,0,589106.22,4656082.45
1981,R1-001,"i-DE REDES ELÉCTRICAS INTELIGENTES, S.A.U","Rioja, La",Logroño,547212.07,4703523.84,STR LAS CANAS,13,0,No,29.84,8,0,547212.07,4703523.84
1982,R1-001,"i-DE REDES ELÉCTRICAS INTELIGENTES, S.A.U","Rioja, La",Logroño,547212.07,4703523.84,STR LAS CANAS,66,0,No,0,0,1,547212.07,4703523.84
1983,R1-001,"i-DE REDES ELÉCTRICAS INTELIGENTES, S.A.U","Rioja, La",Logroño,547212.07,4703523.84,STR LAS CANAS,13,0,No,24.61,0,0,547212.07,4703523.84
1984,R1-001,"i-DE REDES ELÉCTRICAS INTELIGENTES, S.A.U","Rioja, La",Logroño,547212.07,4703523.84,STR LAS CANAS,66,0,No,0,0,1,547212.07,4703523.84
1985,R1-001,"i-DE REDES ELÉCTRICAS INTELIGENTES, S.A.U","Rioja, La",Logroño,544312.85,4703184.13,STR LAS NORIAS,13,0,No,2.96,0,0,544312.85,4703184.13
1986,R1-001,"i-DE REDES ELÉCTRICAS INTELIGENTES, S.A.U","Rioja, La",Logroño,544312.85,4703184.13,STR LAS NORIAS,66,0,No,0,0,1,544312.85,4703184.13
1987,R1-001,"i-DE REDES ELÉCTRICAS INTELIGENTES, S.A.U","Rioja, La",Logroño,544312.85,4703184.13,STR LAS NORIAS,13,0,No,3.28,0,0,544312.85,4703184.13
1988,R1-001,"i-DE REDES ELÉCTRICAS INTELIGENTES, S.A.U","Rioja, La",Logroño,544312.85,4703184.13,STR LAS NORIAS,66,0,No,0,0,1,544312.85,4703184.13
1989,R1-001,"i-DE REDES ELÉCTRICAS INTELIGENTES, S.A.U","Rioja, La",Navarrete,534809.97,4698626.65,STR LENTISCARES,13,0,No,9.88,0,0,534809.97,4698626.65
1990,R1-001,"i-DE REDES ELÉCTRICAS INTELIGENTES, S.A.U","Rioja, La",Navarrete,534809.97,4698626.65,STR LENTISCARES,66,0,No,0,0,1,534809.97,4698626.65
1991,R1-001,"i-DE REDES ELÉCTRICAS INTELIGENTES, S.A.U","Rioja, La",Navarrete,534809.97,4698626.65,STR LENTISCARES,13,0,No,5.7,0,0,534809.97,4698626.65
1992,R1-001,"i-DE REDES ELÉCTRICAS INTELIGENTES, S.A.U","Rioja, La",Navarrete,534809.97,4698626.65,STR LENTISCARES,66,0,No,0,0,1,534809.97,4698626.65
1993,R1-001,"i-DE REDES ELÉCTRICAS INTELIGENTES, S.A.U","Rioja, La",Logroño,543793.96,4698490.75,STR LOS PALETONES,13,0,No,2.93,0,0,543793.96,4698490.75
1994,R1-001,"i-DE REDES ELÉCTRICAS INTELIGENTES, S.A.U","Rioja, La",Logroño,543793.96,4698490.75,STR LOS PALETONES,66,0,No,21.83,0,1,543793.96,4698490.75
1995,R1-001,"i-DE REDES ELÉCTRICAS INTELIGENTES, S.A.U","Rioja, La",Mansilla de la Sierra,507301.01,4667470.06,STR MANSILLA,20,0,No,0.22,0,0,507301.01,4667470.06
1996,R1-001,"i-DE REDES ELÉCTRICAS INTELIGENTES, S.A.U","Rioja, La",Mansilla de la Sierra,507301.01,4667470.06,STR MANSILLA,66,0,No,0,0,1,507301.01,4667470.06
1997,R1-001,"i-DE REDES ELÉCTRICAS INTELIGENTES, S.A.U","Rioja, La",Nájera,522930.74,4696993.3,STR NAJERA,13,0,No,3.39,0,0,522930.74,4696993.3
1998,R1-001,"i-DE REDES ELÉCTRICAS INTELIGENTES, S.A.U","Rioja, La",Nájera,522930.74,4696993.3,STR NAJERA,66,0,No,0,0,1,522930.74,4696993.3
1999,R1-001,"i-DE REDES ELÉCTRICAS INTELIGENTES, S.A.U","Rioja, La",Nájera,522930.74,4696993.3,STR NAJERA,13,0,No,6.06,0,0,522930.74,4696993.3
2000,R1-001,"i-DE REDES ELÉCTRICAS INTELIGENTES, S.A.U","Rioja, La",Nájera,522930.74,4696993.3,STR NAJERA,66,0,No,0,0,1,522930.74,4696993.3
2001,R1-002,"UFD DISTRIBUCIÓN ELECTRICIDAD, SA",Toledo,Villarrubia de Santiago,468475.15,4427872.56,LA PLATA,45,0,No,0,0,0,468475.15,4427872.56
2002,R1-002,"UFD DISTRIBUCIÓN ELECTRICIDAD, SA",Toledo,Villarrubia de Santiago,468475.15,4427872.56,LA PLATA,132,0,No,0,0,0,468475.15,4427872.56
2003,R1-002,"UFD DISTRIBUCIÓN ELECTRICIDAD, SA",Toledo,Villarrubia de Santiago,467984.72,4426008.01,VILLARRUBIA DE SANTIAGO,15,0,No,12.23,0,0,467984.72,4426008.01
2004,R1-002,"UFD DISTRIBUCIÓN ELECTRICIDAD, SA",Toledo,Villarrubia de Santiago,467984.72,4426008.01,VILLARRUBIA DE SANTIAGO,45,0,No,0,0,0,467984.72,4426008.01
2005,R1-002,"UFD DISTRIBUCIÓN ELECTRICIDAD, SA",Toledo,Villaseca de la Sagra,426718.77,4421677.11,C.T. ACECA,132,0,No,60,0,0,426718.77,4421677.11
2006,R1-002,"UFD DISTRIBUCIÓN ELECTRICIDAD, SA",Toledo,Villasequilla,436277.37,4416672.25,VILLASEQUILLA,15,0,No,3.58,0,0,436277.37,4416672.25
2007,R1-002,"UFD DISTRIBUCIÓN ELECTRICIDAD, SA",Toledo,Villasequilla,436277.37,4416672.25,VILLASEQUILLA,45,0,No,1.99,0,0,436277.37,4416672.25
2008,R1-002,"UFD DISTRIBUCIÓN ELECTRICIDAD, SA",Toledo,Villasequilla,436277.37,4416672.25,VILLASEQUILLA,132,0,No,0,0,0,436277.37,4416672.25
2009,R1-002,"UFD DISTRIBUCIÓN ELECTRICIDAD, SA",Toledo,Yeles,432702.29,4441860.71,YELES II,15,0,No,35.91,1.94,0,432702.29,4441860.71
2010,R1-002,"UFD DISTRIBUCIÓN ELECTRICIDAD, SA",Toledo,Yeles,432702.29,4441860.71,YELES II,45,0,No,0,0,0,432702.29,4441860.71
2011,R1-002,"UFD DISTRIBUCIÓN ELECTRICIDAD, SA",Toledo,Yepes,447070.4,4416268.36,YEPES,15,0,No,5.15,0,0,447070.4,4416268.36
2012,R1-002,"UFD DISTRIBUCIÓN ELECTRICIDAD, SA",Toledo,Yepes,447070.4,4416268.36,YEPES,45,0,No,0,0,0,447070.4,4416268.36
2013,R1-002,"UFD DISTRIBUCIÓN ELECTRICIDAD, SA",Zamora,Cobreros,197049.55,4662902.57,COBREROS,15,0,No,13.18,0,0,197049.55,4662902.57
2014,R1-002,"UFD DISTRIBUCIÓN ELECTRICIDAD, SA",Zamora,Vega de Tera,237921.29,4655964.98,MILLA DE TERA,15,0,No,8.35,0,0,237921.29,4655964.98
2015,R1-002,"UFD DISTRIBUCIÓN ELECTRICIDAD, SA",Zamora,Vega de Tera,237921.29,4655964.98,MILLA DE TERA,45,1.34,No,0,0,0,237921.29,4655964.98
2016,R1-001,"i-DE REDES ELÉCTRICAS INTELIGENTES, S.A.U",Alicante/Alacant,"Nucia, la",749116.65,4275855.82,ST MONTEBELLO,20,0,No,185.91,0,0,749116.65,4275855.82
2017,R1-001,"i-DE REDES ELÉCTRICAS INTELIGENTES, S.A.U",Alicante/Alacant,Novelda,695934.67,4249753.13,ST NOVELDA,20,13.81,No,71.52,0,0,695934.67,4249753.13
2018,R1-001,"i-DE REDES ELÉCTRICAS INTELIGENTES, S.A.U",Alicante/Alacant,Novelda,695934.67,4249753.13,ST NOVELDA,20,13.79,No,55.77,0,0,695934.67,4249753.13
2019,R1-001,"i-DE REDES ELÉCTRICAS INTELIGENTES, S.A.U",Alicante/Alacant,Petrer,693570.62,4256821.81,ST PETREL,20,0,No,42.19,0,0,693570.62,4256821.81
2020,R1-001,"i-DE REDES ELÉCTRICAS INTELIGENTES, S.A.U",Alicante/Alacant,Petrer,693570.62,4256821.81,ST PETREL,20,0,No,29.26,0,0,693570.62,4256821.81
2021,R1-001,"i-DE REDES ELÉCTRICAS INTELIGENTES, S.A.U",Alicante/Alacant,Petrer,693570.62,4256821.81,ST PETREL,66,4.56,No,1.91,0,0,693570.62,4256821.81
2022,R1-001,"i-DE REDES ELÉCTRICAS INTELIGENTES, S.A.U",Alicante/Alacant,Alacant/Alicante,717035.99,4248340.09,ST RABASA,132,0,No,0.47,0,1,717035.99,4248340.09
2023,R1-001,"i-DE REDES ELÉCTRICAS INTELIGENTES, S.A.U",Alicante/Alacant,Alacant/Alicante,717035.99,4248340.09,ST RABASA,20,0,No,26.7,0,0,717035.99,4248340.09
2024,R1-001,"i-DE REDES ELÉCTRICAS INTELIGENTES, S.A.U",Alicante/Alacant,Alacant/Alicante,717035.99,4248340.09,ST RABASA,20,0,No,42.28,0,0,717035.99,4248340.09
2025,R1-001,"i-DE REDES ELÉCTRICAS INTELIGENTES, S.A.U",Alicante/Alacant,Alacant/Alicante,717035.99,4248340.09,ST RABASA,20,0,No,29.85,0,0,717035.99,4248340.09
2026,R1-001,"i-DE REDES ELÉCTRICAS INTELIGENTES, S.A.U",Alicante/Alacant,Granja de Rocamora,679966.09,4224214.95,ST ROCAMORA,132,0,No,26.48,0,1,679966.09,4224214.95
2027,R1-001,"i-DE REDES ELÉCTRICAS INTELIGENTES, S.A.U",Alicante/Alacant,Granja de Rocamora,679966.09,4224214.95,ST ROCAMORA,66,0,No,0,0,0,679966.09,4224214.95
2028,R1-001,"i-DE REDES ELÉCTRICAS INTELIGENTES, S.A.U",Alicante/Alacant,Granja de Rocamora,679966.09,4224214.95,ST ROCAMORA,20,0,No,31.98,0,0,679966.09,4224214.95
2029,R1-001,"i-DE REDES ELÉCTRICAS INTELIGENTES, S.A.U",Alicante/Alacant,Granja de Rocamora,679966.09,4224214.95,ST ROCAMORA,20,0,No,35.88,0,0,679966.09,4224214.95
2030,R1-001,"i-DE REDES ELÉCTRICAS INTELIGENTES, S.A.U",Alicante/Alacant,Granja de Rocamora,679966.09,4224214.95,ST ROCAMORA,20,0,No,36.12,0,0,679966.09,4224214.95
2031,R1-001,"i-DE REDES ELÉCTRICAS INTELIGENTES, S.A.U",Alicante/Alacant,Rojales,698590.15,4214464.36,ST ROJALES,20,0,No,85.87,0,0,698590.15,4214464.36
2032,R1-001,"i-DE REDES ELÉCTRICAS INTELIGENTES, S.A.U",Alicante/Alacant,Rojales,698590.15,4214464.36,ST ROJALES,20,0,No,48.87,0,0,698590.15,4214464.36
2033,R1-001,"i-DE REDES ELÉCTRICAS INTELIGENTES, S.A.U",Alicante/Alacant,Rojales,698590.15,4214464.36,ST ROJALES,20,0,No,74.37,0,0,698590.15,4214464.36
2034,R1-001,"i-DE REDES ELÉCTRICAS INTELIGENTES, S.A.U",Alicante/Alacant,San Miguel de Salinas,696217.29,4208210.41,ST S.MIGUEL SALINAS,20,1.46,No,94.32,0,0,696217.29,4208210.41
2035,R1-001,"i-DE REDES ELÉCTRICAS INTELIGENTES, S.A.U",Alicante/Alacant,San Miguel de Salinas,696217.29,4208210.41,ST S.MIGUEL SALINAS,20,1.46,No,93.97,15.76,0,696217.29,4208210.41
2036,R1-001,"i-DE REDES ELÉCTRICAS INTELIGENTES, S.A.U",Alicante/Alacant,Elx/Elche,708090.22,4241719.29,ST SALADAS,20,0,No,25.2,0,0,708090.22,4241719.29
2037,R1-001,"i-DE REDES ELÉCTRICAS INTELIGENTES, S.A.U",Alicante/Alacant,Elx/Elche,708090.22,4241719.29,ST SALADAS,20,0,No,32,0,0,708090.22,4241719.29
2038,R1-001,"i-DE REDES ELÉCTRICAS INTELIGENTES, S.A.U",Alicante/Alacant,Alacant/Alicante,721807.16,4252146.28,ST SAN JUAN,132,0,No,0,0,1,721807.16,4252146.28
2039,R1-001,"i-DE REDES ELÉCTRICAS INTELIGENTES, S.A.U",Alicante/Alacant,Alacant/Alicante,721807.16,4252146.28,ST SAN JUAN,20,0,No,21.71,0,0,721807.16,4252146.28
2040,R1-001,"i-DE REDES ELÉCTRICAS INTELIGENTES, S.A.U",Alicante/Alacant,Alacant/Alicante,721807.16,4252146.28,ST SAN JUAN,20,0,No,39.19,0,0,721807.16,4252146.28
2041,R1-001,"i-DE REDES ELÉCTRICAS INTELIGENTES, S.A.U",Alicante/Alacant,Alacant/Alicante,721807.16,4252146.28,ST SAN JUAN,20,0,No,23,0,0,721807.16,4252146.28
2042,R1-001,"i-DE REDES ELÉCTRICAS INTELIGENTES, S.A.U",Alicante/Alacant,Alacant/Alicante,721807.16,4252146.28,ST SAN JUAN,20,0,No,38.47,0,0,721807.16,4252146.28
2043,R1-001,"i-DE REDES ELÉCTRICAS INTELIGENTES, S.A.U",Alicante/Alacant,Sant Vicent del Raspeig/San Vicente del Raspeig,715007.27,4252737.26,ST SAN VICENTE,66,0,No,51.22,0,1,715007.27,4252737.26
2044,R1-001,"i-DE REDES ELÉCTRICAS INTELIGENTES, S.A.U",Alicante/Alacant,Sant Vicent del Raspeig/San Vicente del Raspeig,715007.27,4252737.26,ST SAN VICENTE,132,2.89,No,0,0,0,715007.27,4252737.26
2045,R1-001,"i-DE REDES ELÉCTRICAS INTELIGENTES, S.A.U",Alicante/Alacant,Sant Vicent del Raspeig/San Vicente del Raspeig,715007.27,4252737.26,ST SAN VICENTE,20,1.8,No,41.17,0,0,715007.27,4252737.26
2046,R1-001,"i-DE REDES ELÉCTRICAS INTELIGENTES, S.A.U",Alicante/Alacant,Sant Vicent del Raspeig/San Vicente del Raspeig,715007.27,4252737.26,ST SAN VICENTE,20,0,No,39.95,0,0,715007.27,4252737.26
2047,R1-001,"i-DE REDES ELÉCTRICAS INTELIGENTES, S.A.U",Alicante/Alacant,Sant Vicent del Raspeig/San Vicente del Raspeig,715007.27,4252737.26,ST SAN VICENTE,20,1.08,No,32.31,0,0,715007.27,4252737.26
2048,R1-001,"i-DE REDES ELÉCTRICAS INTELIGENTES, S.A.U",Alicante/Alacant,Santa Pola,714033.86,4232905.37,ST SANTA POLA,66,0,No,0.5,0,0,714033.86,4232905.37
2049,R1-001,"i-DE REDES ELÉCTRICAS INTELIGENTES, S.A.U",Alicante/Alacant,Santa Pola,714033.86,4232905.37,ST SANTA POLA,20,0,No,16.76,0,0,714033.86,4232905.37
2050,R1-001,"i-DE REDES ELÉCTRICAS INTELIGENTES, S.A.U",Alicante/Alacant,Santa Pola,714033.86,4232905.37,ST SANTA POLA,20,0,No,12,0,0,714033.86,4232905.37
2051,R1-001,"i-DE REDES ELÉCTRICAS INTELIGENTES, S.A.U",Alicante/Alacant,Santa Pola,714033.86,4232905.37,ST SANTA POLA,20,0,No,25.31,0,0,714033.86,4232905.37
2052,R1-001,"i-DE REDES ELÉCTRICAS INTELIGENTES, S.A.U",Alicante/Alacant,Benidorm,748333.43,4273426.95,ST TERRA MITICA,132,0,No,4.5,0,1,748333.43,4273426.95
2053,R1-001,"i-DE REDES ELÉCTRICAS INTELIGENTES, S.A.U",Alicante/Alacant,Benidorm,748333.43,4273426.95,ST TERRA MITICA,20,0,No,34.42,0,0,748333.43,4273426.95
2054,R1-001,"i-DE REDES ELÉCTRICAS INTELIGENTES, S.A.U",Alicante/Alacant,Teulada,768982.11,4292194.99,ST TEULADA,132,0,No,0.09,0,1,768982.11,4292194.99
2055,R1-001,"i-DE REDES ELÉCTRICAS INTELIGENTES, S.A.U",Alicante/Alacant,Teulada,768982.11,4292194.99,ST TEULADA,20,0,No,25.23,0,0,768982.11,4292194.99
2056,R1-001,"i-DE REDES ELÉCTRICAS INTELIGENTES, S.A.U",Alicante/Alacant,Teulada,768982.11,4292194.99,ST TEULADA,20,0,No,41.65,0,0,768982.11,4292194.99
2057,R1-001,"i-DE REDES ELÉCTRICAS INTELIGENTES, S.A.U",Alicante/Alacant,Torrevieja,702028.95,4205439.28,ST TORREVIEJA,20,3.99,No,30.85,0,0,702028.95,4205439.28
2058,R1-001,"i-DE REDES ELÉCTRICAS INTELIGENTES, S.A.U",Alicante/Alacant,Torrevieja,702028.95,4205439.28,ST TORREVIEJA,20,2.92,No,56.69,0,0,702028.95,4205439.28
2059,R1-001,"i-DE REDES ELÉCTRICAS INTELIGENTES, S.A.U",Alicante/Alacant,"Verger, el",760681.76,4304466.32,ST VERGEL,132,0,No,0.31,0,1,760681.76,4304466.32
2060,R1-001,"i-DE REDES ELÉCTRICAS INTELIGENTES, S.A.U",Alicante/Alacant,"Verger, el",760681.76,4304466.32,ST VERGEL,20,0,No,25.94,0,0,760681.76,4304466.32
2061,R1-001,"i-DE REDES ELÉCTRICAS INTELIGENTES, S.A.U",Alicante/Alacant,"Verger, el",760681.76,4304466.32,ST VERGEL,20,0,No,32.34,0,0,760681.76,4304466.32
2062,R1-001,"i-DE REDES ELÉCTRICAS INTELIGENTES, S.A.U",Alicante/Alacant,Villena,683925.14,4278379.19,ST VILLENA,132,27.96,No,0,0,0,683925.14,4278379.19
2063,R1-001,"i-DE REDES ELÉCTRICAS INTELIGENTES, S.A.U",Alicante/Alacant,Villena,683925.14,4278379.19,ST VILLENA,66,5.58,No,1.31,0,0,683925.14,4278379.19
2064,R1-001,"i-DE REDES ELÉCTRICAS INTELIGENTES, S.A.U",Alicante/Alacant,Villena,683925.14,4278379.19,ST VILLENA,20,0,No,36.7,0,0,683925.14,4278379.19
2065,R1-001,"i-DE REDES ELÉCTRICAS INTELIGENTES, S.A.U",Alicante/Alacant,Villena,683925.14,4278379.19,ST VILLENA,20,0,No,26.3,0,0,683925.14,4278379.19
2066,R1-001,"i-DE REDES ELÉCTRICAS INTELIGENTES, S.A.U",Alicante/Alacant,Muro de Alcoy,723770.9,4296945.25,STR ALQUERIA MURO,66,0,No,5.56,0,0,723770.9,4296945.25
2067,R1-001,"i-DE REDES ELÉCTRICAS INTELIGENTES, S.A.U",Alicante/Alacant,Muro de Alcoy,723770.9,4296945.25,STR ALQUERIA MURO,20,0,No,20.58,0,0,723770.9,4296945.25
2068,R1-001,"i-DE REDES ELÉCTRICAS INTELIGENTES, S.A.U",Alicante/Alacant,Crevillent,694276.68,4233006.8,STR CREVILLENTE,66,0,No,3.8,0,0,694276.68,4233006.8
2069,R1-001,"i-DE REDES ELÉCTRICAS INTELIGENTES, S.A.U",Alicante/Alacant,Petrer,692651.47,4263606.5,STR ELDA,66,0,No,1.96,0,0,692651.47,4263606.5
2070,R1-001,"i-DE REDES ELÉCTRICAS INTELIGENTES, S.A.U",Alicante/Alacant,Petrer,692651.47,4263606.5,STR ELDA,20,0,No,13.86,0,0,692651.47,4263606.5
2071,R1-001,"i-DE REDES ELÉCTRICAS INTELIGENTES, S.A.U",Alicante/Alacant,Petrer,692651.47,4263606.5,STR ELDA,20,0,No,12.3,0,0,692651.47,4263606.5
2072,R1-001,"i-DE REDES ELÉCTRICAS INTELIGENTES, S.A.U",Alicante/Alacant,Petrer,692651.47,4263606.5,STR ELDA,20,0,No,13.67,0,0,692651.47,4263606.5
2073,R1-001,"i-DE REDES ELÉCTRICAS INTELIGENTES, S.A.U",Alicante/Alacant,Petrer,692651.47,4263606.5,STR ELDA,20,0,No,17.39,0,0,692651.47,4263606.5
2074,R1-001,"i-DE REDES ELÉCTRICAS INTELIGENTES, S.A.U",Alicante/Alacant,Orihuela,688491.72,4215585.35,STR JACARILLETA,66,0,No,0,0,1,688491.72,4215585.35
2075,R1-001,"i-DE REDES ELÉCTRICAS INTELIGENTES, S.A.U",Alicante/Alacant,Orihuela,688491.72,4215585.35,STR JACARILLETA,20,0,No,21.94,0,0,688491.72,4215585.35
2076,R1-001,"i-DE REDES ELÉCTRICAS INTELIGENTES, S.A.U",Alicante/Alacant,Orihuela,688491.72,4215585.35,STR JACARILLETA,20,0,No,18.54,0,0,688491.72,4215585.35
2077,R1-001,"i-DE REDES ELÉCTRICAS INTELIGENTES, S.A.U",Alicante/Alacant,"Montesinos, Los",697959.54,4211647.83,STR MONTESINOS,66,0,No,10.46,0,0,697959.54,4211647.83
2078,R1-001,"i-DE REDES ELÉCTRICAS INTELIGENTES, S.A.U",Alicante/Alacant,"Montesinos, Los",697959.54,4211647.83,STR MONTESINOS,20,0,No,25.46,0,0,697959.54,4211647.83
2079,R1-001,"i-DE REDES ELÉCTRICAS INTELIGENTES, S.A.U",Alicante/Alacant,"Montesinos, Los",697959.54,4211647.83,STR MONTESINOS,20,0,No,41.4,0,0,697959.54,4211647.83
2080,R1-001,"i-DE REDES ELÉCTRICAS INTELIGENTES, S.A.U",Alicante/Alacant,Redován,681299.82,4222957.57,STR ORIHUELA,66,0,No,0,0,0,681299.82,4222957.57
2081,R1-001,"i-DE REDES ELÉCTRICAS INTELIGENTES, S.A.U",Alicante/Alacant,Redován,681299.82,4222957.57,STR ORIHUELA,20,0,No,10.37,0,0,681299.82,4222957.57
2082,R1-001,"i-DE REDES ELÉCTRICAS INTELIGENTES, S.A.U",Alicante/Alacant,Redován,681299.82,4222957.57,STR ORIHUELA,20,0,No,15.11,0,0,681299.82,4222957.57
2083,R1-001,"i-DE REDES ELÉCTRICAS INTELIGENTES, S.A.U",Alicante/Alacant,"Pinós, el/Pinoso",672505.93,4252779.27,STR PINOSO,66,0,No,0,0,1,672505.93,4252779.27
2084,R1-001,"i-DE REDES ELÉCTRICAS INTELIGENTES, S.A.U",Alicante/Alacant,"Pinós, el/Pinoso",672505.93,4252779.27,STR PINOSO,20,0,No,6.3,0,0,672505.93,4252779.27
2085,R1-001,"i-DE REDES ELÉCTRICAS INTELIGENTES, S.A.U",Alicante/Alacant,"Pinós, el/Pinoso",672505.93,4252779.27,STR PINOSO,20,0,No,6.24,0,0,672505.93,4252779.27
2086,R1-001,"i-DE REDES ELÉCTRICAS INTELIGENTES, S.A.U",Ávila,Ávila,357668.85,4501350.29,ST AVILA,132,0,No,0,0,0,357668.85,4501350.29
2087,R1-001,"i-DE REDES ELÉCTRICAS INTELIGENTES, S.A.U",Ávila,Ávila,357668.85,4501350.29,ST AVILA,45,0,No,21.25,0,0,357668.85,4501350.29
2088,R1-001,"i-DE REDES ELÉCTRICAS INTELIGENTES, S.A.U",Ávila,Ávila,357668.85,4501350.29,ST AVILA,15,0,No,14.59,0,0,357668.85,4501350.29
2089,R1-001,"i-DE REDES ELÉCTRICAS INTELIGENTES, S.A.U",Ávila,Ávila,357668.85,4501350.29,ST AVILA,45,0,No,11.34,0,0,357668.85,4501350.29
2090,R1-001,"i-DE REDES ELÉCTRICAS INTELIGENTES, S.A.U",Ávila,Ávila,357668.85,4501350.29,ST AVILA,15,0,No,18.1,0,0,357668.85,4501350.29
2091,R1-001,"i-DE REDES ELÉCTRICAS INTELIGENTES, S.A.U",Ávila,"Tiemblo, El",370630.12,4476217.7,ST CH BURGUILLO,15,0,No,18.11,0,0,370630.12,4476217.7
2092,R1-001,"i-DE REDES ELÉCTRICAS INTELIGENTES, S.A.U",Ávila,"Tiemblo, El",370630.12,4476217.7,ST CH BURGUILLO,132,0,No,0,0,0,370630.12,4476217.7
2093,R1-001,"i-DE REDES ELÉCTRICAS INTELIGENTES, S.A.U",Ávila,"Tiemblo, El",377684.8,4474558.37,ST CH PUENTENUEVO,132,0,No,1.82,0,0,377684.8,4474558.37
2094,R1-001,"i-DE REDES ELÉCTRICAS INTELIGENTES, S.A.U",Ávila,"Tiemblo, El",377684.8,4474558.37,ST CH PUENTENUEVO,15,0,No,6.93,0,0,377684.8,4474558.37
2095,R1-001,"i-DE REDES ELÉCTRICAS INTELIGENTES, S.A.U",Ávila,Langa,342710.99,4542561.04,ST LANGA,132,0,No,0,0,0,342710.99,4542561.04
2096,R1-001,"i-DE REDES ELÉCTRICAS INTELIGENTES, S.A.U",Ávila,Langa,342710.99,4542561.04,ST LANGA,45,0,No,15.2,0,0,342710.99,4542561.04
2097,R1-001,"i-DE REDES ELÉCTRICAS INTELIGENTES, S.A.U",Ávila,Langa,342710.99,4542561.04,ST LANGA,15,0,No,1.2,0,0,342710.99,4542561.04
2098,R1-001,"i-DE REDES ELÉCTRICAS INTELIGENTES, S.A.U",Ávila,Langa,342710.99,4542561.04,ST LANGA,45,0,No,22.2,0,0,342710.99,4542561.04
2099,R1-001,"i-DE REDES ELÉCTRICAS INTELIGENTES, S.A.U",Ávila,Langa,342710.99,4542561.04,ST LANGA,15,0,No,3.83,0,0,342710.99,4542561.04
2100,R1-001,"i-DE REDES ELÉCTRICAS INTELIGENTES, S.A.U",Ávila,Nava de Arévalo,346962.52,4539227.7,STR ADAJA,15,0,No,2.45,0,0,346962.52,4539227.7
2101,R1-001,"i-DE REDES ELÉCTRICAS INTELIGENTES, S.A.U",Ávila,Nava de Arévalo,346962.52,4539227.7,STR ADAJA,45,0,No,0,0,0,346962.52,4539227.7
2102,R1-001,"i-DE REDES ELÉCTRICAS INTELIGENTES, S.A.U",Ávila,Arévalo,356378.89,4545922.11,STR AREVALO,15,0,No,9.52,0,0,356378.89,4545922.11
2103,R1-001,"i-DE REDES ELÉCTRICAS INTELIGENTES, S.A.U",Ávila,Arévalo,356378.89,4545922.11,STR AREVALO,45,0,No,6.4,0,0,356378.89,4545922.11
2104,R1-001,"i-DE REDES ELÉCTRICAS INTELIGENTES, S.A.U",Ávila,Arévalo,356378.89,4545922.11,STR AREVALO,15,0,No,22.74,0,0,356378.89,4545922.11
2105,R1-001,"i-DE REDES ELÉCTRICAS INTELIGENTES, S.A.U",Ávila,Arévalo,356378.89,4545922.11,STR AREVALO,45,0,No,0,0,0,356378.89,4545922.11
2106,R1-001,"i-DE REDES ELÉCTRICAS INTELIGENTES, S.A.U",Ávila,Ávila,356696.62,4499817.94,STR BACHILLERES,15,0,No,24.08,0,0,356696.62,4499817.94
2107,R1-001,"i-DE REDES ELÉCTRICAS INTELIGENTES, S.A.U",Ávila,Ávila,356696.62,4499817.94,STR BACHILLERES,45,0,No,0,0,0,356696.62,4499817.94
2108,R1-001,"i-DE REDES ELÉCTRICAS INTELIGENTES, S.A.U",Ávila,Ávila,356696.62,4499817.94,STR BACHILLERES,15,0,No,16.34,0,0,356696.62,4499817.94
2109,R1-001,"i-DE REDES ELÉCTRICAS INTELIGENTES, S.A.U",Ávila,Ávila,356696.62,4499817.94,STR BACHILLERES,45,0,No,0,0,0,356696.62,4499817.94
2110,R1-001,"i-DE REDES ELÉCTRICAS INTELIGENTES, S.A.U",Ávila,"Barco de Ávila, El",285695.23,4470901.9,STR BARCO DE AVILA,15,0,No,2.64,0,0,285695.23,4470901.9
2111,R1-001,"i-DE REDES ELÉCTRICAS INTELIGENTES, S.A.U",Ávila,"Barco de Ávila, El",285695.23,4470901.9,STR BARCO DE AVILA,45,0,No,0,0,0,285695.23,4470901.9
2112,R1-001,"i-DE REDES ELÉCTRICAS INTELIGENTES, S.A.U",Ávila,"Barco de Ávila, El",285695.23,4470901.9,STR BARCO DE AVILA,15,0,No,1.7,0,0,285695.23,4470901.9
2113,R1-001,"i-DE REDES ELÉCTRICAS INTELIGENTES, S.A.U",Ávila,"Barco de Ávila, El",285695.23,4470901.9,STR BARCO DE AVILA,45,0,No,0,0,0,285695.23,4470901.9
2114,R1-001,"i-DE REDES ELÉCTRICAS INTELIGENTES, S.A.U",Ávila,Candeleda,309429.69,4446916.6,STR CANDELEDA,15,0,No,1.67,0,0,309429.69,4446916.6
2115,R1-001,"i-DE REDES ELÉCTRICAS INTELIGENTES, S.A.U",Ávila,Candeleda,309429.69,4446916.6,STR CANDELEDA,15,0,No,3.64,0,0,309429.69,4446916.6
2116,R1-001,"i-DE REDES ELÉCTRICAS INTELIGENTES, S.A.U",Ávila,Candeleda,309429.69,4446916.6,STR CANDELEDA,45,0,No,0,0,0,309429.69,4446916.6
2117,R1-001,"i-DE REDES ELÉCTRICAS INTELIGENTES, S.A.U",Ávila,Casavieja,350235.55,4458860.99,STR CASAVIEJA,15,0,No,4.19,0,0,350235.55,4458860.99
2118,R1-001,"i-DE REDES ELÉCTRICAS INTELIGENTES, S.A.U",Ávila,Casavieja,350235.55,4458860.99,STR CASAVIEJA,45,0,No,0,0,0,350235.55,4458860.99
2119,R1-001,"i-DE REDES ELÉCTRICAS INTELIGENTES, S.A.U",Ávila,Fontiveros,334110.76,4533063.28,STR FONTIVEROS,15,0,No,2.02,0,0,334110.76,4533063.28
2120,R1-001,"i-DE REDES ELÉCTRICAS INTELIGENTES, S.A.U",Ávila,Fontiveros,334110.76,4533063.28,STR FONTIVEROS,45,0,No,0,0,0,334110.76,4533063.28
2121,R1-001,"i-DE REDES ELÉCTRICAS INTELIGENTES, S.A.U",Ávila,Fontiveros,334110.76,4533063.28,STR FONTIVEROS,15,0,No,7.55,0,0,334110.76,4533063.28
2122,R1-001,"i-DE REDES ELÉCTRICAS INTELIGENTES, S.A.U",Ávila,Fontiveros,334110.76,4533063.28,STR FONTIVEROS,45,0,No,0,0,0,334110.76,4533063.28
2123,R1-001,"i-DE REDES ELÉCTRICAS INTELIGENTES, S.A.U",Ávila,Gotarrendura,353713.73,4520927.01,STR GOTARRENDURA,15,0,No,10.45,0,0,353713.73,4520927.01
2124,R1-001,"i-DE REDES ELÉCTRICAS INTELIGENTES, S.A.U",Ávila,Gotarrendura,353713.73,4520927.01,STR GOTARRENDURA,45,0,No,0,0,0,353713.73,4520927.01
2125,R1-001,"i-DE REDES ELÉCTRICAS INTELIGENTES, S.A.U",Ávila,Ávila,357705.68,4503162.38,STR LAS HERVENCIAS,15,0,No,20.87,0,0,357705.68,4503162.38
2126,R1-001,"i-DE REDES ELÉCTRICAS INTELIGENTES, S.A.U",Ávila,Ávila,357705.68,4503162.38,STR LAS HERVENCIAS,45,0,No,0,0,0,357705.68,4503162.38
2127,R1-001,"i-DE REDES ELÉCTRICAS INTELIGENTES, S.A.U",Ávila,Madrigal de las Altas Torres,332130.31,4550012.71,STR MADRIGAL,15,0,No,6.44,0,0,332130.31,4550012.71
2128,R1-001,"i-DE REDES ELÉCTRICAS INTELIGENTES, S.A.U",Ávila,Madrigal de las Altas Torres,332130.31,4550012.71,STR MADRIGAL,45,0,No,0,0,0,332130.31,4550012.71
2129,R1-001,"i-DE REDES ELÉCTRICAS INTELIGENTES, S.A.U",Ávila,Muñana,329822.46,4493999.82,STR MUNANA,15,0,No,6.22,0,0,329822.46,4493999.82
2130,R1-001,"i-DE REDES ELÉCTRICAS INTELIGENTES, S.A.U",Ávila,Muñana,329822.46,4493999.82,STR MUNANA,45,0,No,0,0,0,329822.46,4493999.82
2131,R1-001,"i-DE REDES ELÉCTRICAS INTELIGENTES, S.A.U",Ávila,Navalperal de Pinares,380365.62,4494578.82,STR NAVALPERAL,20,0,No,7.03,0,0,380365.62,4494578.82
2132,R1-001,"i-DE REDES ELÉCTRICAS INTELIGENTES, S.A.U",Ávila,Navalperal de Pinares,380365.62,4494578.82,STR NAVALPERAL,45,0,No,0,0,0,380365.62,4494578.82
2133,R1-001,"i-DE REDES ELÉCTRICAS INTELIGENTES, S.A.U",Ávila,Piedrahíta,303000.33,4481177.18,STR PIEDRAHITA,15,0,No,2.14,0,0,303000.33,4481177.18
2134,R1-001,"i-DE REDES ELÉCTRICAS INTELIGENTES, S.A.U",Ávila,Piedrahíta,303000.33,4481177.18,STR PIEDRAHITA,45,0,No,0,0,0,303000.33,4481177.18
2135,R1-001,"i-DE REDES ELÉCTRICAS INTELIGENTES, S.A.U",Ávila,Piedrahíta,303000.33,4481177.18,STR PIEDRAHITA,15,0,No,2.84,0,0,303000.33,4481177.18
2136,R1-001,"i-DE REDES ELÉCTRICAS INTELIGENTES, S.A.U",Ávila,Piedrahíta,303000.33,4481177.18,STR PIEDRAHITA,45,0,No,0,0,0,303000.33,4481177.18
2137,R1-001,"i-DE REDES ELÉCTRICAS INTELIGENTES, S.A.U",Ávila,Arenas de San Pedro,326462.01,4449553.83,STR RAMACASTANAS,45,0,No,0,0,0,326462.01,4449553.83
2138,R1-001,"i-DE REDES ELÉCTRICAS INTELIGENTES, S.A.U",Ávila,Arenas de San Pedro,326462.01,4449553.83,STR RAMACASTANAS,15,0,No,5.24,0,0,326462.01,4449553.83
2139,R1-001,"i-DE REDES ELÉCTRICAS INTELIGENTES, S.A.U",Ávila,Arenas de San Pedro,326462.01,4449553.83,STR RAMACASTANAS,15,0,No,4.65,0,0,326462.01,4449553.83
2140,R1-001,"i-DE REDES ELÉCTRICAS INTELIGENTES, S.A.U",Ávila,Arenas de San Pedro,326462.01,4449553.83,STR RAMACASTANAS,45,0,No,0,0,0,326462.01,4449553.83
2141,R1-001,"i-DE REDES ELÉCTRICAS INTELIGENTES, S.A.U",Ávila,Maello,368944.56,4524164.38,STR RIOLANZA,15,0,No,6.62,0,0,368944.56,4524164.38
2142,R1-001,"i-DE REDES ELÉCTRICAS INTELIGENTES, S.A.U",Ávila,Maello,368944.56,4524164.38,STR RIOLANZA,45,0,No,0,0,0,368944.56,4524164.38
2143,R1-001,"i-DE REDES ELÉCTRICAS INTELIGENTES, S.A.U",Ávila,San Martín del Pimpollar,325850.42,4471551.41,STR SAN MARTIN,15,0,No,4.24,0,0,325850.42,4471551.41
2144,R1-001,"i-DE REDES ELÉCTRICAS INTELIGENTES, S.A.U",Ávila,San Martín del Pimpollar,325850.42,4471551.41,STR SAN MARTIN,45,0,No,0,0,0,325850.42,4471551.41
2145,R1-001,"i-DE REDES ELÉCTRICAS INTELIGENTES, S.A.U",Badajoz,Castuera,279970.16,4290419.37,ST CASTUERA,132,0,No,0,0,0,279970.16,4290419.37
2146,R1-001,"i-DE REDES ELÉCTRICAS INTELIGENTES, S.A.U",Badajoz,Castuera,279970.16,4290419.37,ST CASTUERA,45,0,No,0,0,0,279970.16,4290419.37
2147,R1-001,"i-DE REDES ELÉCTRICAS INTELIGENTES, S.A.U",Badajoz,Castuera,279970.16,4290419.37,ST CASTUERA,45,0,No,0.5,0,0,279970.16,4290419.37
2148,R1-001,"i-DE REDES ELÉCTRICAS INTELIGENTES, S.A.U",Badajoz,Don Benito,252774.06,4314870.88,ST DON BENITO,132,0,No,0.07,0,0,252774.06,4314870.88
2149,R1-001,"i-DE REDES ELÉCTRICAS INTELIGENTES, S.A.U",Badajoz,Don Benito,252774.06,4314870.88,ST DON BENITO,45,0,No,0,0,0,252774.06,4314870.88
2150,R1-001,"i-DE REDES ELÉCTRICAS INTELIGENTES, S.A.U",Badajoz,Don Benito,252774.06,4314870.88,ST DON BENITO,45,0,No,16.32,0,0,252774.06,4314870.88
2151,R1-001,"i-DE REDES ELÉCTRICAS INTELIGENTES, S.A.U",Badajoz,Don Benito,252774.06,4314870.88,ST DON BENITO,45,0,No,39.9,0,0,252774.06,4314870.88
2152,R1-001,"i-DE REDES ELÉCTRICAS INTELIGENTES, S.A.U",Badajoz,Talarrubias,307220.11,4324008.24,ST TALARRUBIAS,132,0,No,0,0,0,307220.11,4324008.24
2153,R1-001,"i-DE REDES ELÉCTRICAS INTELIGENTES, S.A.U",Badajoz,Talarrubias,307220.11,4324008.24,ST TALARRUBIAS,45,0,No,0,0,0,307220.11,4324008.24
2154,R1-001,"i-DE REDES ELÉCTRICAS INTELIGENTES, S.A.U",Badajoz,Talarrubias,307220.11,4324008.24,ST TALARRUBIAS,45,0,No,3.22,0,0,307220.11,4324008.24
2155,R1-001,"i-DE REDES ELÉCTRICAS INTELIGENTES, S.A.U",Badajoz,Valdecaballeros,311763.06,4351252.31,ST VALDECABALLEROS,132,0,No,0,0,0,311763.06,4351252.31
2156,R1-001,"i-DE REDES ELÉCTRICAS INTELIGENTES, S.A.U",Badajoz,Valdecaballeros,311763.06,4351252.31,ST VALDECABALLEROS,45,0,No,0.13,0,0,311763.06,4351252.31
2157,R1-001,"i-DE REDES ELÉCTRICAS INTELIGENTES, S.A.U",Badajoz,Valdetorres,232673.58,4312269.37,ST VALDETORRES,132,0,No,0,0,0,232673.58,4312269.37
2158,R1-001,"i-DE REDES ELÉCTRICAS INTELIGENTES, S.A.U",Badajoz,Valdetorres,232673.58,4312269.37,ST VALDETORRES,20,0,No,2.75,0,0,232673.58,4312269.37
2159,R1-001,"i-DE REDES ELÉCTRICAS INTELIGENTES, S.A.U",Badajoz,Valdetorres,232673.58,4312269.37,ST VALDETORRES,20,0,No,3.05,0,0,232673.58,4312269.37
2160,R1-001,"i-DE REDES ELÉCTRICAS INTELIGENTES, S.A.U",Badajoz,Valdetorres,232673.58,4312269.37,ST VALDETORRES,45,0,No,22.06,0,0,232673.58,4312269.37
2161,R1-001,"i-DE REDES ELÉCTRICAS INTELIGENTES, S.A.U",Badajoz,Alburquerque,154860.85,4350160.15,STR ALBURQUERQUE,20,0,No,4.79,0,0,154860.85,4350160.15
2162,R1-001,"i-DE REDES ELÉCTRICAS INTELIGENTES, S.A.U",Badajoz,Alburquerque,154860.85,4350160.15,STR ALBURQUERQUE,45,0,No,0,0,1,154860.85,4350160.15
2163,R1-001,"i-DE REDES ELÉCTRICAS INTELIGENTES, S.A.U",Badajoz,Don Benito,254989.17,4316260.54,STR ARROYO CAMPO,13,0,No,2.51,0,0,254989.17,4316260.54
2164,R1-001,"i-DE REDES ELÉCTRICAS INTELIGENTES, S.A.U",Badajoz,Don Benito,254989.17,4316260.54,STR ARROYO CAMPO,45,0,No,0,0,0,254989.17,4316260.54
2165,R1-001,"i-DE REDES ELÉCTRICAS INTELIGENTES, S.A.U",Badajoz,Don Benito,254989.17,4316260.54,STR ARROYO CAMPO,20,0,No,19.07,0,0,254989.17,4316260.54
2166,R1-001,"i-DE REDES ELÉCTRICAS INTELIGENTES, S.A.U",Badajoz,Don Benito,254989.17,4316260.54,STR ARROYO CAMPO,45,0,No,0,0,0,254989.17,4316260.54
2167,R1-001,"i-DE REDES ELÉCTRICAS INTELIGENTES, S.A.U",Badajoz,Casas de Don Pedro,297994.92,4332450.23,STR CASAS DON PEDRO,20,0,No,7.88,0,0,297994.92,4332450.23
2168,R1-001,"i-DE REDES ELÉCTRICAS INTELIGENTES, S.A.U",Badajoz,Casas de Don Pedro,297994.92,4332450.23,STR CASAS DON PEDRO,45,0,No,0,0,0,297994.92,4332450.23
2169,R1-001,"i-DE REDES ELÉCTRICAS INTELIGENTES, S.A.U",Badajoz,Castuera,279350.06,4289872.82,STR CASTUERA,20,0,No,3.03,0,0,279350.06,4289872.82
2170,R1-001,"i-DE REDES ELÉCTRICAS INTELIGENTES, S.A.U",Badajoz,Castuera,279350.06,4289872.82,STR CASTUERA,45,0,No,0,0,0,279350.06,4289872.82
2171,R1-001,"i-DE REDES ELÉCTRICAS INTELIGENTES, S.A.U",Badajoz,Castuera,279350.06,4289872.82,STR CASTUERA,20,0,No,5.64,0,0,279350.06,4289872.82
2172,R1-001,"i-DE REDES ELÉCTRICAS INTELIGENTES, S.A.U",Badajoz,Castuera,279350.06,4289872.82,STR CASTUERA,45,0,No,0,0,0,279350.06,4289872.82
2173,R1-001,"i-DE REDES ELÉCTRICAS INTELIGENTES, S.A.U",Badajoz,Don Benito,251247.51,4316756.7,STR D.BENITO,13,0,No,16.1,0,0,251247.51,4316756.7
2174,R1-001,"i-DE REDES ELÉCTRICAS INTELIGENTES, S.A.U",Badajoz,Don Benito,251247.51,4316756.7,STR D.BENITO,45,0,No,9,0,0,251247.51,4316756.7
2175,R1-001,"i-DE REDES ELÉCTRICAS INTELIGENTES, S.A.U",Badajoz,Don Benito,251247.51,4316756.7,STR D.BENITO,13,0,No,11.31,0,0,251247.51,4316756.7
2176,R1-001,"i-DE REDES ELÉCTRICAS INTELIGENTES, S.A.U",Badajoz,Don Benito,251247.51,4316756.7,STR D.BENITO,45,0,No,0,0,0,251247.51,4316756.7
2177,R1-001,"i-DE REDES ELÉCTRICAS INTELIGENTES, S.A.U",Badajoz,Benquerencia de la Serena,294345.25,4282378.37,STR HELECHAL,20,0,No,8.89,0,0,294345.25,4282378.37
2178,R1-001,"i-DE REDES ELÉCTRICAS INTELIGENTES, S.A.U",Badajoz,Benquerencia de la Serena,294345.25,4282378.37,STR HELECHAL,45,0,No,0,0,0,294345.25,4282378.37
2179,R1-001,"i-DE REDES ELÉCTRICAS INTELIGENTES, S.A.U",Badajoz,"Coronada, La",267230.98,4311315.42,STR LA CORONADA,20,0,No,3.7,0,0,267230.98,4311315.42
2180,R1-001,"i-DE REDES ELÉCTRICAS INTELIGENTES, S.A.U",Badajoz,"Coronada, La",267230.98,4311315.42,STR LA CORONADA,45,0,No,0,0,0,267230.98,4311315.42
2181,R1-001,"i-DE REDES ELÉCTRICAS INTELIGENTES, S.A.U",Badajoz,"Roca de la Sierra, La",180321.94,4335557.15,STR LA ROCA,20,0,No,0.34,0,0,180321.94,4335557.15
2182,R1-001,"i-DE REDES ELÉCTRICAS INTELIGENTES, S.A.U",Badajoz,"Roca de la Sierra, La",180321.94,4335557.15,STR LA ROCA,45,0,No,0,0,0,180321.94,4335557.15
2183,R1-001,"i-DE REDES ELÉCTRICAS INTELIGENTES, S.A.U",Badajoz,"Roca de la Sierra, La",180321.94,4335557.15,STR LA ROCA,20,0,No,4.66,0,0,180321.94,4335557.15
2184,R1-001,"i-DE REDES ELÉCTRICAS INTELIGENTES, S.A.U",Badajoz,"Roca de la Sierra, La",180321.94,4335557.15,STR LA ROCA,45,0,No,0,0,0,180321.94,4335557.15
2185,R1-001,"i-DE REDES ELÉCTRICAS INTELIGENTES, S.A.U",Badajoz,Medellín,243174.19,4316039.9,STR MEDELLIN,13,0,No,2.21,0,0,243174.19,4316039.9
2186,R1-001,"i-DE REDES ELÉCTRICAS INTELIGENTES, S.A.U",Badajoz,Medellín,243174.19,4316039.9,STR MEDELLIN,45,0,No,0,0,0,243174.19,4316039.9
2187,R1-001,"i-DE REDES ELÉCTRICAS INTELIGENTES, S.A.U",Badajoz,Medellín,243174.19,4316039.9,STR MEDELLIN,13,0,No,0.27,0,0,243174.19,4316039.9
2188,R1-001,"i-DE REDES ELÉCTRICAS INTELIGENTES, S.A.U",Badajoz,Medellín,243174.19,4316039.9,STR MEDELLIN,45,0,No,0,0,0,243174.19,4316039.9
2189,R1-001,"i-DE REDES ELÉCTRICAS INTELIGENTES, S.A.U",Badajoz,San Vicente de Alcántara,145167.16,4366105.59,STR S. VICENTE ALCAN,20,0,No,5.37,0,0,145167.16,4366105.59
2190,R1-001,"i-DE REDES ELÉCTRICAS INTELIGENTES, S.A.U",Badajoz,San Vicente de Alcántara,145167.16,4366105.59,STR S. VICENTE ALCAN,45,0,No,8.8,0,1,145167.16,4366105.59
2191,R1-001,"i-DE REDES ELÉCTRICAS INTELIGENTES, S.A.U",Badajoz,Santa Amalia,239874.44,4322126.88,STR SANTA AMALIA,20,0,No,8.69,0,0,239874.44,4322126.88
2192,R1-001,"i-DE REDES ELÉCTRICAS INTELIGENTES, S.A.U",Badajoz,Santa Amalia,239874.44,4322126.88,STR SANTA AMALIA,45,0,No,0,0,0,239874.44,4322126.88
2193,R1-001,"i-DE REDES ELÉCTRICAS INTELIGENTES, S.A.U",Badajoz,Santa Amalia,239874.44,4322126.88,STR SANTA AMALIA,20,0,No,11.95,0,0,239874.44,4322126.88
2194,R1-001,"i-DE REDES ELÉCTRICAS INTELIGENTES, S.A.U",Badajoz,Santa Amalia,239874.44,4322126.88,STR SANTA AMALIA,45,0,No,0,0,0,239874.44,4322126.88
2195,R1-001,"i-DE REDES ELÉCTRICAS INTELIGENTES, S.A.U",Badajoz,Siruela,320842.64,4316541.36,STR SIRUELA,20,0,No,6.36,0,0,320842.64,4316541.36
2196,R1-001,"i-DE REDES ELÉCTRICAS INTELIGENTES, S.A.U",Badajoz,Siruela,320842.64,4316541.36,STR SIRUELA,45,0,No,0,0,0,320842.64,4316541.36
2197,R1-001,"i-DE REDES ELÉCTRICAS INTELIGENTES, S.A.U",Badajoz,Talarrubias,307016.39,4323967.6,STR TALARRUBIAS,20,0,No,4.04,0,0,307016.39,4323967.6
2198,R1-001,"i-DE REDES ELÉCTRICAS INTELIGENTES, S.A.U",Badajoz,Talarrubias,307016.39,4323967.6,STR TALARRUBIAS,45,0,No,0,0,0,307016.39,4323967.6
2199,R1-001,"i-DE REDES ELÉCTRICAS INTELIGENTES, S.A.U",Badajoz,Talarrubias,307016.39,4323967.6,STR TALARRUBIAS,20,0,No,6.8,0,0,307016.39,4323967.6
2200,R1-001,"i-DE REDES ELÉCTRICAS INTELIGENTES, S.A.U",Badajoz,Talarrubias,307016.39,4323967.6,STR TALARRUBIAS,45,0,No,0,0,0,307016.39,4323967.6
2201,R1-001,"i-DE REDES ELÉCTRICAS INTELIGENTES, S.A.U",Badajoz,Valdecaballeros,311087.44,4347040.13,STR VALDECABALLEROS,20,0,No,4.81,0,0,311087.44,4347040.13
2202,R1-001,"i-DE REDES ELÉCTRICAS INTELIGENTES, S.A.U",Badajoz,Valdecaballeros,311087.44,4347040.13,STR VALDECABALLEROS,45,0,No,0,0,0,311087.44,4347040.13
2203,R1-001,"i-DE REDES ELÉCTRICAS INTELIGENTES, S.A.U",Badajoz,Valdecaballeros,311087.44,4347040.13,STR VALDECABALLEROS,20,3.62,No,0.46,0,0,311087.44,4347040.13
2204,R1-001,"i-DE REDES ELÉCTRICAS INTELIGENTES, S.A.U",Badajoz,Valdecaballeros,311087.44,4347040.13,STR VALDECABALLEROS,45,4,No,0,0,0,311087.44,4347040.13
2205,R1-001,"i-DE REDES ELÉCTRICAS INTELIGENTES, S.A.U",Badajoz,Valdecaballeros,310421.35,4351144.73,STR VALDEFUENTES,45,0,No,0,0,0,310421.35,4351144.73
2206,R1-001,"i-DE REDES ELÉCTRICAS INTELIGENTES, S.A.U",Badajoz,Villanueva de la Serena,266793.68,4325018.82,STR VALDIVIA,20,0,No,12.8,0,0,266793.68,4325018.82
2207,R1-001,"i-DE REDES ELÉCTRICAS INTELIGENTES, S.A.U",Badajoz,Villanueva de la Serena,266793.68,4325018.82,STR VALDIVIA,45,0,No,0,0,0,266793.68,4325018.82
2208,R1-001,"i-DE REDES ELÉCTRICAS INTELIGENTES, S.A.U",Badajoz,Villanueva de la Serena,259515.32,4317014.53,STR VILLANUEVA,20,0,No,19.1,0,0,259515.32,4317014.53
2209,R1-001,"i-DE REDES ELÉCTRICAS INTELIGENTES, S.A.U",Badajoz,Villanueva de la Serena,259515.32,4317014.53,STR VILLANUEVA,45,0,No,0,0,0,259515.32,4317014.53
2210,R1-001,"i-DE REDES ELÉCTRICAS INTELIGENTES, S.A.U",Badajoz,Villanueva de la Serena,259515.32,4317014.53,STR VILLANUEVA,20,0,No,4.62,0,0,259515.32,4317014.53
2211,R1-001,"i-DE REDES ELÉCTRICAS INTELIGENTES, S.A.U",Badajoz,Villanueva de la Serena,259515.32,4317014.53,STR VILLANUEVA,45,0,No,0,0,0,259515.32,4317014.53
2212,R1-001,"i-DE REDES ELÉCTRICAS INTELIGENTES, S.A.U",Badajoz,Zalamea de la Serena,268544.03,4283787.86,STR ZALAMEA,20,0,No,11.75,0,0,268544.03,4283787.86
2213,R1-001,"i-DE REDES ELÉCTRICAS INTELIGENTES, S.A.U",Badajoz,Zalamea de la Serena,268544.03,4283787.86,STR ZALAMEA,45,0,No,0,0,0,268544.03,4283787.86
2214,R1-001,"i-DE REDES ELÉCTRICAS INTELIGENTES, S.A.U",Burgos,Aranda de Duero,443023.38,4616294.43,ST ARANDA DE DUERO,132,0,No,65.29,0,0,443023.38,4616294.43
2215,R1-001,"i-DE REDES ELÉCTRICAS INTELIGENTES, S.A.U",Burgos,Aranda de Duero,443023.38,4616294.43,ST ARANDA DE DUERO,45,0,No,17.53,0,0,443023.38,4616294.43
2216,R1-001,"i-DE REDES ELÉCTRICAS INTELIGENTES, S.A.U",Burgos,Aranda de Duero,443023.38,4616294.43,ST ARANDA DE DUERO,45,0,No,14.54,0,0,443023.38,4616294.43
2217,R1-001,"i-DE REDES ELÉCTRICAS INTELIGENTES, S.A.U",Burgos,Aranda de Duero,443023.38,4616294.43,ST ARANDA DE DUERO,13,0,No,6.75,0,0,443023.38,4616294.43
2218,R1-001,"i-DE REDES ELÉCTRICAS INTELIGENTES, S.A.U",Burgos,Aranda de Duero,443023.38,4616294.43,ST ARANDA DE DUERO,13,0,No,4.86,0,0,443023.38,4616294.43
2219,R1-001,"i-DE REDES ELÉCTRICAS INTELIGENTES, S.A.U",Burgos,Arauzo de Miel,466992.46,4634005.36,ST ARAUZO,132,0,No,0,0,0,466992.46,4634005.36
2220,R1-001,"i-DE REDES ELÉCTRICAS INTELIGENTES, S.A.U",Burgos,Arauzo de Miel,466992.46,4634005.36,ST ARAUZO,20,0,No,8.84,0,0,466992.46,4634005.36
2221,R1-001,"i-DE REDES ELÉCTRICAS INTELIGENTES, S.A.U",Burgos,Burgos,440279.81,4688557.37,ST BURGOS,132,0,No,0,0,0,440279.81,4688557.37
2222,R1-001,"i-DE REDES ELÉCTRICAS INTELIGENTES, S.A.U",Burgos,Burgos,440279.81,4688557.37,ST BURGOS,13,0,No,17.52,0,0,440279.81,4688557.37
2223,R1-001,"i-DE REDES ELÉCTRICAS INTELIGENTES, S.A.U",Burgos,Burgos,440279.81,4688557.37,ST BURGOS,13,0,No,31.66,0,0,440279.81,4688557.37
2224,R1-001,"i-DE REDES ELÉCTRICAS INTELIGENTES, S.A.U",Burgos,Burgos,440279.81,4688557.37,ST BURGOS,45,0,No,30.6,0,0,440279.81,4688557.37
2225,R1-001,"i-DE REDES ELÉCTRICAS INTELIGENTES, S.A.U",Burgos,Burgos,440279.81,4688557.37,ST BURGOS,45,0,No,21.54,0,0,440279.81,4688557.37
2226,R1-001,"i-DE REDES ELÉCTRICAS INTELIGENTES, S.A.U",Burgos,Valle de Tobalina,478553.64,4737038.81,ST CH QUINTANA,132,0,No,0,0,0,478553.64,4737038.81
2227,R1-001,"i-DE REDES ELÉCTRICAS INTELIGENTES, S.A.U",Burgos,Trespaderne,467595.92,4738188.77,ST CH TRESPADERNE,132,0,No,0,0,0,467595.92,4738188.77
2228,R1-001,"i-DE REDES ELÉCTRICAS INTELIGENTES, S.A.U",Burgos,Trespaderne,467595.92,4738188.77,ST CH TRESPADERNE,45,0,No,13.25,0,0,467595.92,4738188.77
2229,R1-001,"i-DE REDES ELÉCTRICAS INTELIGENTES, S.A.U",Burgos,Pinilla de los Barruecos,475488.08,4643510.51,ST GETE,132,0,No,0,0,0,475488.08,4643510.51
2230,R1-001,"i-DE REDES ELÉCTRICAS INTELIGENTES, S.A.U",Burgos,Mambrillas de Lara,456906.94,4663855.17,ST LA FUENTE,132,0,No,0,0,0,456906.94,4663855.17
2231,R1-001,"i-DE REDES ELÉCTRICAS INTELIGENTES, S.A.U",Burgos,Merindad de Valdivielso,447902.72,4744674.51,ST MAZORRA-VALDENOCE,45,0,No,0.1,0,0,447902.72,4744674.51
2232,R1-001,"i-DE REDES ELÉCTRICAS INTELIGENTES, S.A.U",Burgos,Miranda de Ebro,506454.09,4727043.22,ST MIRANDA,30,0,No,71.91,0,0,506454.09,4727043.22
2233,R1-001,"i-DE REDES ELÉCTRICAS INTELIGENTES, S.A.U",Burgos,Miranda de Ebro,506454.09,4727043.22,ST MIRANDA,30,0,No,72.66,0,0,506454.09,4727043.22
2234,R1-001,"i-DE REDES ELÉCTRICAS INTELIGENTES, S.A.U",Burgos,Miranda de Ebro,506454.09,4727043.22,ST MIRANDA,13,0,No,4.51,0,0,506454.09,4727043.22
2235,R1-001,"i-DE REDES ELÉCTRICAS INTELIGENTES, S.A.U",Burgos,Miranda de Ebro,506454.09,4727043.22,ST MIRANDA,13,0,No,0.22,0,0,506454.09,4727043.22
2236,R1-001,"i-DE REDES ELÉCTRICAS INTELIGENTES, S.A.U",Burgos,Miranda de Ebro,506454.09,4727043.22,ST MIRANDA,30,0,No,57.29,0,0,506454.09,4727043.22
2237,R1-001,"i-DE REDES ELÉCTRICAS INTELIGENTES, S.A.U",Burgos,Salas de los Infantes,477691.11,4650246.25,ST P. I. SALAS,45,0,No,15.28,0,0,477691.11,4650246.25
2238,R1-001,"i-DE REDES ELÉCTRICAS INTELIGENTES, S.A.U",Burgos,Salas de los Infantes,477691.11,4650246.25,ST P. I. SALAS,132,0,No,0,0,0,477691.11,4650246.25
2239,R1-001,"i-DE REDES ELÉCTRICAS INTELIGENTES, S.A.U",Burgos,Villalbilla de Burgos,435598.66,4687860.18,ST VILLALBILLA,132,0,No,39.63,0,0,435598.66,4687860.18
2240,R1-001,"i-DE REDES ELÉCTRICAS INTELIGENTES, S.A.U",Burgos,Burgos,441848.86,4692196.82,ST VILLATORO,13,0,No,22.29,0,0,441848.86,4692196.82
2241,R1-001,"i-DE REDES ELÉCTRICAS INTELIGENTES, S.A.U",Burgos,Burgos,441848.86,4692196.82,ST VILLATORO,13,0,No,21.68,0,0,441848.86,4692196.82
2242,R1-001,"i-DE REDES ELÉCTRICAS INTELIGENTES, S.A.U",Burgos,Burgos,441848.86,4692196.82,ST VILLATORO,45,0,No,55.7,0,0,441848.86,4692196.82
2243,R1-001,"i-DE REDES ELÉCTRICAS INTELIGENTES, S.A.U",Burgos,Burgos,446381.28,4691268.33,ST VILLIMAR,45,0,No,105.5,0,0,446381.28,4691268.33
2244,R1-001,"i-DE REDES ELÉCTRICAS INTELIGENTES, S.A.U",Burgos,Burgos,446381.28,4691268.33,ST VILLIMAR,45,0,No,30.2,0,0,446381.28,4691268.33
2245,R1-001,"i-DE REDES ELÉCTRICAS INTELIGENTES, S.A.U",Burgos,Burgos,446381.28,4691268.33,ST VILLIMAR,13,0,No,17.54,0,0,446381.28,4691268.33
2246,R1-001,"i-DE REDES ELÉCTRICAS INTELIGENTES, S.A.U",Burgos,Miranda de Ebro,505465.18,4725200.09,STR ANDUVA,13,0,No,5.27,0,0,505465.18,4725200.09
2247,R1-001,"i-DE REDES ELÉCTRICAS INTELIGENTES, S.A.U",Burgos,Miranda de Ebro,505465.18,4725200.09,STR ANDUVA,30,0,No,0,0,0,505465.18,4725200.09
2248,R1-001,"i-DE REDES ELÉCTRICAS INTELIGENTES, S.A.U",Burgos,Miranda de Ebro,505465.18,4725200.09,STR ANDUVA,13,0,No,3.11,0,0,505465.18,4725200.09
2249,R1-001,"i-DE REDES ELÉCTRICAS INTELIGENTES, S.A.U",Burgos,Miranda de Ebro,505465.18,4725200.09,STR ANDUVA,30,0,No,0,0,0,505465.18,4725200.09
2250,R1-001,"i-DE REDES ELÉCTRICAS INTELIGENTES, S.A.U",Burgos,Aranda de Duero,442007.91,4609954.28,STR ARANDA SUR,13,0,No,6.48,0,0,442007.91,4609954.28
2251,R1-001,"i-DE REDES ELÉCTRICAS INTELIGENTES, S.A.U",Burgos,Aranda de Duero,442007.91,4609954.28,STR ARANDA SUR,45,0,No,0,0,0,442007.91,4609954.28
2252,R1-001,"i-DE REDES ELÉCTRICAS INTELIGENTES, S.A.U",Burgos,Aranda de Duero,442007.91,4609954.28,STR ARANDA SUR,13,0,No,9.91,0,0,442007.91,4609954.28
2253,R1-001,"i-DE REDES ELÉCTRICAS INTELIGENTES, S.A.U",Burgos,Aranda de Duero,442007.91,4609954.28,STR ARANDA SUR,45,0,No,0,0,0,442007.91,4609954.28
2254,R1-001,"i-DE REDES ELÉCTRICAS INTELIGENTES, S.A.U",Burgos,Briviesca,473080.61,4711632.35,STR BRIVIESCA,13,0,No,7.88,0,0,473080.61,4711632.35
2255,R1-001,"i-DE REDES ELÉCTRICAS INTELIGENTES, S.A.U",Burgos,Briviesca,473080.61,4711632.35,STR BRIVIESCA,45,0,No,0,0,1,473080.61,4711632.35
2256,R1-001,"i-DE REDES ELÉCTRICAS INTELIGENTES, S.A.U",Burgos,Briviesca,473918,4712150.31,STR BRIVIESCA ESTE,13,0,No,3.94,0,0,473918,4712150.31
2257,R1-001,"i-DE REDES ELÉCTRICAS INTELIGENTES, S.A.U",Burgos,Briviesca,473918,4712150.31,STR BRIVIESCA ESTE,45,0,No,0,0,1,473918,4712150.31
2258,R1-001,"i-DE REDES ELÉCTRICAS INTELIGENTES, S.A.U",Burgos,Buniel,432670.14,4685450.53,STR BUNIEL,13,0,No,1.68,0,0,432670.14,4685450.53
2259,R1-001,"i-DE REDES ELÉCTRICAS INTELIGENTES, S.A.U",Burgos,Buniel,432670.14,4685450.53,STR BUNIEL,45,0,No,0,0,0,432670.14,4685450.53
2260,R1-001,"i-DE REDES ELÉCTRICAS INTELIGENTES, S.A.U",Burgos,Miranda de Ebro,502214.44,4727310.64,STR CABRIANA,13,0,No,4.12,0,0,502214.44,4727310.64
2261,R1-001,"i-DE REDES ELÉCTRICAS INTELIGENTES, S.A.U",Burgos,Miranda de Ebro,502214.44,4727310.64,STR CABRIANA,30,0,No,0,0,0,502214.44,4727310.64
2262,R1-001,"i-DE REDES ELÉCTRICAS INTELIGENTES, S.A.U",Burgos,Miranda de Ebro,502214.44,4727310.64,STR CABRIANA,13,0,No,7.12,0,0,502214.44,4727310.64
2263,R1-001,"i-DE REDES ELÉCTRICAS INTELIGENTES, S.A.U",Burgos,Miranda de Ebro,502214.44,4727310.64,STR CABRIANA,30,0,No,0,0,0,502214.44,4727310.64
2264,R1-001,"i-DE REDES ELÉCTRICAS INTELIGENTES, S.A.U",Burgos,Burgos,444514.52,4690168.47,STR CASA DE LA VEGA,45,0,No,0,0,0,444514.52,4690168.47
2265,R1-001,"i-DE REDES ELÉCTRICAS INTELIGENTES, S.A.U",Burgos,Burgos,444514.52,4690168.47,STR CASA DE LA VEGA,45,0,No,0,0,0,444514.52,4690168.47
2266,R1-001,"i-DE REDES ELÉCTRICAS INTELIGENTES, S.A.U",Burgos,Burgos,444514.52,4690168.47,STR CASA DE LA VEGA,13,0,No,15.72,0,0,444514.52,4690168.47
2267,R1-001,"i-DE REDES ELÉCTRICAS INTELIGENTES, S.A.U",Burgos,Burgos,444514.52,4690168.47,STR CASA DE LA VEGA,13,0,No,27.04,0,0,444514.52,4690168.47
2268,R1-001,"i-DE REDES ELÉCTRICAS INTELIGENTES, S.A.U",Burgos,Cerezo de Río Tirón,487811.62,4704082.99,STR CEREZO RIO TIRON,13,0,No,0,0,0,487811.62,4704082.99
2269,R1-001,"i-DE REDES ELÉCTRICAS INTELIGENTES, S.A.U",Burgos,Cerezo de Río Tirón,487811.62,4704082.99,STR CEREZO RIO TIRON,45,0,No,0,0,1,487811.62,4704082.99
2270,R1-001,"i-DE REDES ELÉCTRICAS INTELIGENTES, S.A.U",Burgos,Fuentecén,428270.86,4609078.37,STR FUENTECEN,20,0,No,4.46,0,0,428270.86,4609078.37
2271,R1-001,"i-DE REDES ELÉCTRICAS INTELIGENTES, S.A.U",Burgos,Fuentecén,428270.86,4609078.37,STR FUENTECEN,45,0,No,0,0,0,428270.86,4609078.37
2272,R1-001,"i-DE REDES ELÉCTRICAS INTELIGENTES, S.A.U",Burgos,Burgos,446213.67,4689139.56,STR GAMONAL,13,0,No,18.12,0,0,446213.67,4689139.56
2273,R1-001,"i-DE REDES ELÉCTRICAS INTELIGENTES, S.A.U",Burgos,Burgos,446213.67,4689139.56,STR GAMONAL,45,0,No,0,0,0,446213.67,4689139.56
2274,R1-001,"i-DE REDES ELÉCTRICAS INTELIGENTES, S.A.U",Burgos,Burgos,446213.67,4689139.56,STR GAMONAL,13,0,No,19.4,0,0,446213.67,4689139.56
2275,R1-001,"i-DE REDES ELÉCTRICAS INTELIGENTES, S.A.U",Burgos,Burgos,446213.67,4689139.56,STR GAMONAL,45,0,No,0,0,0,446213.67,4689139.56
2276,R1-001,"i-DE REDES ELÉCTRICAS INTELIGENTES, S.A.U",Burgos,Ibeas de Juarros,456426.13,4686656.93,STR IBEAS DE JUARROS,13,0,No,4.56,0,0,456426.13,4686656.93
2277,R1-001,"i-DE REDES ELÉCTRICAS INTELIGENTES, S.A.U",Burgos,Ibeas de Juarros,456426.13,4686656.93,STR IBEAS DE JUARROS,45,0,No,0,0,0,456426.13,4686656.93
2278,R1-001,"i-DE REDES ELÉCTRICAS INTELIGENTES, S.A.U",Burgos,"Vid y Barrios, La",458622.14,4609218.74,STR LA VID,13,0,No,2.42,0,0,458622.14,4609218.74
2279,R1-001,"i-DE REDES ELÉCTRICAS INTELIGENTES, S.A.U",Burgos,"Vid y Barrios, La",458622.14,4609218.74,STR LA VID,45,0,No,0,0,0,458622.14,4609218.74
2280,R1-001,"i-DE REDES ELÉCTRICAS INTELIGENTES, S.A.U",Burgos,Lerma,438048.43,4651875.5,STR LERMA,13,0,No,8.7,0,0,438048.43,4651875.5
2281,R1-001,"i-DE REDES ELÉCTRICAS INTELIGENTES, S.A.U",Burgos,Lerma,438048.43,4651875.5,STR LERMA,45,0,No,0,0,0,438048.43,4651875.5
2282,R1-001,"i-DE REDES ELÉCTRICAS INTELIGENTES, S.A.U",Burgos,Villarcayo de Merindad de Castilla la Vieja,453046.21,4752175.54,STR MERINDADES,13,0,No,2.42,0.46,0,453046.21,4752175.54
2283,R1-001,"i-DE REDES ELÉCTRICAS INTELIGENTES, S.A.U",Burgos,Villarcayo de Merindad de Castilla la Vieja,453046.21,4752175.54,STR MERINDADES,45,0,No,0,0,0,453046.21,4752175.54
2284,R1-001,"i-DE REDES ELÉCTRICAS INTELIGENTES, S.A.U",Burgos,Oquillas,441236.02,4630811.25,STR OQUILLAS,13,0,No,6.04,0,0,441236.02,4630811.25
2285,R1-001,"i-DE REDES ELÉCTRICAS INTELIGENTES, S.A.U",Burgos,Oquillas,441236.02,4630811.25,STR OQUILLAS,45,0,No,0,0,0,441236.02,4630811.25
2286,R1-001,"i-DE REDES ELÉCTRICAS INTELIGENTES, S.A.U",Burgos,Pancorbo,491775.54,4718747.64,STR PANCORBO,45,0,No,0,0,1,491775.54,4718747.64
2287,R1-001,"i-DE REDES ELÉCTRICAS INTELIGENTES, S.A.U",Burgos,Aranda de Duero,440363.73,4612377.57,STR PRADOMARINA,13,0,No,21.58,0,0,440363.73,4612377.57
2288,R1-001,"i-DE REDES ELÉCTRICAS INTELIGENTES, S.A.U",Burgos,Aranda de Duero,440363.73,4612377.57,STR PRADOMARINA,45,0,No,0,0,0,440363.73,4612377.57
2289,R1-001,"i-DE REDES ELÉCTRICAS INTELIGENTES, S.A.U",Burgos,Aranda de Duero,440363.73,4612377.57,STR PRADOMARINA,13,0,No,21.87,0,0,440363.73,4612377.57
2290,R1-001,"i-DE REDES ELÉCTRICAS INTELIGENTES, S.A.U",Burgos,Aranda de Duero,440363.73,4612377.57,STR PRADOMARINA,45,0,No,0,0,0,440363.73,4612377.57
2291,R1-001,"i-DE REDES ELÉCTRICAS INTELIGENTES, S.A.U",Burgos,Burgos,440790.6,4691620.24,STR QUINTANADUENAS,13,0,No,8.32,0,0,440790.6,4691620.24
2292,R1-001,"i-DE REDES ELÉCTRICAS INTELIGENTES, S.A.U",Burgos,Burgos,440790.6,4691620.24,STR QUINTANADUENAS,45,0,No,0,0,0,440790.6,4691620.24
2293,R1-001,"i-DE REDES ELÉCTRICAS INTELIGENTES, S.A.U",Burgos,Burgos,440790.6,4691620.24,STR QUINTANADUENAS,13,0,No,6.94,0,0,440790.6,4691620.24
2294,R1-001,"i-DE REDES ELÉCTRICAS INTELIGENTES, S.A.U",Burgos,Burgos,440790.6,4691620.24,STR QUINTANADUENAS,45,0,No,0,0,0,440790.6,4691620.24
2295,R1-001,"i-DE REDES ELÉCTRICAS INTELIGENTES, S.A.U",Burgos,Quintanapalla,456297.04,4695522.76,STR QUINTANAPALLA,13,0,No,1.27,0,0,456297.04,4695522.76
2296,R1-001,"i-DE REDES ELÉCTRICAS INTELIGENTES, S.A.U",Burgos,Quintanapalla,456297.04,4695522.76,STR QUINTANAPALLA,45,0,No,0,0,1,456297.04,4695522.76
2297,R1-001,"i-DE REDES ELÉCTRICAS INTELIGENTES, S.A.U",Burgos,Quintanar de la Sierra,496578.7,4646679.94,STR QUINTANAR SIERRA,13,0,No,2.72,0,0,496578.7,4646679.94
2298,R1-001,"i-DE REDES ELÉCTRICAS INTELIGENTES, S.A.U",Burgos,Quintanar de la Sierra,496578.7,4646679.94,STR QUINTANAR SIERRA,45,0,No,0,0,0,496578.7,4646679.94
2299,R1-001,"i-DE REDES ELÉCTRICAS INTELIGENTES, S.A.U",Burgos,Regumiel de la Sierra,500540,4644362.71,STR REGUMIEL SIERRA,13,0,No,0.1,0,0,500540,4644362.71
2300,R1-001,"i-DE REDES ELÉCTRICAS INTELIGENTES, S.A.U",Burgos,Regumiel de la Sierra,500540,4644362.71,STR REGUMIEL SIERRA,45,0,No,0,0,0,500540,4644362.71
2301,R1-001,"i-DE REDES ELÉCTRICAS INTELIGENTES, S.A.U",Burgos,Burgos,442737.21,4689184.54,STR RESIDENCIA SANIT,13,0,No,0,0,0,442737.21,4689184.54
2302,R1-001,"i-DE REDES ELÉCTRICAS INTELIGENTES, S.A.U",Burgos,Burgos,442737.21,4689184.54,STR RESIDENCIA SANIT,45,0,No,0,0,0,442737.21,4689184.54
2303,R1-001,"i-DE REDES ELÉCTRICAS INTELIGENTES, S.A.U",Burgos,Burgos,443850.25,4687355.71,STR RIVALAMORA,13,0,No,21.63,0,0,443850.25,4687355.71
2304,R1-001,"i-DE REDES ELÉCTRICAS INTELIGENTES, S.A.U",Burgos,Burgos,443850.25,4687355.71,STR RIVALAMORA,45,0,No,0,0,0,443850.25,4687355.71
2305,R1-001,"i-DE REDES ELÉCTRICAS INTELIGENTES, S.A.U",Burgos,Burgos,443850.25,4687355.71,STR RIVALAMORA,13,0,No,21.55,0,0,443850.25,4687355.71
2306,R1-001,"i-DE REDES ELÉCTRICAS INTELIGENTES, S.A.U",Burgos,Burgos,443850.25,4687355.71,STR RIVALAMORA,45,0,No,0,0,0,443850.25,4687355.71
2307,R1-001,"i-DE REDES ELÉCTRICAS INTELIGENTES, S.A.U",Burgos,Salas de los Infantes,477108.61,4651831.82,STR SALAS INFANTES,13,0,No,3.87,0,0,477108.61,4651831.82
2308,R1-001,"i-DE REDES ELÉCTRICAS INTELIGENTES, S.A.U",Burgos,Salas de los Infantes,477108.61,4651831.82,STR SALAS INFANTES,45,0,No,0,0,0,477108.61,4651831.82
2309,R1-001,"i-DE REDES ELÉCTRICAS INTELIGENTES, S.A.U",Burgos,Sarracín,441998.3,4677576.75,STR SARRACIN,13,0,No,12.69,0,0,441998.3,4677576.75
2310,R1-001,"i-DE REDES ELÉCTRICAS INTELIGENTES, S.A.U",Burgos,Sarracín,441998.3,4677576.75,STR SARRACIN,45,0,No,0,0,0,441998.3,4677576.75
2311,R1-001,"i-DE REDES ELÉCTRICAS INTELIGENTES, S.A.U",Burgos,Valle de Sedano,440018.71,4728749.38,STR SEDANO,13,0,No,0.69,0,0,440018.71,4728749.38
2312,R1-001,"i-DE REDES ELÉCTRICAS INTELIGENTES, S.A.U",Burgos,Valle de Sedano,440018.71,4728749.38,STR SEDANO,45,0,No,0,0,0,440018.71,4728749.38
2313,R1-001,"i-DE REDES ELÉCTRICAS INTELIGENTES, S.A.U",Burgos,Trespaderne,467620.75,4738333.88,STR TRESPADERNE,20,0,No,4.74,0,0,467620.75,4738333.88
2314,R1-001,"i-DE REDES ELÉCTRICAS INTELIGENTES, S.A.U",Burgos,Trespaderne,467620.75,4738333.88,STR TRESPADERNE,45,0,No,0,0,0,467620.75,4738333.88
2315,R1-001,"i-DE REDES ELÉCTRICAS INTELIGENTES, S.A.U",Burgos,Merindad de Río Ubierna,442393.62,4704609.2,STR UBIERNA,13,0,No,2.42,0,0,442393.62,4704609.2
2316,R1-001,"i-DE REDES ELÉCTRICAS INTELIGENTES, S.A.U",Burgos,Merindad de Río Ubierna,442393.62,4704609.2,STR UBIERNA,45,0,No,0,0,0,442393.62,4704609.2
2317,R1-001,"i-DE REDES ELÉCTRICAS INTELIGENTES, S.A.U",Burgos,Valdorros,441783.59,4668516.09,STR VALDORROS,13,0,No,10.67,0,0,441783.59,4668516.09
2318,R1-001,"i-DE REDES ELÉCTRICAS INTELIGENTES, S.A.U",Burgos,Valdorros,441783.59,4668516.09,STR VALDORROS,45,0,No,0,0,0,441783.59,4668516.09
2319,R1-001,"i-DE REDES ELÉCTRICAS INTELIGENTES, S.A.U",Burgos,Villafranca Montes de Oca,474933.68,4693520.48,STR VILLAFRANCA M OC,13,0,No,2.56,0,0,474933.68,4693520.48
2320,R1-001,"i-DE REDES ELÉCTRICAS INTELIGENTES, S.A.U",Burgos,Villafranca Montes de Oca,474933.68,4693520.48,STR VILLAFRANCA M OC,45,0,No,0,0,1,474933.68,4693520.48
2321,R1-001,"i-DE REDES ELÉCTRICAS INTELIGENTES, S.A.U",Burgos,Burgos,437293.47,4689783.02,STR VILLALONQUEJAR,13,0,No,10.93,0,0,437293.47,4689783.02
2322,R1-001,"i-DE REDES ELÉCTRICAS INTELIGENTES, S.A.U",Burgos,Burgos,437293.47,4689783.02,STR VILLALONQUEJAR,45,0,No,0,0,0,437293.47,4689783.02
2323,R1-001,"i-DE REDES ELÉCTRICAS INTELIGENTES, S.A.U",Burgos,Burgos,437293.47,4689783.02,STR VILLALONQUEJAR,13,0,No,6.3,0,0,437293.47,4689783.02
2324,R1-001,"i-DE REDES ELÉCTRICAS INTELIGENTES, S.A.U",Burgos,Burgos,437293.47,4689783.02,STR VILLALONQUEJAR,45,0,No,0,0,0,437293.47,4689783.02
2325,R1-001,"i-DE REDES ELÉCTRICAS INTELIGENTES, S.A.U",Burgos,Villaquirán de los Infantes,417286.83,4674415.02,STR VILLAQUIRAN,20,0,No,4.75,0,0,417286.83,4674415.02
2326,R1-001,"i-DE REDES ELÉCTRICAS INTELIGENTES, S.A.U",Burgos,Villaquirán de los Infantes,417286.83,4674415.02,STR VILLAQUIRAN,45,0,No,0,0,0,417286.83,4674415.02
2327,R1-001,"i-DE REDES ELÉCTRICAS INTELIGENTES, S.A.U",Burgos,Villarcayo de Merindad de Castilla la Vieja,452908.09,4753610.78,STR VILLARCAYO,13,0,No,4.65,0,0,452908.09,4753610.78
2328,R1-001,"i-DE REDES ELÉCTRICAS INTELIGENTES, S.A.U",Burgos,Villarcayo de Merindad de Castilla la Vieja,452908.09,4753610.78,STR VILLARCAYO,45,0,No,0,0,0,452908.09,4753610.78
2329,R1-001,"i-DE REDES ELÉCTRICAS INTELIGENTES, S.A.U",Burgos,Valle de Mena,476222.03,4771162.87,STR VILLASANA DE MEN,13,0,No,9.45,0,0,476222.03,4771162.87
2330,R1-001,"i-DE REDES ELÉCTRICAS INTELIGENTES, S.A.U",Burgos,Valle de Mena,476222.03,4771162.87,STR VILLASANA DE MEN,30,0,No,0,0,0,476222.03,4771162.87
2331,R1-001,"i-DE REDES ELÉCTRICAS INTELIGENTES, S.A.U",Cáceres,Cedillo,111230.38,4400276.75,CH CEDILLO,45,0,No,0,0,0,111230.38,4400276.75
2332,R1-001,"i-DE REDES ELÉCTRICAS INTELIGENTES, S.A.U",Cáceres,Cedillo,111230.38,4400276.75,CH CEDILLO,15,0,No,1.9,0,0,111230.38,4400276.75
2333,R1-001,"i-DE REDES ELÉCTRICAS INTELIGENTES, S.A.U",Cáceres,Abertura,259253.72,4344620.04,ST ABERTURA,132,0,No,0,0,1,259253.72,4344620.04
2334,R1-001,"i-DE REDES ELÉCTRICAS INTELIGENTES, S.A.U",Cáceres,Abertura,259253.72,4344620.04,ST ABERTURA,45,0,No,20.26,0,0,259253.72,4344620.04
2335,R1-001,"i-DE REDES ELÉCTRICAS INTELIGENTES, S.A.U",Cáceres,Abertura,259253.72,4344620.04,ST ABERTURA,45,0,No,0.51,0,0,259253.72,4344620.04
2336,R1-001,"i-DE REDES ELÉCTRICAS INTELIGENTES, S.A.U",Cáceres,Abertura,259253.72,4344620.04,ST ABERTURA,20,0,No,2.97,0,0,259253.72,4344620.04
2337,R1-001,"i-DE REDES ELÉCTRICAS INTELIGENTES, S.A.U",Cáceres,Almaraz,271790.7,4411298.65,ST ALMARAZ,132,0,No,55.3,0,0,271790.7,4411298.65
2338,R1-001,"i-DE REDES ELÉCTRICAS INTELIGENTES, S.A.U",Cáceres,Almaraz,271790.7,4411298.65,ST ALMARAZ,45,0,No,21.8,0,0,271790.7,4411298.65
2339,R1-001,"i-DE REDES ELÉCTRICAS INTELIGENTES, S.A.U",Cáceres,Almaraz,271790.7,4411298.65,ST ALMARAZ,20,0,No,10.1,0,0,271790.7,4411298.65
2340,R1-001,"i-DE REDES ELÉCTRICAS INTELIGENTES, S.A.U",Cáceres,Almaraz,271790.7,4411298.65,ST ALMARAZ,45,0,No,0,0,0,271790.7,4411298.65
2341,R1-001,"i-DE REDES ELÉCTRICAS INTELIGENTES, S.A.U",Cáceres,Almaraz,271790.7,4411298.65,ST ALMARAZ,20,0,No,6.2,0,0,271790.7,4411298.65
2342,R1-001,"i-DE REDES ELÉCTRICAS INTELIGENTES, S.A.U",Cáceres,Cáceres,211184.68,4375402.68,ST CACERES,13,0,No,14.63,0,0,211184.68,4375402.68
2343,R1-001,"i-DE REDES ELÉCTRICAS INTELIGENTES, S.A.U",Cáceres,Cáceres,211184.68,4375402.68,ST CACERES,13,0,No,21.8,0,0,211184.68,4375402.68
2344,R1-001,"i-DE REDES ELÉCTRICAS INTELIGENTES, S.A.U",Cáceres,Cáceres,211184.68,4375402.68,ST CACERES,45,0,No,29.2,0,1,211184.68,4375402.68
2345,R1-001,"i-DE REDES ELÉCTRICAS INTELIGENTES, S.A.U",Cáceres,Cáceres,211184.68,4375402.68,ST CACERES,45,0,No,36.5,0,1,211184.68,4375402.68
2346,R1-001,"i-DE REDES ELÉCTRICAS INTELIGENTES, S.A.U",Cáceres,Casatejada,269145.74,4428538.73,ST CASATEJADA,45,0,No,12.2,0,0,269145.74,4428538.73
2347,R1-001,"i-DE REDES ELÉCTRICAS INTELIGENTES, S.A.U",Cáceres,Casatejada,269145.74,4428538.73,ST CASATEJADA,45,0,No,49.21,0,0,269145.74,4428538.73
2348,R1-001,"i-DE REDES ELÉCTRICAS INTELIGENTES, S.A.U",Cáceres,Casatejada,269145.74,4428538.73,ST CASATEJADA,13,0,No,4.22,0,0,269145.74,4428538.73
2349,R1-001,"i-DE REDES ELÉCTRICAS INTELIGENTES, S.A.U",Cáceres,Alcántara,167797.65,4404382.86,ST CH JOSE MARIA ORIOL,45,26,No,5.16,0,0,167797.65,4404382.86
2350,R1-001,"i-DE REDES ELÉCTRICAS INTELIGENTES, S.A.U",Cáceres,Alcántara,167797.65,4404382.86,ST CH JOSE MARIA ORIOL,45,26,No,5.45,0,0,167797.65,4404382.86
2351,R1-001,"i-DE REDES ELÉCTRICAS INTELIGENTES, S.A.U",Cáceres,Valdeobispo,222914.12,4443711.56,ST CH VALDEOBISPO,45,0,No,3.05,0,0,222914.12,4443711.56
2352,R1-001,"i-DE REDES ELÉCTRICAS INTELIGENTES, S.A.U",Cáceres,Valdeobispo,222914.12,4443711.56,ST CH VALDEOBISPO,15,0,No,1.3,0,0,222914.12,4443711.56
2353,R1-001,"i-DE REDES ELÉCTRICAS INTELIGENTES, S.A.U",Cáceres,Valdeobispo,222914.12,4443711.56,ST CH VALDEOBISPO,45,0,No,1.52,0,0,222914.12,4443711.56
2354,R1-001,"i-DE REDES ELÉCTRICAS INTELIGENTES, S.A.U",Cáceres,Valdeobispo,222914.12,4443711.56,ST CH VALDEOBISPO,132,0,No,0,0,0,222914.12,4443711.56
2355,R1-001,"i-DE REDES ELÉCTRICAS INTELIGENTES, S.A.U",Cáceres,Hervás,252717.98,4461447.85,ST EL ROMA,132,0,No,20.16,0,0,252717.98,4461447.85
2356,R1-001,"i-DE REDES ELÉCTRICAS INTELIGENTES, S.A.U",Cáceres,Cáceres,205589.94,4378612.64,ST LOS ARENALES,45,0,No,5,0,1,205589.94,4378612.64
2357,R1-001,"i-DE REDES ELÉCTRICAS INTELIGENTES, S.A.U",Cáceres,Plasencia,235930.64,4434828.61,ST PLASENCIA,132,0,No,0,0,0,235930.64,4434828.61
2358,R1-001,"i-DE REDES ELÉCTRICAS INTELIGENTES, S.A.U",Cáceres,Plasencia,235930.64,4434828.61,ST PLASENCIA,45,0,No,2.81,0,0,235930.64,4434828.61
2359,R1-001,"i-DE REDES ELÉCTRICAS INTELIGENTES, S.A.U",Cáceres,Plasencia,235930.64,4434828.61,ST PLASENCIA,13,0,No,5.82,0,0,235930.64,4434828.61
2360,R1-001,"i-DE REDES ELÉCTRICAS INTELIGENTES, S.A.U",Cáceres,Plasencia,235930.64,4434828.61,ST PLASENCIA,13,0,No,13.05,0,0,235930.64,4434828.61
2361,R1-001,"i-DE REDES ELÉCTRICAS INTELIGENTES, S.A.U",Cáceres,Plasencia,235930.64,4434828.61,ST PLASENCIA,45,0,No,0,0,0,235930.64,4434828.61
2362,R1-001,"i-DE REDES ELÉCTRICAS INTELIGENTES, S.A.U",Cáceres,Trujillo,251322.55,4371202.48,ST TRUJILLO,132,0,No,70,0,1,251322.55,4371202.48
2363,R1-001,"i-DE REDES ELÉCTRICAS INTELIGENTES, S.A.U",Cáceres,Trujillo,251322.55,4371202.48,ST TRUJILLO,45,0,No,3.21,0,0,251322.55,4371202.48
2364,R1-001,"i-DE REDES ELÉCTRICAS INTELIGENTES, S.A.U",Cáceres,Trujillo,251322.55,4371202.48,ST TRUJILLO,45,0,No,25.26,0,0,251322.55,4371202.48
2365,R1-001,"i-DE REDES ELÉCTRICAS INTELIGENTES, S.A.U",Cáceres,Trujillo,251322.55,4371202.48,ST TRUJILLO,20,0,No,8.28,0,0,251322.55,4371202.48
2366,R1-001,"i-DE REDES ELÉCTRICAS INTELIGENTES, S.A.U",Cáceres,Trujillo,251322.55,4371202.48,ST TRUJILLO,20,0,No,5.63,0,0,251322.55,4371202.48
2367,R1-001,"i-DE REDES ELÉCTRICAS INTELIGENTES, S.A.U",Cáceres,Aliseda,181322.48,4370690.82,STR ALISEDA,20,0,No,1.32,0,0,181322.48,4370690.82
2368,R1-001,"i-DE REDES ELÉCTRICAS INTELIGENTES, S.A.U",Cáceres,Aliseda,181322.48,4370690.82,STR ALISEDA,45,0,No,0,0,1,181322.48,4370690.82
2369,R1-001,"i-DE REDES ELÉCTRICAS INTELIGENTES, S.A.U",Cáceres,Arroyo de la Luz,192784.57,4375522.06,STR ARROYO LUZ,20,0,No,6.76,0,0,192784.57,4375522.06
2370,R1-001,"i-DE REDES ELÉCTRICAS INTELIGENTES, S.A.U",Cáceres,Arroyo de la Luz,192784.57,4375522.06,STR ARROYO LUZ,45,0,No,0,0,1,192784.57,4375522.06
2371,R1-001,"i-DE REDES ELÉCTRICAS INTELIGENTES, S.A.U",Cáceres,Cáceres,207974.65,4372632.62,STR CACERES-2,13,0,No,40.12,0,0,207974.65,4372632.62
2372,R1-001,"i-DE REDES ELÉCTRICAS INTELIGENTES, S.A.U",Cáceres,Cáceres,207974.65,4372632.62,STR CACERES-2,45,0,No,0,0,1,207974.65,4372632.62
2373,R1-001,"i-DE REDES ELÉCTRICAS INTELIGENTES, S.A.U",Cáceres,Cáceres,207974.65,4372632.62,STR CACERES-2,13,0,No,23.87,0,0,207974.65,4372632.62
2374,R1-001,"i-DE REDES ELÉCTRICAS INTELIGENTES, S.A.U",Cáceres,Cáceres,207974.65,4372632.62,STR CACERES-2,45,0,No,0,0,1,207974.65,4372632.62
2375,R1-001,"i-DE REDES ELÉCTRICAS INTELIGENTES, S.A.U",Cáceres,Cáceres,209444.17,4374786.06,STR CACERES-3,13,0,No,5.62,0,0,209444.17,4374786.06
2376,R1-001,"i-DE REDES ELÉCTRICAS INTELIGENTES, S.A.U",Cáceres,Cáceres,209444.17,4374786.06,STR CACERES-3,45,0,No,0,0,1,209444.17,4374786.06
2377,R1-001,"i-DE REDES ELÉCTRICAS INTELIGENTES, S.A.U",Cáceres,Cáceres,209444.17,4374786.06,STR CACERES-3,13,0,No,5.92,0,0,209444.17,4374786.06
2378,R1-001,"i-DE REDES ELÉCTRICAS INTELIGENTES, S.A.U",Cáceres,Cáceres,209444.17,4374786.06,STR CACERES-3,45,0,No,0,0,1,209444.17,4374786.06
2379,R1-001,"i-DE REDES ELÉCTRICAS INTELIGENTES, S.A.U",Cáceres,Caminomorisco,220369.23,4469000.82,STR CAMINOMORISCO,20,0,No,6.6,0,0,220369.23,4469000.82
2380,R1-001,"i-DE REDES ELÉCTRICAS INTELIGENTES, S.A.U",Cáceres,Caminomorisco,220369.23,4469000.82,STR CAMINOMORISCO,45,0,No,0,0,0,220369.23,4469000.82
2381,R1-001,"i-DE REDES ELÉCTRICAS INTELIGENTES, S.A.U",Cáceres,Cañamero,293900.19,4360961.89,STR CANAMERO,20,0,No,5.88,0,0,293900.19,4360961.89
2382,R1-001,"i-DE REDES ELÉCTRICAS INTELIGENTES, S.A.U",Cáceres,Cañamero,293900.19,4360961.89,STR CANAMERO,45,0,No,0,0,0,293900.19,4360961.89
2383,R1-001,"i-DE REDES ELÉCTRICAS INTELIGENTES, S.A.U",Cáceres,Cáceres,205670.31,4376213.34,STR CAPELLANIAS,13,0,No,18.58,0,0,205670.31,4376213.34
2384,R1-001,"i-DE REDES ELÉCTRICAS INTELIGENTES, S.A.U",Cáceres,Cáceres,205670.31,4376213.34,STR CAPELLANIAS,45,0,No,0,0,1,205670.31,4376213.34
2385,R1-001,"i-DE REDES ELÉCTRICAS INTELIGENTES, S.A.U",Cáceres,Ceclavín,179339.62,4416045.34,STR CECLAVIN,45,3,No,0,0,0,179339.62,4416045.34
2386,R1-001,"i-DE REDES ELÉCTRICAS INTELIGENTES, S.A.U",Cáceres,Navalmoral de la Mata,285421.92,4420904.82,STR CERROCINCHO,20,0,No,3.29,0,0,285421.92,4420904.82
2387,R1-001,"i-DE REDES ELÉCTRICAS INTELIGENTES, S.A.U",Cáceres,Navalmoral de la Mata,285421.92,4420904.82,STR CERROCINCHO,45,0,No,30,0,1,285421.92,4420904.82
2388,R1-001,"i-DE REDES ELÉCTRICAS INTELIGENTES, S.A.U",Cáceres,Navalmoral de la Mata,285421.92,4420904.82,STR CERROCINCHO,20,0,No,17.55,0,0,285421.92,4420904.82
2389,R1-001,"i-DE REDES ELÉCTRICAS INTELIGENTES, S.A.U",Cáceres,Navalmoral de la Mata,285421.92,4420904.82,STR CERROCINCHO,45,0,No,30.42,0,1,285421.92,4420904.82
2390,R1-001,"i-DE REDES ELÉCTRICAS INTELIGENTES, S.A.U",Cáceres,Santibáñez el Alto,194961.95,4447816.4,STR CH BORBOLLON,20,0,No,7.91,0,0,194961.95,4447816.4
2391,R1-001,"i-DE REDES ELÉCTRICAS INTELIGENTES, S.A.U",Cáceres,Santibáñez el Alto,194961.95,4447816.4,STR CH BORBOLLON,45,0,No,0,0,0,194961.95,4447816.4
2392,R1-001,"i-DE REDES ELÉCTRICAS INTELIGENTES, S.A.U",Cáceres,Coria,197762.48,4431510.04,STR CORIA 1,13,0,No,3.62,0,0,197762.48,4431510.04
2393,R1-001,"i-DE REDES ELÉCTRICAS INTELIGENTES, S.A.U",Cáceres,Coria,197762.48,4431510.04,STR CORIA 1,45,0,No,7.77,0,0,197762.48,4431510.04
2394,R1-001,"i-DE REDES ELÉCTRICAS INTELIGENTES, S.A.U",Cáceres,Coria,197762.48,4431510.04,STR CORIA 1,13,0,No,17.87,0,0,197762.48,4431510.04
2395,R1-001,"i-DE REDES ELÉCTRICAS INTELIGENTES, S.A.U",Cáceres,Coria,197762.48,4431510.04,STR CORIA 1,45,0,No,0,0,0,197762.48,4431510.04
2396,R1-001,"i-DE REDES ELÉCTRICAS INTELIGENTES, S.A.U",Cáceres,Coria,199901.01,4429061.05,STR CORIA 2(CUCOTO),45,0,No,8.2,0,0,199901.01,4429061.05
2397,R1-001,"i-DE REDES ELÉCTRICAS INTELIGENTES, S.A.U",Cáceres,Alcántara,166817.21,4405919.19,STR EL CABEZO,15,1.1,No,5.57,0,0,166817.21,4405919.19
2398,R1-001,"i-DE REDES ELÉCTRICAS INTELIGENTES, S.A.U",Cáceres,Alcántara,166817.21,4405919.19,STR EL CABEZO,45,2,No,0,0,0,166817.21,4405919.19
2399,R1-001,"i-DE REDES ELÉCTRICAS INTELIGENTES, S.A.U",Cáceres,Alcántara,166817.21,4405919.19,STR EL CABEZO,15,1.09,No,0.3,0,0,166817.21,4405919.19
2400,R1-001,"i-DE REDES ELÉCTRICAS INTELIGENTES, S.A.U",Cáceres,Casar de Cáceres,204983.93,4383787.07,STR EL CASAR CACERES,13,0,No,0.44,0,0,204983.93,4383787.07
2401,R1-001,"i-DE REDES ELÉCTRICAS INTELIGENTES, S.A.U",Cáceres,Casar de Cáceres,204983.93,4383787.07,STR EL CASAR CACERES,45,0,No,0,0,1,204983.93,4383787.07
2402,R1-001,"i-DE REDES ELÉCTRICAS INTELIGENTES, S.A.U",Cáceres,Galisteo,219881.27,4429098.4,STR GALISTEO,13,0,No,6.34,0,0,219881.27,4429098.4
2403,R1-001,"i-DE REDES ELÉCTRICAS INTELIGENTES, S.A.U",Cáceres,Galisteo,219881.27,4429098.4,STR GALISTEO,45,0,No,0,0,0,219881.27,4429098.4
2404,R1-001,"i-DE REDES ELÉCTRICAS INTELIGENTES, S.A.U",Cáceres,Galisteo,219881.27,4429098.4,STR GALISTEO,20,0,No,0.06,0,0,219881.27,4429098.4
2405,R1-001,"i-DE REDES ELÉCTRICAS INTELIGENTES, S.A.U",Cáceres,Galisteo,219881.27,4429098.4,STR GALISTEO,45,0,No,0,0,0,219881.27,4429098.4
2406,R1-001,"i-DE REDES ELÉCTRICAS INTELIGENTES, S.A.U",Cáceres,Cáceres,213752.63,4374748.35,STR HOSPITAL DE CACERES,45,0,No,0.78,0,1,213752.63,4374748.35
2407,R1-001,"i-DE REDES ELÉCTRICAS INTELIGENTES, S.A.U",Cáceres,Jaraicejo,258371.88,4393792.4,STR JARAICEJO,20,0,No,10.05,0,0,258371.88,4393792.4
2408,R1-001,"i-DE REDES ELÉCTRICAS INTELIGENTES, S.A.U",Cáceres,Jaraicejo,258371.88,4393792.4,STR JARAICEJO,45,0,No,0,0,0,258371.88,4393792.4
2409,R1-001,"i-DE REDES ELÉCTRICAS INTELIGENTES, S.A.U",Cáceres,Jaraíz de la Vera,264893.32,4437479.46,STR JARAIZ DE LA VERA,20,0,No,5.3,0,0,264893.32,4437479.46
2410,R1-001,"i-DE REDES ELÉCTRICAS INTELIGENTES, S.A.U",Cáceres,Jaraíz de la Vera,264893.32,4437479.46,STR JARAIZ DE LA VERA,45,0,No,0,0,0,264893.32,4437479.46
2411,R1-001,"i-DE REDES ELÉCTRICAS INTELIGENTES, S.A.U",Cáceres,Jaraíz de la Vera,264893.32,4437479.46,STR JARAIZ DE LA VERA,20,0,No,3.41,0,0,264893.32,4437479.46
2412,R1-001,"i-DE REDES ELÉCTRICAS INTELIGENTES, S.A.U",Cáceres,Jaraíz de la Vera,264893.32,4437479.46,STR JARAIZ DE LA VERA,45,0,No,0,0,0,264893.32,4437479.46
2413,R1-001,"i-DE REDES ELÉCTRICAS INTELIGENTES, S.A.U",Cáceres,Logrosán,286016.97,4356510.11,STR LOGROSAN,20,0,No,1.4,0,0,286016.97,4356510.11
2414,R1-001,"i-DE REDES ELÉCTRICAS INTELIGENTES, S.A.U",Cáceres,Logrosán,286016.97,4356510.11,STR LOGROSAN,45,0,No,0,0,0,286016.97,4356510.11
2415,R1-001,"i-DE REDES ELÉCTRICAS INTELIGENTES, S.A.U",Cáceres,Madrigal de la Vera,298480.69,4445467.96,STR MADRIGAL VERA,20,0,No,1.99,0,0,298480.69,4445467.96
2416,R1-001,"i-DE REDES ELÉCTRICAS INTELIGENTES, S.A.U",Cáceres,Madrigal de la Vera,298480.69,4445467.96,STR MADRIGAL VERA,45,0,No,0,0,0,298480.69,4445467.96
2417,R1-001,"i-DE REDES ELÉCTRICAS INTELIGENTES, S.A.U",Cáceres,Madrigalejo,273736.25,4335008.38,STR MADRIGALEJO,20,0,No,8.66,0,0,273736.25,4335008.38
2418,R1-001,"i-DE REDES ELÉCTRICAS INTELIGENTES, S.A.U",Cáceres,Madrigalejo,273736.25,4335008.38,STR MADRIGALEJO,45,0,No,0,0,0,273736.25,4335008.38
2419,R1-001,"i-DE REDES ELÉCTRICAS INTELIGENTES, S.A.U",Cáceres,Malpartida de Cáceres,198276.22,4374144.87,STR MALPARTIDA,20,0,No,4.75,0,0,198276.22,4374144.87
2420,R1-001,"i-DE REDES ELÉCTRICAS INTELIGENTES, S.A.U",Cáceres,Malpartida de Cáceres,198276.22,4374144.87,STR MALPARTIDA,45,0,No,0,0,1,198276.22,4374144.87
2421,R1-001,"i-DE REDES ELÉCTRICAS INTELIGENTES, S.A.U",Cáceres,Membrío,151928.12,4382437.65,STR MEMBRIO,20,2.85,No,2.18,0,0,151928.12,4382437.65
2422,R1-001,"i-DE REDES ELÉCTRICAS INTELIGENTES, S.A.U",Cáceres,Membrío,151928.12,4382437.65,STR MEMBRIO,45,4,No,0,0,0,151928.12,4382437.65
2423,R1-001,"i-DE REDES ELÉCTRICAS INTELIGENTES, S.A.U",Cáceres,Escurial,249886.34,4338540.65,STR MIAJADAS,20,0,No,0.24,0,0,249886.34,4338540.65
2424,R1-001,"i-DE REDES ELÉCTRICAS INTELIGENTES, S.A.U",Cáceres,Escurial,249886.34,4338540.65,STR MIAJADAS,45,0,No,0,0,0,249886.34,4338540.65
2425,R1-001,"i-DE REDES ELÉCTRICAS INTELIGENTES, S.A.U",Cáceres,Montehermoso,213403.27,4443421.57,STR MONTEHERMOSO,20,0,No,4.26,0,0,213403.27,4443421.57
2426,R1-001,"i-DE REDES ELÉCTRICAS INTELIGENTES, S.A.U",Cáceres,Montehermoso,213403.27,4443421.57,STR MONTEHERMOSO,45,0,No,0,0,0,213403.27,4443421.57
2427,R1-001,"i-DE REDES ELÉCTRICAS INTELIGENTES, S.A.U",Cáceres,Montehermoso,213403.27,4443421.57,STR MONTEHERMOSO,20,0,No,3.66,0,0,213403.27,4443421.57
2428,R1-001,"i-DE REDES ELÉCTRICAS INTELIGENTES, S.A.U",Cáceres,Montehermoso,213403.27,4443421.57,STR MONTEHERMOSO,45,0,No,0,0,0,213403.27,4443421.57
2429,R1-001,"i-DE REDES ELÉCTRICAS INTELIGENTES, S.A.U",Cáceres,Moraleja,187063.81,4441949.78,STR MORALEJA,45,0,No,0,0,0,187063.81,4441949.78
2430,R1-001,"i-DE REDES ELÉCTRICAS INTELIGENTES, S.A.U",Cáceres,Moraleja,187063.81,4441949.78,STR MORALEJA,20,0,No,7.1,0,0,187063.81,4441949.78
2431,R1-001,"i-DE REDES ELÉCTRICAS INTELIGENTES, S.A.U",Cáceres,Moraleja,187063.81,4441949.78,STR MORALEJA,20,0,No,1.53,0,0,187063.81,4441949.78
2432,R1-001,"i-DE REDES ELÉCTRICAS INTELIGENTES, S.A.U",Cáceres,Navalmoral de la Mata,285304.16,4418683.66,STR NAVALMORAL MATA,45,0,No,0,0,0,285304.16,4418683.66
2433,R1-001,"i-DE REDES ELÉCTRICAS INTELIGENTES, S.A.U",Cáceres,Navalmoral de la Mata,285304.16,4418683.66,STR NAVALMORAL MATA,20,0,No,27.22,0,0,285304.16,4418683.66
2434,R1-001,"i-DE REDES ELÉCTRICAS INTELIGENTES, S.A.U",Cáceres,Navalmoral de la Mata,285304.16,4418683.66,STR NAVALMORAL MATA,20,0,No,22.02,0,0,285304.16,4418683.66
2435,R1-001,"i-DE REDES ELÉCTRICAS INTELIGENTES, S.A.U",Cáceres,Malpartida de Plasencia,251711.84,4426617.25,STR PANTANO GARGUERA,13,0,No,0.11,0,0,251711.84,4426617.25
2436,R1-001,"i-DE REDES ELÉCTRICAS INTELIGENTES, S.A.U",Cáceres,Malpartida de Plasencia,251711.84,4426617.25,STR PANTANO GARGUERA,45,0,No,0,0,0,251711.84,4426617.25
2437,R1-001,"i-DE REDES ELÉCTRICAS INTELIGENTES, S.A.U",Cáceres,Malpartida de Plasencia,251711.84,4426617.25,STR PANTANO GARGUERA,13,0,No,2.84,0,0,251711.84,4426617.25
2438,R1-001,"i-DE REDES ELÉCTRICAS INTELIGENTES, S.A.U",Cáceres,Malpartida de Plasencia,251711.84,4426617.25,STR PANTANO GARGUERA,45,0,No,0,0,0,251711.84,4426617.25
2439,R1-001,"i-DE REDES ELÉCTRICAS INTELIGENTES, S.A.U",Cáceres,Plasencia,234059.77,4432570.2,STR PLASENCIA IND,13,0,No,7.88,0,0,234059.77,4432570.2
2440,R1-001,"i-DE REDES ELÉCTRICAS INTELIGENTES, S.A.U",Cáceres,Plasencia,234059.77,4432570.2,STR PLASENCIA IND,13,0,No,2.85,0,0,234059.77,4432570.2
2441,R1-001,"i-DE REDES ELÉCTRICAS INTELIGENTES, S.A.U",Cáceres,Plasencia,234059.77,4432570.2,STR PLASENCIA IND,45,0,No,0,0,0,234059.77,4432570.2
2442,R1-001,"i-DE REDES ELÉCTRICAS INTELIGENTES, S.A.U",Cáceres,Plasencia,234059.77,4432570.2,STR PLASENCIA IND,45,0,No,0,0,0,234059.77,4432570.2
2443,R1-001,"i-DE REDES ELÉCTRICAS INTELIGENTES, S.A.U",Cáceres,Puerto de Santa Cruz,253564.77,4356742.45,STR PTO.STA.CRUZ,13,0,No,0.98,0,0,253564.77,4356742.45
2444,R1-001,"i-DE REDES ELÉCTRICAS INTELIGENTES, S.A.U",Cáceres,Puerto de Santa Cruz,253564.77,4356742.45,STR PTO.STA.CRUZ,45,0,No,0,0,0,253564.77,4356742.45
2445,R1-001,"i-DE REDES ELÉCTRICAS INTELIGENTES, S.A.U",Cáceres,Talayuela,276712.35,4433485.86,STR PUENTE CUATERNO,13,0,No,2.86,0,0,276712.35,4433485.86
2446,R1-001,"i-DE REDES ELÉCTRICAS INTELIGENTES, S.A.U",Cáceres,Talayuela,276712.35,4433485.86,STR PUENTE CUATERNO,45,0,No,0,0,0,276712.35,4433485.86
2447,R1-001,"i-DE REDES ELÉCTRICAS INTELIGENTES, S.A.U",Cáceres,Talayuela,276712.35,4433485.86,STR PUENTE CUATERNO,13,4,No,4.65,0,0,276712.35,4433485.86
2448,R1-001,"i-DE REDES ELÉCTRICAS INTELIGENTES, S.A.U",Cáceres,Talayuela,276712.35,4433485.86,STR PUENTE CUATERNO,45,4,No,0,0,0,276712.35,4433485.86
2449,R1-001,"i-DE REDES ELÉCTRICAS INTELIGENTES, S.A.U",Cáceres,Losar de la Vera,283712.5,4439679.2,STR ROBLEDO,20,0,No,5.96,0,0,283712.5,4439679.2
2450,R1-001,"i-DE REDES ELÉCTRICAS INTELIGENTES, S.A.U",Cáceres,Losar de la Vera,283712.5,4439679.2,STR ROBLEDO,45,0,No,0,0,0,283712.5,4439679.2
2451,R1-001,"i-DE REDES ELÉCTRICAS INTELIGENTES, S.A.U",Cáceres,Losar de la Vera,283712.5,4439679.2,STR ROBLEDO,20,0,No,3.97,0,0,283712.5,4439679.2
2452,R1-001,"i-DE REDES ELÉCTRICAS INTELIGENTES, S.A.U",Cáceres,Losar de la Vera,283712.5,4439679.2,STR ROBLEDO,45,0,No,0,0,0,283712.5,4439679.2
2453,R1-001,"i-DE REDES ELÉCTRICAS INTELIGENTES, S.A.U",Cáceres,Casatejada,271026.74,4417732.19,STR SAUCEDILLA,20,0,No,7.8,0,0,271026.74,4417732.19
2454,R1-001,"i-DE REDES ELÉCTRICAS INTELIGENTES, S.A.U",Cáceres,Casatejada,271026.74,4417732.19,STR SAUCEDILLA,45,0,No,0,0,0,271026.74,4417732.19
2455,R1-001,"i-DE REDES ELÉCTRICAS INTELIGENTES, S.A.U",Cáceres,Torre de Santa María,232149.08,4350291.18,STR TORRE STA. M,20,0,No,0.98,0,0,232149.08,4350291.18
2456,R1-001,"i-DE REDES ELÉCTRICAS INTELIGENTES, S.A.U",Cáceres,Torre de Santa María,232149.08,4350291.18,STR TORRE STA. M,45,0,No,0,0,0,232149.08,4350291.18
2457,R1-001,"i-DE REDES ELÉCTRICAS INTELIGENTES, S.A.U",Cáceres,Cáceres,212326.5,4375244.42,STR UNIVERSIDAD CC,45,0,No,0,0,1,212326.5,4375244.42
2458,R1-001,"i-DE REDES ELÉCTRICAS INTELIGENTES, S.A.U",Cáceres,Cáceres,212326.5,4375244.42,STR UNIVERSIDAD CC,13,0,No,9.46,0,0,212326.5,4375244.42
2459,R1-001,"i-DE REDES ELÉCTRICAS INTELIGENTES, S.A.U",Cáceres,Cáceres,212326.5,4375244.42,STR UNIVERSIDAD CC,13,0,No,0,0,0,212326.5,4375244.42
2460,R1-001,"i-DE REDES ELÉCTRICAS INTELIGENTES, S.A.U",Cáceres,Plasencia,236843.9,4437524.03,STR VALCORCHERO,13,0,No,6.75,0,0,236843.9,4437524.03
2461,R1-001,"i-DE REDES ELÉCTRICAS INTELIGENTES, S.A.U",Cáceres,Plasencia,236843.9,4437524.03,STR VALCORCHERO,45,0,No,0,0,0,236843.9,4437524.03
2462,R1-001,"i-DE REDES ELÉCTRICAS INTELIGENTES, S.A.U",Cáceres,Plasencia,236843.9,4437524.03,STR VALCORCHERO,13,0,No,9.99,0,0,236843.9,4437524.03
2463,R1-001,"i-DE REDES ELÉCTRICAS INTELIGENTES, S.A.U",Cáceres,Plasencia,236843.9,4437524.03,STR VALCORCHERO,45,0,No,0,0,0,236843.9,4437524.03
2464,R1-001,"i-DE REDES ELÉCTRICAS INTELIGENTES, S.A.U",Cáceres,Valencia de Alcántara,136034.84,4371552.57,STR VALENCIA ALCANTA,20,0,No,3.09,0,0,136034.84,4371552.57
2465,R1-001,"i-DE REDES ELÉCTRICAS INTELIGENTES, S.A.U",Cáceres,Valencia de Alcántara,136034.84,4371552.57,STR VALENCIA ALCANTA,45,0,No,0,0,1,136034.84,4371552.57
2466,R1-001,"i-DE REDES ELÉCTRICAS INTELIGENTES, S.A.U",Castellón/Castelló,Vilanova d'Alcolea,760617.49,4455944.88,ST AEROP.CAST (BENI),132,0,No,0,0,1,760617.49,4455944.88
2467,R1-001,"i-DE REDES ELÉCTRICAS INTELIGENTES, S.A.U",Castellón/Castelló,Vilanova d'Alcolea,760617.49,4455944.88,ST AEROP.CAST (BENI),20,0,No,12.33,0,0,760617.49,4455944.88
2468,R1-001,"i-DE REDES ELÉCTRICAS INTELIGENTES, S.A.U",Castellón/Castelló,Betxí,741150.24,4423609.44,ST BECHI (NULE),66,0,No,49.54,0,1,741150.24,4423609.44
2469,R1-001,"i-DE REDES ELÉCTRICAS INTELIGENTES, S.A.U",Castellón/Castelló,Betxí,741150.24,4423609.44,ST BECHI (NULE),20,0,No,90.05,0,0,741150.24,4423609.44
2470,R1-001,"i-DE REDES ELÉCTRICAS INTELIGENTES, S.A.U",Castellón/Castelló,Betxí,741150.24,4423609.44,ST BECHI (NULE),20,0,No,89.59,0,0,741150.24,4423609.44
2471,R1-001,"i-DE REDES ELÉCTRICAS INTELIGENTES, S.A.U",Castellón/Castelló,"Vall d'Uixó, la",737932.85,4408526.98,ST BELCAIRE (NULE),20,0,No,100.9,0,0,737932.85,4408526.98
2472,R1-001,"i-DE REDES ELÉCTRICAS INTELIGENTES, S.A.U",Castellón/Castelló,Castelló de la Plana,748717.7,4432230.8,ST BENADRESA (CAST),20,0,No,73.01,0,0,748717.7,4432230.8
2473,R1-001,"i-DE REDES ELÉCTRICAS INTELIGENTES, S.A.U",Castellón/Castelló,Benicarló,788665.13,4481233.84,ST BENICARLO (BENI),132,0,No,0,0,1,788665.13,4481233.84
2474,R1-001,"i-DE REDES ELÉCTRICAS INTELIGENTES, S.A.U",Castellón/Castelló,Benicarló,788665.13,4481233.84,ST BENICARLO (BENI),66,0,No,43,0,0,788665.13,4481233.84
2475,R1-001,"i-DE REDES ELÉCTRICAS INTELIGENTES, S.A.U",Castellón/Castelló,Benicarló,788665.13,4481233.84,ST BENICARLO (BENI),20,0,No,103.27,0,0,788665.13,4481233.84
2476,R1-001,"i-DE REDES ELÉCTRICAS INTELIGENTES, S.A.U",Castellón/Castelló,Benicarló,788665.13,4481233.84,ST BENICARLO (BENI),20,0,No,67.32,0,0,788665.13,4481233.84
2477,R1-001,"i-DE REDES ELÉCTRICAS INTELIGENTES, S.A.U",Castellón/Castelló,Benicàssim/Benicasim,762015.08,4439038.28,ST BENICASIM (CAST),132,0,No,0,0,1,762015.08,4439038.28
2478,R1-001,"i-DE REDES ELÉCTRICAS INTELIGENTES, S.A.U",Castellón/Castelló,Benicàssim/Benicasim,762015.08,4439038.28,ST BENICASIM (CAST),20,0,No,48.16,0,0,762015.08,4439038.28
2479,R1-001,"i-DE REDES ELÉCTRICAS INTELIGENTES, S.A.U",Castellón/Castelló,Castelló de la Plana,754893.4,4429623.53,ST CASTE.INGEN(CAST),132,0,No,0.25,0,1,754893.4,4429623.53
2480,R1-001,"i-DE REDES ELÉCTRICAS INTELIGENTES, S.A.U",Castellón/Castelló,Castelló de la Plana,754893.4,4429623.53,ST CASTE.INGEN(CAST),66,0,No,45.22,0,0,754893.4,4429623.53
2481,R1-001,"i-DE REDES ELÉCTRICAS INTELIGENTES, S.A.U",Castellón/Castelló,Castelló de la Plana,754893.4,4429623.53,ST CASTE.INGEN(CAST),20,0,No,65.03,0,0,754893.4,4429623.53
2482,R1-001,"i-DE REDES ELÉCTRICAS INTELIGENTES, S.A.U",Castellón/Castelló,Castelló de la Plana,754893.4,4429623.53,ST CASTE.INGEN(CAST),20,0,No,92.46,0,0,754893.4,4429623.53
2483,R1-001,"i-DE REDES ELÉCTRICAS INTELIGENTES, S.A.U",Castellón/Castelló,Cirat,717532.36,4437376.96,ST CH CIRAT (NULE),132,0,No,0,0,0,717532.36,4437376.96
2484,R1-001,"i-DE REDES ELÉCTRICAS INTELIGENTES, S.A.U",Castellón/Castelló,Cirat,717532.36,4437376.96,ST CH CIRAT (NULE),66,0,No,0,0,0,717532.36,4437376.96
2485,R1-001,"i-DE REDES ELÉCTRICAS INTELIGENTES, S.A.U",Castellón/Castelló,Cirat,717532.36,4437376.96,ST CH CIRAT (NULE),20,0,No,3.5,0,0,717532.36,4437376.96
2486,R1-001,"i-DE REDES ELÉCTRICAS INTELIGENTES, S.A.U",Castellón/Castelló,Vallat,727776.26,4434400.52,ST CH VALLAT (NULE),132,0,No,0,0,0,727776.26,4434400.52
2487,R1-001,"i-DE REDES ELÉCTRICAS INTELIGENTES, S.A.U",Castellón/Castelló,Onda,739983.41,4433012.87,ST CORR.CUERVO(NULE),132,0,No,0,0,0,739983.41,4433012.87
2488,R1-001,"i-DE REDES ELÉCTRICAS INTELIGENTES, S.A.U",Castellón/Castelló,Onda,739983.41,4433012.87,ST CORR.CUERVO(NULE),66,0,No,0,0,0,739983.41,4433012.87
2489,R1-001,"i-DE REDES ELÉCTRICAS INTELIGENTES, S.A.U",Castellón/Castelló,Onda,739983.41,4433012.87,ST CORR.CUERVO(NULE),20,0,No,16.97,2.28,0,739983.41,4433012.87
2490,R1-001,"i-DE REDES ELÉCTRICAS INTELIGENTES, S.A.U",Castellón/Castelló,Castelló de la Plana,755874.07,4427418.54,ST EL SERRALLO(CAST),66,0,No,137.74,0,0,755874.07,4427418.54
2491,R1-001,"i-DE REDES ELÉCTRICAS INTELIGENTES, S.A.U",Castellón/Castelló,Sant Joan de Moró,744995.65,4438145.53,ST JUAN DEMORO(CAST),132,0,No,105,0,1,744995.65,4438145.53
2492,R1-001,"i-DE REDES ELÉCTRICAS INTELIGENTES, S.A.U",Castellón/Castelló,Sant Joan de Moró,744995.65,4438145.53,ST JUAN DEMORO(CAST),20,0,No,21.77,0,0,744995.65,4438145.53
2493,R1-001,"i-DE REDES ELÉCTRICAS INTELIGENTES, S.A.U",Castellón/Castelló,Almassora,747967.61,4428114.14,ST LA PLANA (CAST),132,0,No,157.79,0,1,747967.61,4428114.14
2494,R1-001,"i-DE REDES ELÉCTRICAS INTELIGENTES, S.A.U",Castellón/Castelló,Almassora,747967.61,4428114.14,ST LA PLANA (CAST),20,0,No,42.75,0,0,747967.61,4428114.14
2495,R1-001,"i-DE REDES ELÉCTRICAS INTELIGENTES, S.A.U",Castellón/Castelló,Almassora,747967.61,4428114.14,ST LA PLANA (CAST),20,0,No,41.19,0,0,747967.61,4428114.14
2496,R1-001,"i-DE REDES ELÉCTRICAS INTELIGENTES, S.A.U",Castellón/Castelló,Almassora,747967.61,4428114.14,ST LA PLANA (CAST),20,0,No,55.75,0,0,747967.61,4428114.14
2497,R1-001,"i-DE REDES ELÉCTRICAS INTELIGENTES, S.A.U",Castellón/Castelló,Onda,736490.47,4428709.06,STR ONDA (NULE),66,0,No,12.05,0,0,736490.47,4428709.06
2498,R1-001,"i-DE REDES ELÉCTRICAS INTELIGENTES, S.A.U",Castellón/Castelló,Onda,736490.47,4428709.06,STR ONDA (NULE),20,0,No,13.3,0,0,736490.47,4428709.06
2499,R1-001,"i-DE REDES ELÉCTRICAS INTELIGENTES, S.A.U",Castellón/Castelló,Onda,736490.47,4428709.06,STR ONDA (NULE),20,0,No,20.69,0,0,736490.47,4428709.06
2500,R1-001,"i-DE REDES ELÉCTRICAS INTELIGENTES, S.A.U",Castellón/Castelló,Onda,736490.47,4428709.06,STR ONDA (NULE),20,0,No,12.89,0,0,736490.47,4428709.06
2501,R1-001,"i-DE REDES ELÉCTRICAS INTELIGENTES, S.A.U",Murcia,Archena,649628.96,4220007.9,ST ARCHENA,20,0,No,42.24,0,0,649628.96,4220007.9
2502,R1-001,"i-DE REDES ELÉCTRICAS INTELIGENTES, S.A.U",Murcia,Archena,649628.96,4220007.9,ST ARCHENA,20,0,No,40.21,0,0,649628.96,4220007.9
2503,R1-001,"i-DE REDES ELÉCTRICAS INTELIGENTES, S.A.U",Murcia,Murcia,646749.62,4203122.44,ST CANADA HERMOSA,132,0,No,86.6,0,1,646749.62,4203122.44
2504,R1-001,"i-DE REDES ELÉCTRICAS INTELIGENTES, S.A.U",Murcia,Torre-Pacheco,673681.73,4178282.71,ST CANAL FUENTE ALAMO,132,0,No,0,0,1,673681.73,4178282.71
2505,R1-001,"i-DE REDES ELÉCTRICAS INTELIGENTES, S.A.U",Murcia,Lorca,613235.15,4144145.4,ST CARRIL,132,43.71,No,3.68,0,0,613235.15,4144145.4
2506,R1-001,"i-DE REDES ELÉCTRICAS INTELIGENTES, S.A.U",Murcia,Cieza,626155.61,4233083.53,ST CH ALMADENES,132,0,No,0,0,1,626155.61,4233083.53
2507,R1-001,"i-DE REDES ELÉCTRICAS INTELIGENTES, S.A.U",Murcia,Cieza,626155.61,4233083.53,ST CH ALMADENES,20,0,No,4.7,0,0,626155.61,4233083.53
2508,R1-001,"i-DE REDES ELÉCTRICAS INTELIGENTES, S.A.U",Murcia,Cieza,639325.26,4234523.04,ST CIEZA,132,0,No,0,0,1,639325.26,4234523.04
2509,R1-001,"i-DE REDES ELÉCTRICAS INTELIGENTES, S.A.U",Murcia,Cieza,639325.26,4234523.04,ST CIEZA,20,0,No,9.9,0,0,639325.26,4234523.04
2510,R1-001,"i-DE REDES ELÉCTRICAS INTELIGENTES, S.A.U",Murcia,Cieza,639325.26,4234523.04,ST CIEZA,20,0,No,34.44,0,0,639325.26,4234523.04
2511,R1-001,"i-DE REDES ELÉCTRICAS INTELIGENTES, S.A.U",Murcia,Murcia,662538,4213827.19,ST CONDOMINA,132,0,No,0.35,0,1,662538,4213827.19
2512,R1-001,"i-DE REDES ELÉCTRICAS INTELIGENTES, S.A.U",Murcia,Murcia,662538,4213827.19,ST CONDOMINA,20,0,No,60.83,0,0,662538,4213827.19
2513,R1-001,"i-DE REDES ELÉCTRICAS INTELIGENTES, S.A.U",Murcia,Murcia,662538,4213827.19,ST CONDOMINA,20,0,No,51.32,0,0,662538,4213827.19
2514,R1-001,"i-DE REDES ELÉCTRICAS INTELIGENTES, S.A.U",Murcia,Murcia,662538,4213827.19,ST CONDOMINA,20,0,No,80.64,0,0,662538,4213827.19
2515,R1-001,"i-DE REDES ELÉCTRICAS INTELIGENTES, S.A.U",Murcia,Murcia,664267.36,4191209.31,3742,132,0,No,0,0,0,664267.36,4191209.31
2516,R1-001,"i-DE REDES ELÉCTRICAS INTELIGENTES, S.A.U",Murcia,Lorca,630374.2,4170546.48,ST EL HINOJAR,132,0,No,0,0,1,630374.2,4170546.48
2517,R1-001,"i-DE REDES ELÉCTRICAS INTELIGENTES, S.A.U",Murcia,Murcia,659497.45,4200156.69,ST EL PALMAR,132,0,No,77.35,50,1,659497.45,4200156.69
2518,R1-001,"i-DE REDES ELÉCTRICAS INTELIGENTES, S.A.U",Murcia,Murcia,659497.45,4200156.69,ST EL PALMAR,20,0,No,50.24,0,0,659497.45,4200156.69
2519,R1-001,"i-DE REDES ELÉCTRICAS INTELIGENTES, S.A.U",Murcia,Murcia,659497.45,4200156.69,ST EL PALMAR,20,0,No,80.73,0,0,659497.45,4200156.69
2520,R1-001,"i-DE REDES ELÉCTRICAS INTELIGENTES, S.A.U",Murcia,Murcia,659497.45,4200156.69,ST EL PALMAR,20,0,No,41.57,0,0,659497.45,4200156.69
2521,R1-001,"i-DE REDES ELÉCTRICAS INTELIGENTES, S.A.U",Murcia,Alhama de Murcia,640553.47,4190818.9,ST EL POZO,132,0,No,35.25,0,1,640553.47,4190818.9
2522,R1-001,"i-DE REDES ELÉCTRICAS INTELIGENTES, S.A.U",Murcia,Murcia,663231.39,4189990.77,ST ELECTRA CORVERA 1,132,0,No,40.85,0,1,663231.39,4189990.77
2523,R1-001,"i-DE REDES ELÉCTRICAS INTELIGENTES, S.A.U",Murcia,Murcia,661704.72,4209261.55,ST ESPINARDO,132,0,No,246.63,0,1,661704.72,4209261.55
2524,R1-001,"i-DE REDES ELÉCTRICAS INTELIGENTES, S.A.U",Murcia,Murcia,661704.72,4209261.55,ST ESPINARDO,66,0,No,0,0,0,661704.72,4209261.55
2525,R1-001,"i-DE REDES ELÉCTRICAS INTELIGENTES, S.A.U",Murcia,Murcia,661704.72,4209261.55,ST ESPINARDO,20,0,No,56.86,0,0,661704.72,4209261.55
2526,R1-001,"i-DE REDES ELÉCTRICAS INTELIGENTES, S.A.U",Murcia,Murcia,661704.72,4209261.55,ST ESPINARDO,20,0,No,32.39,0,0,661704.72,4209261.55
2527,R1-001,"i-DE REDES ELÉCTRICAS INTELIGENTES, S.A.U",Murcia,Murcia,661704.72,4209261.55,ST ESPINARDO,20,0,No,31.2,0,0,661704.72,4209261.55
2528,R1-001,"i-DE REDES ELÉCTRICAS INTELIGENTES, S.A.U",Murcia,Cartagena,681098.84,4159472.61,ST FAUSITA,132,0,No,220.15,0,1,681098.84,4159472.61
2529,R1-001,"i-DE REDES ELÉCTRICAS INTELIGENTES, S.A.U",Murcia,Cartagena,681098.84,4159472.61,ST FAUSITA,66,0,No,23,0,1,681098.84,4159472.61
2530,R1-001,"i-DE REDES ELÉCTRICAS INTELIGENTES, S.A.U",Murcia,Cartagena,681098.84,4159472.61,ST FAUSITA,20,0,No,12.46,0,0,681098.84,4159472.61
2531,R1-001,"i-DE REDES ELÉCTRICAS INTELIGENTES, S.A.U",Murcia,Cartagena,681098.84,4159472.61,ST FAUSITA,20,0,No,11.56,0,0,681098.84,4159472.61
2532,R1-001,"i-DE REDES ELÉCTRICAS INTELIGENTES, S.A.U",Murcia,Lorca,613503.29,4169456.2,ST HIPICA,132,0,No,5.3,0,0,613503.29,4169456.2
2533,R1-001,"i-DE REDES ELÉCTRICAS INTELIGENTES, S.A.U",Murcia,Lorca,613503.29,4169456.2,ST HIPICA,66,0,No,0,0,0,613503.29,4169456.2
2534,R1-001,"i-DE REDES ELÉCTRICAS INTELIGENTES, S.A.U",Murcia,Lorca,613503.29,4169456.2,ST HIPICA,20,0,No,70.08,0,0,613503.29,4169456.2
2535,R1-001,"i-DE REDES ELÉCTRICAS INTELIGENTES, S.A.U",Murcia,Lorca,613503.29,4169456.2,ST HIPICA,20,0,No,58.61,0,0,613503.29,4169456.2
2536,R1-017,MAESTRAZGO DISTRIBUCION ELECTRICA SL,Castellón/Castelló,Morella,748483.12,4506272.12,S.E. TORREMIRÓ,30,2.55,No,0.28,0,0,748483.12,4506272.12
2537,R1-001,"i-DE REDES ELÉCTRICAS INTELIGENTES, S.A.U",Murcia,Lorca,613503.29,4169456.2,ST HIPICA,20,0,No,67.09,0,0,613503.29,4169456.2
2538,R1-001,"i-DE REDES ELÉCTRICAS INTELIGENTES, S.A.U",Murcia,"Alcázares, Los",687285.81,4179261.14,ST HOYAMORENA,20,0,No,20.9,0,0,687285.81,4179261.14
2539,R1-001,"i-DE REDES ELÉCTRICAS INTELIGENTES, S.A.U",Murcia,"Alcázares, Los",687285.81,4179261.14,ST HOYAMORENA,20,0,No,168.25,0,0,687285.81,4179261.14
2540,R1-001,"i-DE REDES ELÉCTRICAS INTELIGENTES, S.A.U",Murcia,"Alcázares, Los",687285.81,4179261.14,ST HOYAMORENA,66,0,No,0.4,0,1,687285.81,4179261.14
2541,R1-001,"i-DE REDES ELÉCTRICAS INTELIGENTES, S.A.U",Murcia,Jumilla,645747.45,4258560.79,ST JUMILLA,132,0,No,3.53,0,1,645747.45,4258560.79
2542,R1-001,"i-DE REDES ELÉCTRICAS INTELIGENTES, S.A.U",Murcia,Jumilla,645747.45,4258560.79,ST JUMILLA,20,0,No,9.3,0,0,645747.45,4258560.79
2543,R1-001,"i-DE REDES ELÉCTRICAS INTELIGENTES, S.A.U",Salamanca,"Fuente de San Esteban, La",226565.54,4520322.57,STR FUENTE S ESTEBAN,13,0,No,4.45,0,0,226565.54,4520322.57
2544,R1-001,"i-DE REDES ELÉCTRICAS INTELIGENTES, S.A.U",Murcia,Jumilla,645747.45,4258560.79,ST JUMILLA,20,0,No,20.32,0,0,645747.45,4258560.79
2545,R1-001,"i-DE REDES ELÉCTRICAS INTELIGENTES, S.A.U",Murcia,Cartagena,667930.17,4174758.95,ST LA ALJORRA,132,34.72,No,13.8,0,0,667930.17,4174758.95
2546,R1-001,"i-DE REDES ELÉCTRICAS INTELIGENTES, S.A.U",Murcia,Cartagena,679903.17,4167145.12,ST LA ASOMADA,132,36.64,No,10.55,0,0,679903.17,4167145.12
2547,R1-001,"i-DE REDES ELÉCTRICAS INTELIGENTES, S.A.U",Murcia,Cartagena,679903.17,4167145.12,ST LA ASOMADA,66,0,No,20,0,0,679903.17,4167145.12
2548,R1-001,"i-DE REDES ELÉCTRICAS INTELIGENTES, S.A.U",Murcia,Cartagena,679903.17,4167145.12,ST LA ASOMADA,20,0.95,No,37.4,0,0,679903.17,4167145.12
2549,R1-001,"i-DE REDES ELÉCTRICAS INTELIGENTES, S.A.U",Murcia,Cartagena,679903.17,4167145.12,ST LA ASOMADA,20,0.66,No,29.3,0,0,679903.17,4167145.12
2550,R1-001,"i-DE REDES ELÉCTRICAS INTELIGENTES, S.A.U",Murcia,Cartagena,674139.88,4169197.28,ST LA GUIA,132,44.93,No,0.48,0,0,674139.88,4169197.28
2551,R1-001,"i-DE REDES ELÉCTRICAS INTELIGENTES, S.A.U",Murcia,Cartagena,674139.88,4169197.28,ST LA GUIA,20,0.83,No,27.61,0,0,674139.88,4169197.28
2552,R1-001,"i-DE REDES ELÉCTRICAS INTELIGENTES, S.A.U",Murcia,Cartagena,674139.88,4169197.28,ST LA GUIA,20,14.03,No,0,0,0,674139.88,4169197.28
2553,R1-001,"i-DE REDES ELÉCTRICAS INTELIGENTES, S.A.U",Murcia,Fuente Álamo de Murcia,657428.65,4170074.96,ST LAS PALAS,132,25.45,No,75,0,0,657428.65,4170074.96
2554,R1-001,"i-DE REDES ELÉCTRICAS INTELIGENTES, S.A.U",Murcia,Caravaca de la Cruz,602404.33,4219913.4,ST LENTISCO,132,0,No,13.75,0,1,602404.33,4219913.4
2555,R1-001,"i-DE REDES ELÉCTRICAS INTELIGENTES, S.A.U",Murcia,Caravaca de la Cruz,602404.33,4219913.4,ST LENTISCO,66,0,No,0,0,0,602404.33,4219913.4
2556,R1-001,"i-DE REDES ELÉCTRICAS INTELIGENTES, S.A.U",Murcia,Caravaca de la Cruz,602404.33,4219913.4,ST LENTISCO,20,0,No,33.25,0,0,602404.33,4219913.4
2557,R1-001,"i-DE REDES ELÉCTRICAS INTELIGENTES, S.A.U",Murcia,Alhama de Murcia,643939.17,4176492.56,ST LIMITE,132,21.56,No,0,0,0,643939.17,4176492.56
2558,R1-001,"i-DE REDES ELÉCTRICAS INTELIGENTES, S.A.U",Murcia,Alhama de Murcia,643939.17,4176492.56,ST LIMITE,20,0,No,20.83,0,0,643939.17,4176492.56
2559,R1-001,"i-DE REDES ELÉCTRICAS INTELIGENTES, S.A.U",Murcia,Águilas,624172.52,4142586.49,ST LOS ATEROS,132,38.71,No,1.57,15.96,0,624172.52,4142586.49
2560,R1-001,"i-DE REDES ELÉCTRICAS INTELIGENTES, S.A.U",Murcia,Águilas,624172.52,4142586.49,ST LOS ATEROS,20,0,No,103.8,4.28,0,624172.52,4142586.49
2561,R1-001,"i-DE REDES ELÉCTRICAS INTELIGENTES, S.A.U",Murcia,Jumilla,651167.18,4248154.57,ST LUZENTIA,132,0,No,0,0,1,651167.18,4248154.57
2562,R1-001,"i-DE REDES ELÉCTRICAS INTELIGENTES, S.A.U",Murcia,Jumilla,651167.18,4248154.57,ST LUZENTIA,20,0,No,1.6,0,0,651167.18,4248154.57
2563,R1-001,"i-DE REDES ELÉCTRICAS INTELIGENTES, S.A.U",Murcia,Fuente Álamo de Murcia,661104.56,4172066.44,ST MAYORDOMOS,132,25.93,No,0,0,0,661104.56,4172066.44
2564,R1-001,"i-DE REDES ELÉCTRICAS INTELIGENTES, S.A.U",Murcia,Fuente Álamo de Murcia,661104.56,4172066.44,ST MAYORDOMOS,20,25.93,No,1.6,0,0,661104.56,4172066.44
2565,R1-001,"i-DE REDES ELÉCTRICAS INTELIGENTES, S.A.U",Murcia,Fuente Álamo de Murcia,661104.56,4172066.44,ST MAYORDOMOS,20,25.93,No,11.65,0,0,661104.56,4172066.44
2566,R1-001,"i-DE REDES ELÉCTRICAS INTELIGENTES, S.A.U",Murcia,Molina de Segura,657982.14,4215930.14,ST MOLINA DEL SEGURA,132,0,No,0.7,0,1,657982.14,4215930.14
2567,R1-001,"i-DE REDES ELÉCTRICAS INTELIGENTES, S.A.U",Murcia,Molina de Segura,657982.14,4215930.14,ST MOLINA DEL SEGURA,20,0,No,61.88,2.75,0,657982.14,4215930.14
2568,R1-001,"i-DE REDES ELÉCTRICAS INTELIGENTES, S.A.U",Murcia,Molina de Segura,657982.14,4215930.14,ST MOLINA DEL SEGURA,20,0,No,51.26,0,0,657982.14,4215930.14
2569,R1-001,"i-DE REDES ELÉCTRICAS INTELIGENTES, S.A.U",Murcia,Murcia,663832.67,4203543.5,ST MURCIA,20,0,No,88.54,0,0,663832.67,4203543.5
2570,R1-001,"i-DE REDES ELÉCTRICAS INTELIGENTES, S.A.U",Murcia,Murcia,663832.67,4203543.5,ST MURCIA,20,0,No,51.25,0,0,663832.67,4203543.5
2571,R1-001,"i-DE REDES ELÉCTRICAS INTELIGENTES, S.A.U",Murcia,Lorca,610208.04,4156107.12,ST NOGALTE,132,25.49,No,0,0,0,610208.04,4156107.12
2572,R1-001,"i-DE REDES ELÉCTRICAS INTELIGENTES, S.A.U",Murcia,Lorca,610208.04,4156107.12,ST NOGALTE,20,0,No,9.8,0,0,610208.04,4156107.12
2573,R1-001,"i-DE REDES ELÉCTRICAS INTELIGENTES, S.A.U",Murcia,Murcia,666261.74,4205794.01,ST PARQUE DE LEVANTE,132,0,No,0,0,1,666261.74,4205794.01
2574,R1-001,"i-DE REDES ELÉCTRICAS INTELIGENTES, S.A.U",Murcia,Murcia,666261.74,4205794.01,ST PARQUE DE LEVANTE,20,0,No,51.58,0,0,666261.74,4205794.01
2575,R1-001,"i-DE REDES ELÉCTRICAS INTELIGENTES, S.A.U",Murcia,Murcia,666261.74,4205794.01,ST PARQUE DE LEVANTE,20,0,No,40.93,0,0,666261.74,4205794.01
2576,R1-001,"i-DE REDES ELÉCTRICAS INTELIGENTES, S.A.U",Murcia,Murcia,666261.74,4205794.01,ST PARQUE DE LEVANTE,20,0,No,29.28,0,0,666261.74,4205794.01
2577,R1-001,"i-DE REDES ELÉCTRICAS INTELIGENTES, S.A.U",Murcia,Calasparra,622144.18,4238695.48,ST PUERTO ERRADO,132,0,No,0,0,1,622144.18,4238695.48
2578,R1-001,"i-DE REDES ELÉCTRICAS INTELIGENTES, S.A.U",Murcia,Mazarrón,657088.51,4162023.65,ST PUERTO MAZARRON,132,25.54,No,25.27,0,0,657088.51,4162023.65
2579,R1-001,"i-DE REDES ELÉCTRICAS INTELIGENTES, S.A.U",Murcia,Mazarrón,657088.51,4162023.65,ST PUERTO MAZARRON,20,0,No,45.6,0,0,657088.51,4162023.65
2580,R1-001,"i-DE REDES ELÉCTRICAS INTELIGENTES, S.A.U",Murcia,Cartagena,676992.3,4164892.62,ST SAN ANTON,132,29.87,No,0.02,0,0,676992.3,4164892.62
2581,R1-001,"i-DE REDES ELÉCTRICAS INTELIGENTES, S.A.U",Murcia,Cartagena,676992.3,4164892.62,ST SAN ANTON,20,1.32,No,19.7,0,0,676992.3,4164892.62
2582,R1-001,"i-DE REDES ELÉCTRICAS INTELIGENTES, S.A.U",Murcia,Cartagena,676992.3,4164892.62,ST SAN ANTON,20,1.35,No,21.46,0,0,676992.3,4164892.62
2583,R1-001,"i-DE REDES ELÉCTRICAS INTELIGENTES, S.A.U",Murcia,Cartagena,676992.3,4164892.62,ST SAN ANTON,20,0,No,50.09,0,0,676992.3,4164892.62
2584,R1-001,"i-DE REDES ELÉCTRICAS INTELIGENTES, S.A.U",Murcia,Murcia,666378.7,4209431.72,ST SAN FELIX,132,0,No,0.19,0,1,666378.7,4209431.72
2585,R1-001,"i-DE REDES ELÉCTRICAS INTELIGENTES, S.A.U",Murcia,Murcia,666378.7,4209431.72,ST SAN FELIX,20,0,No,57.72,0,0,666378.7,4209431.72
2586,R1-001,"i-DE REDES ELÉCTRICAS INTELIGENTES, S.A.U",Murcia,Murcia,666378.7,4209431.72,ST SAN FELIX,20,0,No,53.07,0,0,666378.7,4209431.72
2587,R1-001,"i-DE REDES ELÉCTRICAS INTELIGENTES, S.A.U",Murcia,Murcia,666378.7,4209431.72,ST SAN FELIX,20,0,No,48.25,0,0,666378.7,4209431.72
2588,R1-001,"i-DE REDES ELÉCTRICAS INTELIGENTES, S.A.U",Murcia,San Pedro del Pinatar,692247.33,4192462.37,ST SAN PEDRO PINATAR,66,15.35,No,0.52,0,0,692247.33,4192462.37
2589,R1-001,"i-DE REDES ELÉCTRICAS INTELIGENTES, S.A.U",Murcia,San Pedro del Pinatar,692247.33,4192462.37,ST SAN PEDRO PINATAR,20,0,No,49.8,0,0,692247.33,4192462.37
2590,R1-001,"i-DE REDES ELÉCTRICAS INTELIGENTES, S.A.U",Murcia,San Pedro del Pinatar,692247.33,4192462.37,ST SAN PEDRO PINATAR,20,0,No,59,0,0,692247.33,4192462.37
2591,R1-001,"i-DE REDES ELÉCTRICAS INTELIGENTES, S.A.U",Murcia,Santomera,670415.4,4217065.23,ST SANTOMERA,66,0,No,0,0,0,670415.4,4217065.23
2592,R1-001,"i-DE REDES ELÉCTRICAS INTELIGENTES, S.A.U",Murcia,Santomera,670415.4,4217065.23,ST SANTOMERA,20,0,No,15.55,0,0,670415.4,4217065.23
2593,R1-001,"i-DE REDES ELÉCTRICAS INTELIGENTES, S.A.U",Murcia,Santomera,670415.4,4217065.23,ST SANTOMERA,20,0,No,31.72,0,0,670415.4,4217065.23
2594,R1-001,"i-DE REDES ELÉCTRICAS INTELIGENTES, S.A.U",Murcia,Lorca,614895.11,4176269.02,ST SIERRA DE TERCIA,132,0,No,0,0,0,614895.11,4176269.02
2595,R1-001,"i-DE REDES ELÉCTRICAS INTELIGENTES, S.A.U",Murcia,Lorca,614895.11,4176269.02,ST SIERRA DE TERCIA,20,0,No,1.85,0,0,614895.11,4176269.02
2596,R1-001,"i-DE REDES ELÉCTRICAS INTELIGENTES, S.A.U",Murcia,"Torres de Cotillas, Las",650607.1,4211039.95,ST TORRE DE COTILLAS,20,0,No,48.85,0,0,650607.1,4211039.95
2597,R1-001,"i-DE REDES ELÉCTRICAS INTELIGENTES, S.A.U",Murcia,"Torres de Cotillas, Las",650607.1,4211039.95,ST TORRE DE COTILLAS,20,0,No,57.71,0,0,650607.1,4211039.95
2598,R1-001,"i-DE REDES ELÉCTRICAS INTELIGENTES, S.A.U",Murcia,"Torres de Cotillas, Las",650607.1,4211039.95,ST TORRE DE COTILLAS,20,0,No,92.4,0,0,650607.1,4211039.95
2599,R1-001,"i-DE REDES ELÉCTRICAS INTELIGENTES, S.A.U",Murcia,"Torres de Cotillas, Las",650607.1,4211039.95,ST TORRE DE COTILLAS,132,0,No,0,0,1,650607.1,4211039.95
2600,R1-001,"i-DE REDES ELÉCTRICAS INTELIGENTES, S.A.U",Murcia,"Torres de Cotillas, Las",650607.1,4211039.95,ST TORRE DE COTILLAS,66,0,No,0,0,0,650607.1,4211039.95
2601,R1-001,"i-DE REDES ELÉCTRICAS INTELIGENTES, S.A.U",Murcia,Totana,636802.13,4180915.37,ST TOTANA,132,0,No,0,0,1,636802.13,4180915.37
2602,R1-001,"i-DE REDES ELÉCTRICAS INTELIGENTES, S.A.U",Murcia,Totana,636802.13,4180915.37,ST TOTANA,20,0,No,11.34,0,0,636802.13,4180915.37
2603,R1-001,"i-DE REDES ELÉCTRICAS INTELIGENTES, S.A.U",Murcia,Totana,636802.13,4180915.37,ST TOTANA,20,0,No,5.1,0,0,636802.13,4180915.37
2604,R1-001,"i-DE REDES ELÉCTRICAS INTELIGENTES, S.A.U",Murcia,Yecla,666762.66,4275969.08,ST YECLA,132,23.56,No,0,0,0,666762.66,4275969.08
2605,R1-001,"i-DE REDES ELÉCTRICAS INTELIGENTES, S.A.U",Murcia,Yecla,666762.66,4275969.08,ST YECLA,20,1.07,No,30.82,0,0,666762.66,4275969.08
2606,R1-001,"i-DE REDES ELÉCTRICAS INTELIGENTES, S.A.U",Murcia,Yecla,666762.66,4275969.08,ST YECLA,20,1.02,No,13.67,0,0,666762.66,4275969.08
2607,R1-001,"i-DE REDES ELÉCTRICAS INTELIGENTES, S.A.U",Murcia,Águilas,624504.36,4141407.08,STR AGUILAS,66,0,No,0.32,0,0,624504.36,4141407.08
2608,R1-001,"i-DE REDES ELÉCTRICAS INTELIGENTES, S.A.U",Murcia,Águilas,624504.36,4141407.08,STR AGUILAS,20,0,No,3.5,0,0,624504.36,4141407.08
2609,R1-001,"i-DE REDES ELÉCTRICAS INTELIGENTES, S.A.U",Murcia,Águilas,624504.36,4141407.08,STR AGUILAS,20,0,No,2.04,0,0,624504.36,4141407.08
2610,R1-001,"i-DE REDES ELÉCTRICAS INTELIGENTES, S.A.U",Murcia,Lorca,613113.94,4174944.44,STR AQUAGEST - LORCA,66,0,No,0,0,0,613113.94,4174944.44
2611,R1-001,"i-DE REDES ELÉCTRICAS INTELIGENTES, S.A.U",Murcia,Bullas,614753.77,4212379.59,STR BULLAS,66,0,No,0,0,0,614753.77,4212379.59
2612,R1-001,"i-DE REDES ELÉCTRICAS INTELIGENTES, S.A.U",Murcia,Bullas,614753.77,4212379.59,STR BULLAS,20,0,No,24.66,0,0,614753.77,4212379.59
2613,R1-001,"i-DE REDES ELÉCTRICAS INTELIGENTES, S.A.U",Murcia,Bullas,614753.77,4212379.59,STR BULLAS,20,10.56,No,0,0,0,614753.77,4212379.59
2614,R1-001,"i-DE REDES ELÉCTRICAS INTELIGENTES, S.A.U",Murcia,Águilas,633093.74,4146742.59,STR CALABARDINA,66,0,No,0.1,0,0,633093.74,4146742.59
2615,R1-001,"i-DE REDES ELÉCTRICAS INTELIGENTES, S.A.U",Murcia,Águilas,633093.74,4146742.59,STR CALABARDINA,20,0,No,11.4,0,0,633093.74,4146742.59
2616,R1-001,"i-DE REDES ELÉCTRICAS INTELIGENTES, S.A.U",Murcia,Caravaca de la Cruz,599205.86,4219096.1,STR CARAVACA,66,0,No,0,0,0,599205.86,4219096.1
2617,R1-001,"i-DE REDES ELÉCTRICAS INTELIGENTES, S.A.U",Murcia,Caravaca de la Cruz,599205.86,4219096.1,STR CARAVACA,20,0,No,10.2,0,0,599205.86,4219096.1
2618,R1-001,"i-DE REDES ELÉCTRICAS INTELIGENTES, S.A.U",Murcia,Caravaca de la Cruz,599205.86,4219096.1,STR CARAVACA,20,0,No,6.13,0,0,599205.86,4219096.1
2619,R1-001,"i-DE REDES ELÉCTRICAS INTELIGENTES, S.A.U",Murcia,Cehegín,607212.79,4216770.45,STR CEHEGIN,66,0,No,0,0,0,607212.79,4216770.45
2620,R1-001,"i-DE REDES ELÉCTRICAS INTELIGENTES, S.A.U",Murcia,Cehegín,607212.79,4216770.45,STR CEHEGIN,20,0,No,2.8,0,0,607212.79,4216770.45
2621,R1-001,"i-DE REDES ELÉCTRICAS INTELIGENTES, S.A.U",Murcia,Cehegín,607212.79,4216770.45,STR CEHEGIN,20,0,No,4.6,0,0,607212.79,4216770.45
2622,R1-001,"i-DE REDES ELÉCTRICAS INTELIGENTES, S.A.U",Murcia,Cartagena,683339.15,4161069.88,STR ECOCARBURANTES,66,8.76,No,0,0,0,683339.15,4161069.88
2623,R1-001,"i-DE REDES ELÉCTRICAS INTELIGENTES, S.A.U",Murcia,Fuente Álamo de Murcia,659839.32,4174793.56,STR FUENTE ALAMO,66,0,No,0,0,0,659839.32,4174793.56
2624,R1-001,"i-DE REDES ELÉCTRICAS INTELIGENTES, S.A.U",Murcia,Cartagena,701793.92,4167002.17,STR LA MANGA,66,0,No,0,0,1,701793.92,4167002.17
2625,R1-001,"i-DE REDES ELÉCTRICAS INTELIGENTES, S.A.U",Murcia,Cartagena,701793.92,4167002.17,STR LA MANGA,20,0,No,46.8,0,0,701793.92,4167002.17
2626,R1-001,"i-DE REDES ELÉCTRICAS INTELIGENTES, S.A.U",Murcia,Cartagena,701793.92,4167002.17,STR LA MANGA,20,0,No,12.83,0,0,701793.92,4167002.17
2627,R1-001,"i-DE REDES ELÉCTRICAS INTELIGENTES, S.A.U",Murcia,Cartagena,701793.92,4167002.17,STR LA MANGA,20,0,No,12.33,0,0,701793.92,4167002.17
2628,R1-001,"i-DE REDES ELÉCTRICAS INTELIGENTES, S.A.U",Murcia,"Unión, La",687237.39,4165970.37,STR LA UNION,66,0,No,0.34,0,1,687237.39,4165970.37
2629,R1-001,"i-DE REDES ELÉCTRICAS INTELIGENTES, S.A.U",Murcia,"Unión, La",687237.39,4165970.37,STR LA UNION,20,0,No,34.23,0,0,687237.39,4165970.37
2630,R1-001,"i-DE REDES ELÉCTRICAS INTELIGENTES, S.A.U",Murcia,"Unión, La",687237.39,4165970.37,STR LA UNION,20,0,No,13.8,0,0,687237.39,4165970.37
2631,R1-001,"i-DE REDES ELÉCTRICAS INTELIGENTES, S.A.U",Murcia,Mazarrón,646301.27,4166374.06,STR MAZARRON,66,0,No,0.14,0,0,646301.27,4166374.06
2632,R1-001,"i-DE REDES ELÉCTRICAS INTELIGENTES, S.A.U",Murcia,Mazarrón,646301.27,4166374.06,STR MAZARRON,20,0,No,28.03,0,0,646301.27,4166374.06
2633,R1-001,"i-DE REDES ELÉCTRICAS INTELIGENTES, S.A.U",Murcia,Mazarrón,646301.27,4166374.06,STR MAZARRON,20,0,No,16.68,0,0,646301.27,4166374.06
2634,R1-001,"i-DE REDES ELÉCTRICAS INTELIGENTES, S.A.U",Murcia,Cartagena,684143.13,4161888.05,STR MIGALOTA,66,0,No,0,0,1,684143.13,4161888.05
2635,R1-001,"i-DE REDES ELÉCTRICAS INTELIGENTES, S.A.U",Murcia,Mula,631864.33,4209938.64,STR MULA,66,0,No,5,0,0,631864.33,4209938.64
2636,R1-001,"i-DE REDES ELÉCTRICAS INTELIGENTES, S.A.U",Murcia,Mula,631864.33,4209938.64,STR MULA,20,0,No,6.55,0,0,631864.33,4209938.64
2637,R1-001,"i-DE REDES ELÉCTRICAS INTELIGENTES, S.A.U",Murcia,Mula,631864.33,4209938.64,STR MULA,20,0,No,19.11,0,0,631864.33,4209938.64
2638,R1-001,"i-DE REDES ELÉCTRICAS INTELIGENTES, S.A.U",Murcia,Lorca,619239.36,4161018.91,STR PURIAS,66,0,No,0,0,0,619239.36,4161018.91
2639,R1-001,"i-DE REDES ELÉCTRICAS INTELIGENTES, S.A.U",Murcia,Lorca,619239.36,4161018.91,STR PURIAS,20,0,No,8.7,0,0,619239.36,4161018.91
2640,R1-001,"i-DE REDES ELÉCTRICAS INTELIGENTES, S.A.U",Murcia,Lorca,619239.36,4161018.91,STR PURIAS,20,0,No,5.77,0,0,619239.36,4161018.91
2641,R1-001,"i-DE REDES ELÉCTRICAS INTELIGENTES, S.A.U",Murcia,Mazarrón,640375.09,4157484.53,STR RAMONETE,66,0,No,0.4,0,0,640375.09,4157484.53
2642,R1-001,"i-DE REDES ELÉCTRICAS INTELIGENTES, S.A.U",Murcia,Mazarrón,640375.09,4157484.53,STR RAMONETE,11,0,No,4.8,0,0,640375.09,4157484.53
2643,R1-001,"i-DE REDES ELÉCTRICAS INTELIGENTES, S.A.U",Murcia,Mazarrón,640375.09,4157484.53,STR RAMONETE,20,0,No,1.6,0,0,640375.09,4157484.53
2644,R1-001,"i-DE REDES ELÉCTRICAS INTELIGENTES, S.A.U",Murcia,Pliego,633296.43,4201927.51,STR REPSOL-PLIEGO,66,0,No,0,0,0,633296.43,4201927.51
2645,R1-001,"i-DE REDES ELÉCTRICAS INTELIGENTES, S.A.U",Murcia,San Javier,689713.63,4185567.83,STR SAN JAVIER II,66,0,No,2.24,0,1,689713.63,4185567.83
2646,R1-001,"i-DE REDES ELÉCTRICAS INTELIGENTES, S.A.U",Murcia,San Javier,689713.63,4185567.83,STR SAN JAVIER II,20,0,No,34.95,0,0,689713.63,4185567.83
2647,R1-001,"i-DE REDES ELÉCTRICAS INTELIGENTES, S.A.U",Murcia,San Javier,689713.63,4185567.83,STR SAN JAVIER II,20,0,No,48.42,0,0,689713.63,4185567.83
2648,R1-001,"i-DE REDES ELÉCTRICAS INTELIGENTES, S.A.U",Murcia,Totana,633701.67,4179985.92,STR TOTANA,66,0,No,1.45,0,0,633701.67,4179985.92
2649,R1-001,"i-DE REDES ELÉCTRICAS INTELIGENTES, S.A.U",Navarra,Puente la Reina/Gares,597178.06,4726202.54,CS SARRIA,66,0,No,0,0,1,597178.06,4726202.54
2650,R1-001,"i-DE REDES ELÉCTRICAS INTELIGENTES, S.A.U",Navarra,Corella,601632.09,4662383.26,SM ESTACION CORELLA,66,23,No,0.33,0,0,601632.09,4662383.26
2651,R1-001,"i-DE REDES ELÉCTRICAS INTELIGENTES, S.A.U",Navarra,Fontellas,618585.94,4652485.95,SS ABLITAS,66,17.1,No,0.44,0,0,618585.94,4652485.95
2652,R1-001,"i-DE REDES ELÉCTRICAS INTELIGENTES, S.A.U",Navarra,Tudela,611420.1,4659670.02,SS AGROCIUDAD,66,0,No,0.64,0,1,611420.1,4659670.02
2653,R1-001,"i-DE REDES ELÉCTRICAS INTELIGENTES, S.A.U",Navarra,Cortes,627685.64,4642989.02,SS BOYAL I+D,66,21,No,0.66,0,0,627685.64,4642989.02
2654,R1-001,"i-DE REDES ELÉCTRICAS INTELIGENTES, S.A.U",Navarra,Castejón,609224.15,4666349.97,SS CASTEJON,66,0,No,0.45,0,1,609224.15,4666349.97
2655,R1-001,"i-DE REDES ELÉCTRICAS INTELIGENTES, S.A.U",Navarra,Fontellas,618724.42,4652061.61,SS FONTELLAS,66,23,No,0.28,0,0,618724.42,4652061.61
2656,R1-001,"i-DE REDES ELÉCTRICAS INTELIGENTES, S.A.U",Navarra,Mendavia,559504,4702050.14,SS H.S. MENDAVIA,66,0,No,0.1,0,1,559504,4702050.14
2657,R1-001,"i-DE REDES ELÉCTRICAS INTELIGENTES, S.A.U",Navarra,Marcilla,605228.1,4685137.3,SS HIBRIDACION TERMOSOLAR,66,0,No,0.26,0,1,605228.1,4685137.3
2658,R1-001,"i-DE REDES ELÉCTRICAS INTELIGENTES, S.A.U",Navarra,Marcilla,605228.1,4685137.3,SS HIBRIDACION TERMOSOLAR,66,0,No,0.26,0,1,605228.1,4685137.3
2659,R1-001,"i-DE REDES ELÉCTRICAS INTELIGENTES, S.A.U",Navarra,Olite/Erriberri,611415.53,4697940.35,SS LA PEDRERA,66,0,No,0.8,0,1,611415.53,4697940.35
2660,R1-001,"i-DE REDES ELÉCTRICAS INTELIGENTES, S.A.U",Navarra,Valtierra,610471.74,4673619.23,SS LA PLANA,66,0,No,0.55,0,1,610471.74,4673619.23
2661,R1-001,"i-DE REDES ELÉCTRICAS INTELIGENTES, S.A.U",Navarra,Tafalla,602152.36,4709948.54,SS LA SARDA,66,0,No,0.23,0,1,602152.36,4709948.54
2662,R1-001,"i-DE REDES ELÉCTRICAS INTELIGENTES, S.A.U",Navarra,Murchante,609263.72,4657121.14,SS MURCHANTE,66,27,No,0.1,0,0,609263.72,4657121.14
2663,R1-001,"i-DE REDES ELÉCTRICAS INTELIGENTES, S.A.U",Navarra,Villafranca,608464.33,4680130.91,SS VILLAFRANCA,66,0,No,0.1,0,1,608464.33,4680130.91
2664,R1-001,"i-DE REDES ELÉCTRICAS INTELIGENTES, S.A.U",Navarra,Altsasu/Alsasua,567005.12,4749779.46,ST ALSASUA,132,1.37,No,0,0,0,567005.12,4749779.46
2665,R1-001,"i-DE REDES ELÉCTRICAS INTELIGENTES, S.A.U",Navarra,Altsasu/Alsasua,567005.12,4749779.46,ST ALSASUA,132,0,No,0,0,0,567005.12,4749779.46
2666,R1-001,"i-DE REDES ELÉCTRICAS INTELIGENTES, S.A.U",Navarra,Altsasu/Alsasua,567005.12,4749779.46,ST ALSASUA,30,0,No,68.4,15.9,0,567005.12,4749779.46
2667,R1-001,"i-DE REDES ELÉCTRICAS INTELIGENTES, S.A.U",Navarra,Doneztebe/Santesteban,609531.6,4776420.85,ST BIDASOA,132,0,No,0,0,0,609531.6,4776420.85
2668,R1-001,"i-DE REDES ELÉCTRICAS INTELIGENTES, S.A.U",Navarra,Doneztebe/Santesteban,609531.6,4776420.85,ST BIDASOA,132,1.85,No,0,0,0,609531.6,4776420.85
2669,R1-001,"i-DE REDES ELÉCTRICAS INTELIGENTES, S.A.U",Navarra,Doneztebe/Santesteban,609531.6,4776420.85,ST BIDASOA,30,0,No,1.2,0,0,609531.6,4776420.85
2670,R1-001,"i-DE REDES ELÉCTRICAS INTELIGENTES, S.A.U",Navarra,Galar,611629.03,4737944.32,ST CORDOVILLA,66,0,No,14.56,22,1,611629.03,4737944.32
2671,R1-001,"i-DE REDES ELÉCTRICAS INTELIGENTES, S.A.U",Navarra,Galar,611629.03,4737944.32,ST CORDOVILLA,13,0,No,5.04,0,0,611629.03,4737944.32
2672,R1-001,"i-DE REDES ELÉCTRICAS INTELIGENTES, S.A.U",Navarra,Galar,611629.03,4737944.32,ST CORDOVILLA,13,0,No,6.14,0,0,611629.03,4737944.32
2673,R1-001,"i-DE REDES ELÉCTRICAS INTELIGENTES, S.A.U",Navarra,Galar,611629.03,4737944.32,ST CORDOVILLA,13,0,No,6.91,0,0,611629.03,4737944.32
2674,R1-001,"i-DE REDES ELÉCTRICAS INTELIGENTES, S.A.U",Navarra,Tudela,610220.3,4661468.2,ST LA SERNA,66,0,No,96.21,0,1,610220.3,4661468.2
2675,R1-001,"i-DE REDES ELÉCTRICAS INTELIGENTES, S.A.U",Navarra,Orkoien,605537.11,4741530.45,ST ORCOYEN,66,0,No,175.81,0,1,605537.11,4741530.45
2676,R1-001,"i-DE REDES ELÉCTRICAS INTELIGENTES, S.A.U",Navarra,Orkoien,605537.11,4741530.45,ST ORCOYEN,13,0,No,7.94,0,0,605537.11,4741530.45
2677,R1-001,"i-DE REDES ELÉCTRICAS INTELIGENTES, S.A.U",Navarra,Sangüesa/Zangoza,641443.3,4717671.18,ST SANGUESA,66,0,No,25.15,55.1,1,641443.3,4717671.18
2678,R1-001,"i-DE REDES ELÉCTRICAS INTELIGENTES, S.A.U",Navarra,Tafalla,608182.91,4706420.72,ST TAFALLA,66,0,No,89.05,0,1,608182.91,4706420.72
2679,R1-001,"i-DE REDES ELÉCTRICAS INTELIGENTES, S.A.U",Navarra,Oteiza,586023.25,4720688.37,ST TIERRA ESTELLA,66,0,No,32.5,0,1,586023.25,4720688.37
2680,R1-001,"i-DE REDES ELÉCTRICAS INTELIGENTES, S.A.U",Navarra,Tudela,614590.28,4656357.08,ST TUDELA,66,32.85,No,32.17,0,0,614590.28,4656357.08
2681,R1-001,"i-DE REDES ELÉCTRICAS INTELIGENTES, S.A.U",Navarra,Guesálaz/Gesalatz,586672.58,4728527.68,STR ALLOZ,13,0,No,1.29,0,0,586672.58,4728527.68
2682,R1-001,"i-DE REDES ELÉCTRICAS INTELIGENTES, S.A.U",Navarra,Guesálaz/Gesalatz,586672.58,4728527.68,STR ALLOZ,66,0,No,0,0,1,586672.58,4728527.68
2683,R1-001,"i-DE REDES ELÉCTRICAS INTELIGENTES, S.A.U",Navarra,Aoiz/Agoitz,632406.99,4737960.86,STR AOIZ,20,0,No,1.03,0,0,632406.99,4737960.86
2684,R1-001,"i-DE REDES ELÉCTRICAS INTELIGENTES, S.A.U",Navarra,Aoiz/Agoitz,632406.99,4737960.86,STR AOIZ,66,0,No,0,0,1,632406.99,4737960.86
2685,R1-001,"i-DE REDES ELÉCTRICAS INTELIGENTES, S.A.U",Navarra,Aoiz/Agoitz,632406.99,4737960.86,STR AOIZ,20,0,No,1.47,0,0,632406.99,4737960.86
2686,R1-001,"i-DE REDES ELÉCTRICAS INTELIGENTES, S.A.U",Navarra,Aoiz/Agoitz,632406.99,4737960.86,STR AOIZ,66,0,No,0,0,1,632406.99,4737960.86
2687,R1-001,"i-DE REDES ELÉCTRICAS INTELIGENTES, S.A.U",Navarra,Aribe,641518.45,4755895.22,STR ARIBE,20,0,No,0.33,0,0,641518.45,4755895.22
2688,R1-001,"i-DE REDES ELÉCTRICAS INTELIGENTES, S.A.U",Navarra,Aribe,641518.45,4755895.22,STR ARIBE,66,0,No,0,0,1,641518.45,4755895.22
2689,R1-001,"i-DE REDES ELÉCTRICAS INTELIGENTES, S.A.U",Navarra,Huarte/Uharte,614245.21,4743705.69,STR ARRE (MANIOBRA,66,0,No,0,0,1,614245.21,4743705.69
2690,R1-001,"i-DE REDES ELÉCTRICAS INTELIGENTES, S.A.U",Navarra,Huarte/Uharte,614245.21,4743705.69,STR ARRE (MANIOBRA,66,0,No,0,0,1,614245.21,4743705.69
2691,R1-001,"i-DE REDES ELÉCTRICAS INTELIGENTES, S.A.U",Navarra,Tudela,616441.88,4656882.3,STR AZUCARERA,13,0.85,No,5.28,0,0,616441.88,4656882.3
2692,R1-001,"i-DE REDES ELÉCTRICAS INTELIGENTES, S.A.U",Navarra,Tudela,616441.88,4656882.3,STR AZUCARERA,66,23,No,0,0,0,616441.88,4656882.3
2693,R1-001,"i-DE REDES ELÉCTRICAS INTELIGENTES, S.A.U",Navarra,Tudela,616441.88,4656882.3,STR AZUCARERA,13,0.99,No,26.87,0,0,616441.88,4656882.3
2694,R1-001,"i-DE REDES ELÉCTRICAS INTELIGENTES, S.A.U",Navarra,Tudela,616441.88,4656882.3,STR AZUCARERA,66,23,No,0,0,0,616441.88,4656882.3
2695,R1-001,"i-DE REDES ELÉCTRICAS INTELIGENTES, S.A.U",Navarra,Lesaka,605019.09,4792321.45,STR BERA,13,0,No,4.03,0,0,605019.09,4792321.45
2696,R1-001,"i-DE REDES ELÉCTRICAS INTELIGENTES, S.A.U",Navarra,Lesaka,605019.09,4792321.45,STR BERA,30,0,No,0,0,0,605019.09,4792321.45
2697,R1-001,"i-DE REDES ELÉCTRICAS INTELIGENTES, S.A.U",Navarra,Pamplona/Iruña,608653.51,4741189.01,STR BERITXITOS,13,0,No,9.99,0,0,608653.51,4741189.01
2698,R1-001,"i-DE REDES ELÉCTRICAS INTELIGENTES, S.A.U",Navarra,Pamplona/Iruña,608653.51,4741189.01,STR BERITXITOS,66,0,No,0,0,1,608653.51,4741189.01
2699,R1-001,"i-DE REDES ELÉCTRICAS INTELIGENTES, S.A.U",Navarra,Pamplona/Iruña,608653.51,4741189.01,STR BERITXITOS,13,0,No,12.33,0,0,608653.51,4741189.01
2700,R1-001,"i-DE REDES ELÉCTRICAS INTELIGENTES, S.A.U",Navarra,Pamplona/Iruña,608653.51,4741189.01,STR BERITXITOS,66,0,No,0,0,1,608653.51,4741189.01
2701,R1-001,"i-DE REDES ELÉCTRICAS INTELIGENTES, S.A.U",Navarra,Biurrun-Olcoz,610309.61,4727354.23,STR BIURRUN,13,0,No,1.44,0,0,610309.61,4727354.23
2702,R1-001,"i-DE REDES ELÉCTRICAS INTELIGENTES, S.A.U",Navarra,Biurrun-Olcoz,610309.61,4727354.23,STR BIURRUN,66,0,No,0,0,1,610309.61,4727354.23
2703,R1-001,"i-DE REDES ELÉCTRICAS INTELIGENTES, S.A.U",Navarra,Biurrun-Olcoz,610309.61,4727354.23,STR BIURRUN,13,0,No,3.38,0,0,610309.61,4727354.23
2704,R1-001,"i-DE REDES ELÉCTRICAS INTELIGENTES, S.A.U",Navarra,Biurrun-Olcoz,610309.61,4727354.23,STR BIURRUN,66,0,No,0,0,1,610309.61,4727354.23
2705,R1-001,"i-DE REDES ELÉCTRICAS INTELIGENTES, S.A.U",Navarra,Caparroso,611747.49,4688678.6,STR CAPARROSO,13,0,No,2.13,0,0,611747.49,4688678.6
2706,R1-001,"i-DE REDES ELÉCTRICAS INTELIGENTES, S.A.U",Navarra,Caparroso,611747.49,4688678.6,STR CAPARROSO,66,0,No,0,0,1,611747.49,4688678.6
2707,R1-001,"i-DE REDES ELÉCTRICAS INTELIGENTES, S.A.U",Navarra,Caparroso,611747.49,4688678.6,STR CAPARROSO,13,0,No,8.27,0,0,611747.49,4688678.6
2708,R1-001,"i-DE REDES ELÉCTRICAS INTELIGENTES, S.A.U",Navarra,Caparroso,611747.49,4688678.6,STR CAPARROSO,66,0,No,0,0,1,611747.49,4688678.6
2709,R1-001,"i-DE REDES ELÉCTRICAS INTELIGENTES, S.A.U",Navarra,Cárcar,584696.82,4695047.86,STR CARCAR,13,0,No,6.42,0,0,584696.82,4695047.86
2710,R1-001,"i-DE REDES ELÉCTRICAS INTELIGENTES, S.A.U",Navarra,Cárcar,584696.82,4695047.86,STR CARCAR,66,0,No,0,0,1,584696.82,4695047.86
2711,R1-001,"i-DE REDES ELÉCTRICAS INTELIGENTES, S.A.U",Navarra,Cárcar,584696.82,4695047.86,STR CARCAR,13,0,No,7.5,0,0,584696.82,4695047.86
2712,R1-001,"i-DE REDES ELÉCTRICAS INTELIGENTES, S.A.U",Navarra,Cárcar,584696.82,4695047.86,STR CARCAR,66,0,No,0,0,1,584696.82,4695047.86
2713,R1-001,"i-DE REDES ELÉCTRICAS INTELIGENTES, S.A.U",Navarra,Carcastillo,628220.74,4692169.05,STR CARCASTILLO,13,0,No,1.77,0,0,628220.74,4692169.05
2714,R1-001,"i-DE REDES ELÉCTRICAS INTELIGENTES, S.A.U",Navarra,Carcastillo,628220.74,4692169.05,STR CARCASTILLO,66,0,No,0,0,1,628220.74,4692169.05
2715,R1-001,"i-DE REDES ELÉCTRICAS INTELIGENTES, S.A.U",Navarra,Carcastillo,628220.74,4692169.05,STR CARCASTILLO,13,0,No,0.88,0,0,628220.74,4692169.05
2716,R1-001,"i-DE REDES ELÉCTRICAS INTELIGENTES, S.A.U",Navarra,Carcastillo,628220.74,4692169.05,STR CARCASTILLO,66,0,No,0,0,1,628220.74,4692169.05
2717,R1-001,"i-DE REDES ELÉCTRICAS INTELIGENTES, S.A.U",Navarra,Cascante,609611.74,4649544.33,STR CASCANTE,13,0,No,2.37,0,0,609611.74,4649544.33
2718,R1-001,"i-DE REDES ELÉCTRICAS INTELIGENTES, S.A.U",Navarra,Cascante,609611.74,4649544.33,STR CASCANTE,66,0,No,0,0,1,609611.74,4649544.33
2719,R1-001,"i-DE REDES ELÉCTRICAS INTELIGENTES, S.A.U",Navarra,Cascante,609611.74,4649544.33,STR CASCANTE,13,0,No,4.06,0,0,609611.74,4649544.33
2720,R1-001,"i-DE REDES ELÉCTRICAS INTELIGENTES, S.A.U",Navarra,Cascante,609611.74,4649544.33,STR CASCANTE,66,0,No,0,0,1,609611.74,4649544.33
2721,R1-001,"i-DE REDES ELÉCTRICAS INTELIGENTES, S.A.U",Navarra,Corella,601721.04,4662564.27,STR CORELLA,13,0,No,5.72,0,0,601721.04,4662564.27
2722,R1-001,"i-DE REDES ELÉCTRICAS INTELIGENTES, S.A.U",Navarra,Corella,601721.04,4662564.27,STR CORELLA,66,23,No,0,0,0,601721.04,4662564.27
2723,R1-001,"i-DE REDES ELÉCTRICAS INTELIGENTES, S.A.U",Navarra,Corella,601721.04,4662564.27,STR CORELLA,13,0,No,6.32,0,0,601721.04,4662564.27
2724,R1-001,"i-DE REDES ELÉCTRICAS INTELIGENTES, S.A.U",Navarra,Corella,601721.04,4662564.27,STR CORELLA,66,0,No,0,0,1,601721.04,4662564.27
2725,R1-001,"i-DE REDES ELÉCTRICAS INTELIGENTES, S.A.U",Navarra,Cortes,629291.08,4641717.42,STR CORTES,13,4.04,No,4.57,0,0,629291.08,4641717.42
2726,R1-001,"i-DE REDES ELÉCTRICAS INTELIGENTES, S.A.U",Navarra,Cortes,629291.08,4641717.42,STR CORTES,66,20,No,0,0,0,629291.08,4641717.42
2727,R1-001,"i-DE REDES ELÉCTRICAS INTELIGENTES, S.A.U",Navarra,Cortes,629291.08,4641717.42,STR CORTES,13,3.99,No,4.85,0,0,629291.08,4641717.42
2728,R1-001,"i-DE REDES ELÉCTRICAS INTELIGENTES, S.A.U",Navarra,Cortes,629291.08,4641717.42,STR CORTES,66,20,No,0,0,0,629291.08,4641717.42
2729,R1-001,"i-DE REDES ELÉCTRICAS INTELIGENTES, S.A.U",Navarra,Pamplona/Iruña,610213.01,4739156.4,STR EL SADAR,13,0,No,14.4,0,0,610213.01,4739156.4
2730,R1-001,"i-DE REDES ELÉCTRICAS INTELIGENTES, S.A.U",Navarra,Pamplona/Iruña,610213.01,4739156.4,STR EL SADAR,66,0,No,0,0,1,610213.01,4739156.4
2731,R1-001,"i-DE REDES ELÉCTRICAS INTELIGENTES, S.A.U",Navarra,Pamplona/Iruña,610213.01,4739156.4,STR EL SADAR,13,0,No,17.95,0,0,610213.01,4739156.4
2732,R1-001,"i-DE REDES ELÉCTRICAS INTELIGENTES, S.A.U",Navarra,Pamplona/Iruña,610213.01,4739156.4,STR EL SADAR,66,0,No,0,0,1,610213.01,4739156.4
2733,R1-001,"i-DE REDES ELÉCTRICAS INTELIGENTES, S.A.U",Navarra,Baztan,620035.8,4778355.73,STR ELIZONDO,13,0,No,1.2,0,0,620035.8,4778355.73
2734,R1-001,"i-DE REDES ELÉCTRICAS INTELIGENTES, S.A.U",Navarra,Baztan,620035.8,4778355.73,STR ELIZONDO,30,0,No,0,0,0,620035.8,4778355.73
2735,R1-001,"i-DE REDES ELÉCTRICAS INTELIGENTES, S.A.U",Navarra,Baztan,620035.8,4778355.73,STR ELIZONDO,13,0,No,1.74,0,0,620035.8,4778355.73
2736,R1-001,"i-DE REDES ELÉCTRICAS INTELIGENTES, S.A.U",Navarra,Baztan,620035.8,4778355.73,STR ELIZONDO,30,0,No,0,0,0,620035.8,4778355.73
2737,R1-001,"i-DE REDES ELÉCTRICAS INTELIGENTES, S.A.U",Navarra,Galar,609669.62,4735466.39,STR ESQUIROZ,13,0,No,11.67,0,0,609669.62,4735466.39
2738,R1-001,"i-DE REDES ELÉCTRICAS INTELIGENTES, S.A.U",Navarra,Galar,609669.62,4735466.39,STR ESQUIROZ,66,0,No,0,0,1,609669.62,4735466.39
2739,R1-001,"i-DE REDES ELÉCTRICAS INTELIGENTES, S.A.U",Navarra,Galar,609669.62,4735466.39,STR ESQUIROZ,13,0,No,10.11,0,0,609669.62,4735466.39
2740,R1-001,"i-DE REDES ELÉCTRICAS INTELIGENTES, S.A.U",Navarra,Galar,609669.62,4735466.39,STR ESQUIROZ,66,0,No,0,0,1,609669.62,4735466.39
2741,R1-001,"i-DE REDES ELÉCTRICAS INTELIGENTES, S.A.U",Navarra,Estella-Lizarra,579687.15,4724504.05,STR ESTELLA,13,0,No,10.39,0,0,579687.15,4724504.05
2742,R1-001,"i-DE REDES ELÉCTRICAS INTELIGENTES, S.A.U",Navarra,Estella-Lizarra,579687.15,4724504.05,STR ESTELLA,66,0,No,0,0,1,579687.15,4724504.05
2743,R1-001,"i-DE REDES ELÉCTRICAS INTELIGENTES, S.A.U",Navarra,Estella-Lizarra,579687.15,4724504.05,STR ESTELLA,13,0,No,4.71,0,0,579687.15,4724504.05
2744,R1-001,"i-DE REDES ELÉCTRICAS INTELIGENTES, S.A.U",Navarra,Estella-Lizarra,579687.15,4724504.05,STR ESTELLA,66,0,No,0,0,1,579687.15,4724504.05
2745,R1-001,"i-DE REDES ELÉCTRICAS INTELIGENTES, S.A.U",Navarra,Igantzi,607522.8,4787108.85,STR ETXALAR,30,0,No,0,0,0,607522.8,4787108.85
2746,R1-001,"i-DE REDES ELÉCTRICAS INTELIGENTES, S.A.U",Navarra,Torres del Río,559617.98,4710794.76,STR H.S. TORRES DEL RIO,66,0,No,0.24,0,1,559617.98,4710794.76
2747,R1-001,"i-DE REDES ELÉCTRICAS INTELIGENTES, S.A.U",Navarra,Huarte/Uharte,614141.97,4742022.69,STR HUARTE,13,0,No,20.61,0,0,614141.97,4742022.69
2748,R1-001,"i-DE REDES ELÉCTRICAS INTELIGENTES, S.A.U",Navarra,Huarte/Uharte,614141.97,4742022.69,STR HUARTE,66,0,No,0,0,1,614141.97,4742022.69
2749,R1-001,"i-DE REDES ELÉCTRICAS INTELIGENTES, S.A.U",Navarra,Huarte/Uharte,614141.97,4742022.69,STR HUARTE,13,0,No,13.2,1,0,614141.97,4742022.69
2750,R1-001,"i-DE REDES ELÉCTRICAS INTELIGENTES, S.A.U",Navarra,Huarte/Uharte,614141.97,4742022.69,STR HUARTE,66,0,No,0,0,1,614141.97,4742022.69
2751,R1-001,"i-DE REDES ELÉCTRICAS INTELIGENTES, S.A.U",Navarra,Eratsun,598457.4,4769573.62,STR IGOA-ARRARAS,13,0,No,0.03,0,0,598457.4,4769573.62
2752,R1-001,"i-DE REDES ELÉCTRICAS INTELIGENTES, S.A.U",Navarra,Eratsun,598457.4,4769573.62,STR IGOA-ARRARAS,30,0,No,0,0,0,598457.4,4769573.62
2753,R1-001,"i-DE REDES ELÉCTRICAS INTELIGENTES, S.A.U",Navarra,Noáin (Valle de Elorz)/Noain (Elortzibar),614349.59,4730997.21,STR IMARCOAIN,13,0,No,30.36,0,0,614349.59,4730997.21
2754,R1-001,"i-DE REDES ELÉCTRICAS INTELIGENTES, S.A.U",Navarra,Noáin (Valle de Elorz)/Noain (Elortzibar),614349.59,4730997.21,STR IMARCOAIN,66,0,No,0,0,1,614349.59,4730997.21
2755,R1-001,"i-DE REDES ELÉCTRICAS INTELIGENTES, S.A.U",Navarra,Noáin (Valle de Elorz)/Noain (Elortzibar),614349.59,4730997.21,STR IMARCOAIN,13,0,No,17.48,0,0,614349.59,4730997.21
2756,R1-001,"i-DE REDES ELÉCTRICAS INTELIGENTES, S.A.U",Navarra,Noáin (Valle de Elorz)/Noain (Elortzibar),614349.59,4730997.21,STR IMARCOAIN,66,0,No,0,0,1,614349.59,4730997.21
2757,R1-001,"i-DE REDES ELÉCTRICAS INTELIGENTES, S.A.U",Navarra,Irurtzun,595634.87,4751886.74,STR IRURTZUN,13,0,No,16.15,0,0,595634.87,4751886.74
2758,R1-001,"i-DE REDES ELÉCTRICAS INTELIGENTES, S.A.U",Navarra,Irurtzun,595634.87,4751886.74,STR IRURTZUN,66,0,No,0,0,1,595634.87,4751886.74
2759,R1-001,"i-DE REDES ELÉCTRICAS INTELIGENTES, S.A.U",Navarra,Irurtzun,595634.87,4751886.74,STR IRURTZUN,13,0,No,12.46,0,0,595634.87,4751886.74
2760,R1-001,"i-DE REDES ELÉCTRICAS INTELIGENTES, S.A.U",Navarra,Irurtzun,595634.87,4751886.74,STR IRURTZUN,66,0,No,0,0,1,595634.87,4751886.74
2761,R1-001,"i-DE REDES ELÉCTRICAS INTELIGENTES, S.A.U",Navarra,Tudela,611530.97,4659092.72,STR LABRADAS,13,0,No,6.29,0,0,611530.97,4659092.72
2762,R1-001,"i-DE REDES ELÉCTRICAS INTELIGENTES, S.A.U",Navarra,Tudela,611530.97,4659092.72,STR LABRADAS,66,0,No,0,0,1,611530.97,4659092.72
2763,R1-001,"i-DE REDES ELÉCTRICAS INTELIGENTES, S.A.U",Navarra,Tudela,611530.97,4659092.72,STR LABRADAS,13,0,No,10.95,0,0,611530.97,4659092.72
2764,R1-001,"i-DE REDES ELÉCTRICAS INTELIGENTES, S.A.U",Navarra,Tudela,611530.97,4659092.72,STR LABRADAS,66,0,No,0,0,1,611530.97,4659092.72
2765,R1-001,"i-DE REDES ELÉCTRICAS INTELIGENTES, S.A.U",Navarra,Pamplona/Iruña,607294.21,4740391.64,STR LANDABEN,13,0,No,12.86,0,0,607294.21,4740391.64
2766,R1-001,"i-DE REDES ELÉCTRICAS INTELIGENTES, S.A.U",Navarra,Pamplona/Iruña,607294.21,4740391.64,STR LANDABEN,66,0,No,0,0,1,607294.21,4740391.64
2767,R1-001,"i-DE REDES ELÉCTRICAS INTELIGENTES, S.A.U",Navarra,Pamplona/Iruña,607294.21,4740391.64,STR LANDABEN,13,0,No,9.6,0,0,607294.21,4740391.64
2768,R1-001,"i-DE REDES ELÉCTRICAS INTELIGENTES, S.A.U",Navarra,Pamplona/Iruña,607294.21,4740391.64,STR LANDABEN,66,0,No,0,0,1,607294.21,4740391.64
2769,R1-001,"i-DE REDES ELÉCTRICAS INTELIGENTES, S.A.U",Navarra,Bertizarana,610906.72,4776255.18,STR LEGASA,13,0,No,3.85,0,0,610906.72,4776255.18
2770,R1-001,"i-DE REDES ELÉCTRICAS INTELIGENTES, S.A.U",Navarra,Bertizarana,610906.72,4776255.18,STR LEGASA,30,0,No,0,0,0,610906.72,4776255.18
2771,R1-001,"i-DE REDES ELÉCTRICAS INTELIGENTES, S.A.U",Navarra,Leitza,587739.7,4771290.38,STR LEIZA,13,0,No,0.31,0,0,587739.7,4771290.38
2772,R1-001,"i-DE REDES ELÉCTRICAS INTELIGENTES, S.A.U",Navarra,Leitza,587739.7,4771290.38,STR LEIZA,30,0,No,0,0,0,587739.7,4771290.38
2773,R1-001,"i-DE REDES ELÉCTRICAS INTELIGENTES, S.A.U",Navarra,Lekunberri,588799.86,4761727.62,STR LEKUNBERRI,13,0,No,11.72,0,0,588799.86,4761727.62
2774,R1-001,"i-DE REDES ELÉCTRICAS INTELIGENTES, S.A.U",Navarra,Lekunberri,588799.86,4761727.62,STR LEKUNBERRI,66,0,No,0,0,1,588799.86,4761727.62
2775,R1-001,"i-DE REDES ELÉCTRICAS INTELIGENTES, S.A.U",Navarra,Lekunberri,588799.86,4761727.62,STR LEKUNBERRI,13,0,No,1.99,0,0,588799.86,4761727.62
2776,R1-001,"i-DE REDES ELÉCTRICAS INTELIGENTES, S.A.U",Navarra,Lekunberri,588799.86,4761727.62,STR LEKUNBERRI,30,0,No,0,0,0,588799.86,4761727.62
2777,R1-001,"i-DE REDES ELÉCTRICAS INTELIGENTES, S.A.U",Navarra,Lesaka,605462.24,4788740.52,STR LESAKA,13,0,No,1.96,0,0,605462.24,4788740.52
2778,R1-001,"i-DE REDES ELÉCTRICAS INTELIGENTES, S.A.U",Navarra,Lesaka,605462.24,4788740.52,STR LESAKA,30,0,No,0,0,0,605462.24,4788740.52
2779,R1-001,"i-DE REDES ELÉCTRICAS INTELIGENTES, S.A.U",Navarra,Pamplona/Iruña,612413.35,4739509.3,STR LEZKAIRU,13,0,No,12.14,0,0,612413.35,4739509.3
2780,R1-001,"i-DE REDES ELÉCTRICAS INTELIGENTES, S.A.U",Navarra,Pamplona/Iruña,612413.35,4739509.3,STR LEZKAIRU,66,0,No,0,0,1,612413.35,4739509.3
2781,R1-001,"i-DE REDES ELÉCTRICAS INTELIGENTES, S.A.U",Navarra,Pamplona/Iruña,612413.35,4739509.3,STR LEZKAIRU,13,0,No,9.45,0,0,612413.35,4739509.3
2782,R1-001,"i-DE REDES ELÉCTRICAS INTELIGENTES, S.A.U",Navarra,Pamplona/Iruña,612413.35,4739509.3,STR LEZKAIRU,66,0,No,0,0,1,612413.35,4739509.3
2783,R1-001,"i-DE REDES ELÉCTRICAS INTELIGENTES, S.A.U",Navarra,Lodosa,574926.07,4697575.6,STR LODOSA,13,0,No,3.07,0,0,574926.07,4697575.6
2784,R1-001,"i-DE REDES ELÉCTRICAS INTELIGENTES, S.A.U",Navarra,Lodosa,574926.07,4697575.6,STR LODOSA,66,0,No,0,0,1,574926.07,4697575.6
2785,R1-001,"i-DE REDES ELÉCTRICAS INTELIGENTES, S.A.U",Navarra,Lodosa,574926.07,4697575.6,STR LODOSA,13,0,No,7.51,0,0,574926.07,4697575.6
2786,R1-001,"i-DE REDES ELÉCTRICAS INTELIGENTES, S.A.U",Navarra,Lodosa,574926.07,4697575.6,STR LODOSA,66,0,No,0,0,1,574926.07,4697575.6
2787,R1-001,"i-DE REDES ELÉCTRICAS INTELIGENTES, S.A.U",Navarra,Valle de Yerri/Deierri,585554.47,4724507,STR LORCA (MANIOBR,66,0,No,0,0,1,585554.47,4724507
2788,R1-001,"i-DE REDES ELÉCTRICAS INTELIGENTES, S.A.U",Navarra,Valle de Yerri/Deierri,585554.47,4724507,STR LORCA (MANIOBR,66,0,No,0,0,1,585554.47,4724507
2789,R1-001,"i-DE REDES ELÉCTRICAS INTELIGENTES, S.A.U",Navarra,Lumbier,637403.73,4721380.52,STR LUMBIER (MANIO,66,0,No,0,0,1,637403.73,4721380.52
2790,R1-001,"i-DE REDES ELÉCTRICAS INTELIGENTES, S.A.U",Navarra,Pamplona/Iruña,611453.02,4741434.75,STR MAGDALENA,13,0,No,8.02,0,0,611453.02,4741434.75
2791,R1-001,"i-DE REDES ELÉCTRICAS INTELIGENTES, S.A.U",Navarra,Pamplona/Iruña,611453.02,4741434.75,STR MAGDALENA,66,0,No,0,0,1,611453.02,4741434.75
2792,R1-001,"i-DE REDES ELÉCTRICAS INTELIGENTES, S.A.U",Navarra,Pamplona/Iruña,611453.02,4741434.75,STR MAGDALENA,13,0,No,9.9,0,0,611453.02,4741434.75
2793,R1-001,"i-DE REDES ELÉCTRICAS INTELIGENTES, S.A.U",Navarra,Pamplona/Iruña,611453.02,4741434.75,STR MAGDALENA,66,0,No,0,0,1,611453.02,4741434.75
2794,R1-001,"i-DE REDES ELÉCTRICAS INTELIGENTES, S.A.U",Navarra,Pamplona/Iruña,611453.02,4741434.75,STR MAGDALENA,13,0,No,9.98,0,0,611453.02,4741434.75
2795,R1-001,"i-DE REDES ELÉCTRICAS INTELIGENTES, S.A.U",Navarra,Pamplona/Iruña,611453.02,4741434.75,STR MAGDALENA,66,0,No,0,0,1,611453.02,4741434.75
2796,R1-001,"i-DE REDES ELÉCTRICAS INTELIGENTES, S.A.U",Navarra,Marcilla,605108.24,4687516.66,STR MARCILLA,66,0,No,0,0,1,605108.24,4687516.66
2797,R1-001,"i-DE REDES ELÉCTRICAS INTELIGENTES, S.A.U",Navarra,Marcilla,605108.24,4687516.66,STR MARCILLA,13,0,No,5.6,0,0,605108.24,4687516.66
2798,R1-001,"i-DE REDES ELÉCTRICAS INTELIGENTES, S.A.U",Navarra,Marcilla,605108.24,4687516.66,STR MARCILLA,66,0,No,0,0,1,605108.24,4687516.66
2799,R1-001,"i-DE REDES ELÉCTRICAS INTELIGENTES, S.A.U",Navarra,Mendigorria,595429.1,4719834.47,STR MENDIGORRIA,13,0,No,1,0,0,595429.1,4719834.47
2800,R1-001,"i-DE REDES ELÉCTRICAS INTELIGENTES, S.A.U",Navarra,Mendigorria,595429.1,4719834.47,STR MENDIGORRIA,66,0,No,0,0,1,595429.1,4719834.47
2801,R1-001,"i-DE REDES ELÉCTRICAS INTELIGENTES, S.A.U",Navarra,Mendigorria,595429.1,4719834.47,STR MENDIGORRIA,13,0,No,2.09,0,0,595429.1,4719834.47
2802,R1-001,"i-DE REDES ELÉCTRICAS INTELIGENTES, S.A.U",Navarra,Mendigorria,595429.1,4719834.47,STR MENDIGORRIA,66,0,No,0,0,1,595429.1,4719834.47
2803,R1-001,"i-DE REDES ELÉCTRICAS INTELIGENTES, S.A.U",Navarra,Milagro,600331.39,4678398.57,STR MILAGRO,13,0,No,9.23,0,0,600331.39,4678398.57
2804,R1-001,"i-DE REDES ELÉCTRICAS INTELIGENTES, S.A.U",Navarra,Milagro,600331.39,4678398.57,STR MILAGRO,13,0,No,7.52,0,0,600331.39,4678398.57
2805,R1-001,"i-DE REDES ELÉCTRICAS INTELIGENTES, S.A.U",Navarra,Milagro,600331.39,4678398.57,STR MILAGRO,66,0,No,0,0,1,600331.39,4678398.57
2806,R1-001,"i-DE REDES ELÉCTRICAS INTELIGENTES, S.A.U",Navarra,Milagro,600331.39,4678398.57,STR MILAGRO,66,0,No,0,0,1,600331.39,4678398.57
2807,R1-001,"i-DE REDES ELÉCTRICAS INTELIGENTES, S.A.U",Navarra,Monreal/Elo,622568.07,4729247.66,STR MONREAL,13,0,No,0.41,0,0,622568.07,4729247.66
2808,R1-001,"i-DE REDES ELÉCTRICAS INTELIGENTES, S.A.U",Navarra,Monreal/Elo,622568.07,4729247.66,STR MONREAL,66,0,No,0,0,1,622568.07,4729247.66
2809,R1-001,"i-DE REDES ELÉCTRICAS INTELIGENTES, S.A.U",Navarra,Murieta,570362.6,4723105.58,STR MURIETA,13,0,No,2.7,0,0,570362.6,4723105.58
2810,R1-001,"i-DE REDES ELÉCTRICAS INTELIGENTES, S.A.U",Navarra,Murieta,570362.6,4723105.58,STR MURIETA,66,0,No,0,0,1,570362.6,4723105.58
2811,R1-001,"i-DE REDES ELÉCTRICAS INTELIGENTES, S.A.U",Navarra,Murieta,570362.6,4723105.58,STR MURIETA,13,0,No,4.34,0,0,570362.6,4723105.58
2812,R1-001,"i-DE REDES ELÉCTRICAS INTELIGENTES, S.A.U",Navarra,Murieta,570362.6,4723105.58,STR MURIETA,66,0,No,0,0,1,570362.6,4723105.58
2813,R1-001,"i-DE REDES ELÉCTRICAS INTELIGENTES, S.A.U",Navarra,Oiz,606901.71,4773602.85,STR OITZ,13,0,No,0.25,0,0,606901.71,4773602.85
2814,R1-001,"i-DE REDES ELÉCTRICAS INTELIGENTES, S.A.U",Navarra,Oiz,606901.71,4773602.85,STR OITZ,30,0,No,0,0,0,606901.71,4773602.85
2815,R1-001,"i-DE REDES ELÉCTRICAS INTELIGENTES, S.A.U",Navarra,Esteribar,615035.41,4743799.86,STR OLLOKI,13,0,No,13.46,0,0,615035.41,4743799.86
2816,R1-001,"i-DE REDES ELÉCTRICAS INTELIGENTES, S.A.U",Navarra,Esteribar,615035.41,4743799.86,STR OLLOKI,66,0,No,0,0,1,615035.41,4743799.86
2817,R1-001,"i-DE REDES ELÉCTRICAS INTELIGENTES, S.A.U",Navarra,Esteribar,615035.41,4743799.86,STR OLLOKI,13,0,No,13.34,0,0,615035.41,4743799.86
2818,R1-001,"i-DE REDES ELÉCTRICAS INTELIGENTES, S.A.U",Navarra,Esteribar,615035.41,4743799.86,STR OLLOKI,66,0,No,0,0,1,615035.41,4743799.86
2819,R1-001,"i-DE REDES ELÉCTRICAS INTELIGENTES, S.A.U",Navarra,Peralta/Azkoien,597976.83,4688434.39,STR PERALTA,13,0,No,14.2,0,0,597976.83,4688434.39
2820,R1-001,"i-DE REDES ELÉCTRICAS INTELIGENTES, S.A.U",Navarra,Peralta/Azkoien,597976.83,4688434.39,STR PERALTA,66,0,No,0,0,1,597976.83,4688434.39
2821,R1-001,"i-DE REDES ELÉCTRICAS INTELIGENTES, S.A.U",Navarra,Peralta/Azkoien,597976.83,4688434.39,STR PERALTA,13,0,No,6.84,0,0,597976.83,4688434.39
2822,R1-001,"i-DE REDES ELÉCTRICAS INTELIGENTES, S.A.U",Navarra,Peralta/Azkoien,597976.83,4688434.39,STR PERALTA,66,0,No,0,0,1,597976.83,4688434.39
2823,R1-001,"i-DE REDES ELÉCTRICAS INTELIGENTES, S.A.U",Navarra,Ribaforada,622488.58,4648663.25,STR RIBAFORADA,13,1.16,No,16.61,0,0,622488.58,4648663.25
2824,R1-001,"i-DE REDES ELÉCTRICAS INTELIGENTES, S.A.U",Navarra,Ribaforada,622488.58,4648663.25,STR RIBAFORADA,66,13,No,0,0,0,622488.58,4648663.25
2825,R1-001,"i-DE REDES ELÉCTRICAS INTELIGENTES, S.A.U",Navarra,Ribaforada,622488.58,4648663.25,STR RIBAFORADA,13,0,No,18.42,0,0,622488.58,4648663.25
2826,R1-001,"i-DE REDES ELÉCTRICAS INTELIGENTES, S.A.U",Navarra,Ribaforada,622488.58,4648663.25,STR RIBAFORADA,66,13,No,0,0,0,622488.58,4648663.25
2827,R1-001,"i-DE REDES ELÉCTRICAS INTELIGENTES, S.A.U",Navarra,Pamplona/Iruña,610075.52,4743109.21,STR ROTXAPEA,13,0,No,6.51,0,0,610075.52,4743109.21
2828,R1-001,"i-DE REDES ELÉCTRICAS INTELIGENTES, S.A.U",Navarra,Pamplona/Iruña,610075.52,4743109.21,STR ROTXAPEA,66,0,No,0,0,1,610075.52,4743109.21
2829,R1-001,"i-DE REDES ELÉCTRICAS INTELIGENTES, S.A.U",Navarra,Pamplona/Iruña,610075.52,4743109.21,STR ROTXAPEA,13,0,No,21.8,0,0,610075.52,4743109.21
2830,R1-001,"i-DE REDES ELÉCTRICAS INTELIGENTES, S.A.U",Navarra,Pamplona/Iruña,610075.52,4743109.21,STR ROTXAPEA,66,0,No,0,0,1,610075.52,4743109.21
2831,R1-001,"i-DE REDES ELÉCTRICAS INTELIGENTES, S.A.U",Navarra,Saldías,598710.64,4772009.91,STR SALDIAS,13,0,No,0.06,0,0,598710.64,4772009.91
2832,R1-001,"i-DE REDES ELÉCTRICAS INTELIGENTES, S.A.U",Navarra,Saldías,598710.64,4772009.91,STR SALDIAS,30,0,No,0,0,0,598710.64,4772009.91
2833,R1-001,"i-DE REDES ELÉCTRICAS INTELIGENTES, S.A.U",Navarra,Pamplona/Iruña,612333.53,4743679.82,STR SAN CRISTOBAL,13,0,No,8.5,0,0,612333.53,4743679.82
2834,R1-001,"i-DE REDES ELÉCTRICAS INTELIGENTES, S.A.U",Navarra,Pamplona/Iruña,612333.53,4743679.82,STR SAN CRISTOBAL,66,0,No,0,0,1,612333.53,4743679.82
2835,R1-001,"i-DE REDES ELÉCTRICAS INTELIGENTES, S.A.U",Navarra,Pamplona/Iruña,612333.53,4743679.82,STR SAN CRISTOBAL,13,0,No,8.96,0,0,612333.53,4743679.82
2836,R1-001,"i-DE REDES ELÉCTRICAS INTELIGENTES, S.A.U",Navarra,Pamplona/Iruña,612333.53,4743679.82,STR SAN CRISTOBAL,66,0,No,0,0,1,612333.53,4743679.82
2837,R1-001,"i-DE REDES ELÉCTRICAS INTELIGENTES, S.A.U",Navarra,Sangüesa/Zangoza,641655.28,4715592.55,STR SANGUESA,13,0,No,3.18,0,0,641655.28,4715592.55
2838,R1-001,"i-DE REDES ELÉCTRICAS INTELIGENTES, S.A.U",Navarra,Sangüesa/Zangoza,641655.28,4715592.55,STR SANGUESA,66,0,No,0.21,0,1,641655.28,4715592.55
2839,R1-001,"i-DE REDES ELÉCTRICAS INTELIGENTES, S.A.U",Navarra,Sangüesa/Zangoza,641655.28,4715592.55,STR SANGUESA,13,0,No,1.98,0,0,641655.28,4715592.55
2840,R1-001,"i-DE REDES ELÉCTRICAS INTELIGENTES, S.A.U",Navarra,Sangüesa/Zangoza,641655.28,4715592.55,STR SANGUESA,66,0,No,0,0,1,641655.28,4715592.55
2841,R1-001,"i-DE REDES ELÉCTRICAS INTELIGENTES, S.A.U",Navarra,Pamplona/Iruña,608436.16,4742434.49,STR SANTA LUCIA,13,0,No,8.84,0,0,608436.16,4742434.49
2842,R1-001,"i-DE REDES ELÉCTRICAS INTELIGENTES, S.A.U",Navarra,Pamplona/Iruña,608436.16,4742434.49,STR SANTA LUCIA,66,0,No,0,0,1,608436.16,4742434.49
2843,R1-001,"i-DE REDES ELÉCTRICAS INTELIGENTES, S.A.U",Navarra,Pamplona/Iruña,608436.16,4742434.49,STR SANTA LUCIA,13,0,No,10.58,0,0,608436.16,4742434.49
2844,R1-001,"i-DE REDES ELÉCTRICAS INTELIGENTES, S.A.U",Navarra,Pamplona/Iruña,608436.16,4742434.49,STR SANTA LUCIA,66,0,No,0,0,1,608436.16,4742434.49
2845,R1-001,"i-DE REDES ELÉCTRICAS INTELIGENTES, S.A.U",Navarra,Tafalla,608044.96,4709200.33,STR TAFALLA,66,0,No,0,0,1,608044.96,4709200.33
2846,R1-001,"i-DE REDES ELÉCTRICAS INTELIGENTES, S.A.U",Navarra,Tafalla,608044.96,4709200.33,STR TAFALLA,66,0,No,0,0,1,608044.96,4709200.33
2847,R1-001,"i-DE REDES ELÉCTRICAS INTELIGENTES, S.A.U",Navarra,Tafalla,608044.96,4709200.33,STR TAFALLA,13,0,No,7.47,0,0,608044.96,4709200.33
2848,R1-001,"i-DE REDES ELÉCTRICAS INTELIGENTES, S.A.U",Navarra,Tafalla,608044.96,4709200.33,STR TAFALLA,13,0,No,4.73,0,0,608044.96,4709200.33
2849,R1-001,"i-DE REDES ELÉCTRICAS INTELIGENTES, S.A.U",Navarra,Aranguren,612118.89,4736640.19,STR TAJONAR,66,0,No,0,0,1,612118.89,4736640.19
2850,R1-001,"i-DE REDES ELÉCTRICAS INTELIGENTES, S.A.U",Navarra,Aranguren,612118.89,4736640.19,STR TAJONAR,66,0,No,0,0,1,612118.89,4736640.19
2851,R1-001,"i-DE REDES ELÉCTRICAS INTELIGENTES, S.A.U",Navarra,Aranguren,612118.89,4736640.19,STR TAJONAR,13,0,No,23.23,0,0,612118.89,4736640.19
2852,R1-001,"i-DE REDES ELÉCTRICAS INTELIGENTES, S.A.U",Navarra,Tudela,615303.63,4657118.15,STR TUDELA 1,13,9.34,No,6.71,0,0,615303.63,4657118.15
2853,R1-001,"i-DE REDES ELÉCTRICAS INTELIGENTES, S.A.U",Navarra,Tudela,615303.63,4657118.15,STR TUDELA 1,66,14,No,0,0,0,615303.63,4657118.15
2854,R1-001,"i-DE REDES ELÉCTRICAS INTELIGENTES, S.A.U",Navarra,Tudela,615303.63,4657118.15,STR TUDELA 1,13,11,No,13.3,0,0,615303.63,4657118.15
2855,R1-001,"i-DE REDES ELÉCTRICAS INTELIGENTES, S.A.U",Navarra,Tudela,615303.63,4657118.15,STR TUDELA 1,66,14,No,0,0,0,615303.63,4657118.15
2856,R1-001,"i-DE REDES ELÉCTRICAS INTELIGENTES, S.A.U",Navarra,Ultzama,607748.44,4759805.15,STR ULZAMA,13,0,No,4.81,0,0,607748.44,4759805.15
2857,R1-001,"i-DE REDES ELÉCTRICAS INTELIGENTES, S.A.U",Navarra,Ultzama,607748.44,4759805.15,STR ULZAMA,66,0,No,0,0,1,607748.44,4759805.15
2858,R1-001,"i-DE REDES ELÉCTRICAS INTELIGENTES, S.A.U",Navarra,Navascués/Nabaskoze,655393.29,4735853.59,STR USTES,20,0,No,0.85,0,0,655393.29,4735853.59
2859,R1-001,"i-DE REDES ELÉCTRICAS INTELIGENTES, S.A.U",Navarra,Navascués/Nabaskoze,655393.29,4735853.59,STR USTES,66,0,No,0,0,1,655393.29,4735853.59
2860,R1-001,"i-DE REDES ELÉCTRICAS INTELIGENTES, S.A.U",Navarra,Valtierra,610505.36,4673710.51,STR VALTIERRA,13,0,No,6.05,0,0,610505.36,4673710.51
2861,R1-001,"i-DE REDES ELÉCTRICAS INTELIGENTES, S.A.U",Navarra,Valtierra,610505.36,4673710.51,STR VALTIERRA,13,0,No,2.97,0,0,610505.36,4673710.51
2862,R1-001,"i-DE REDES ELÉCTRICAS INTELIGENTES, S.A.U",Navarra,Valtierra,610505.36,4673710.51,STR VALTIERRA,66,0,No,0,0,1,610505.36,4673710.51
2863,R1-001,"i-DE REDES ELÉCTRICAS INTELIGENTES, S.A.U",Navarra,Valtierra,610505.36,4673710.51,STR VALTIERRA,66,0,No,0,0,1,610505.36,4673710.51
2864,R1-001,"i-DE REDES ELÉCTRICAS INTELIGENTES, S.A.U",Navarra,Lumbier,635928.47,4722552.55,STR VENTA JUDAS (LUMBIER),66,0,No,0,0,1,635928.47,4722552.55
2865,R1-001,"i-DE REDES ELÉCTRICAS INTELIGENTES, S.A.U",Navarra,Lumbier,635928.47,4722552.55,STR VENTA JUDAS (LUMBIER),13,0,No,5.6,0,0,635928.47,4722552.55
2866,R1-001,"i-DE REDES ELÉCTRICAS INTELIGENTES, S.A.U",Navarra,Lumbier,635928.47,4722552.55,STR VENTA JUDAS (LUMBIER),66,0,No,0,0,1,635928.47,4722552.55
2867,R1-001,"i-DE REDES ELÉCTRICAS INTELIGENTES, S.A.U",Navarra,Viana,551958.17,4706291.38,STR VIANA,13,0,No,1.91,8,0,551958.17,4706291.38
2868,R1-001,"i-DE REDES ELÉCTRICAS INTELIGENTES, S.A.U",Navarra,Viana,551958.17,4706291.38,STR VIANA,66,0,No,0,0,1,551958.17,4706291.38
2869,R1-001,"i-DE REDES ELÉCTRICAS INTELIGENTES, S.A.U",Navarra,Viana,551958.17,4706291.38,STR VIANA,13,0,No,3.56,0,0,551958.17,4706291.38
2870,R1-001,"i-DE REDES ELÉCTRICAS INTELIGENTES, S.A.U",Navarra,Viana,551958.17,4706291.38,STR VIANA,66,0,No,0,0,1,551958.17,4706291.38
2871,R1-001,"i-DE REDES ELÉCTRICAS INTELIGENTES, S.A.U",Navarra,Villafranca,603958.43,4682571.38,STR VILLAFRANCA,13,0,No,2.82,0,0,603958.43,4682571.38
2872,R1-001,"i-DE REDES ELÉCTRICAS INTELIGENTES, S.A.U",Navarra,Villafranca,603958.43,4682571.38,STR VILLAFRANCA,66,0,No,0,0,1,603958.43,4682571.38
2873,R1-001,"i-DE REDES ELÉCTRICAS INTELIGENTES, S.A.U",Navarra,Villafranca,603958.43,4682571.38,STR VILLAFRANCA,13,0,No,1.63,0,0,603958.43,4682571.38
2874,R1-001,"i-DE REDES ELÉCTRICAS INTELIGENTES, S.A.U",Navarra,Villafranca,603958.43,4682571.38,STR VILLAFRANCA,66,0,No,0,0,1,603958.43,4682571.38
2875,R1-001,"i-DE REDES ELÉCTRICAS INTELIGENTES, S.A.U",Navarra,Olite/Erriberri,611388.9,4704789.1,STR ZIDACOS,13,0,No,1.56,0,0,611388.9,4704789.1
2876,R1-001,"i-DE REDES ELÉCTRICAS INTELIGENTES, S.A.U",Navarra,Olite/Erriberri,611388.9,4704789.1,STR ZIDACOS,66,0,No,0,0,1,611388.9,4704789.1
2877,R1-001,"i-DE REDES ELÉCTRICAS INTELIGENTES, S.A.U",Navarra,Olite/Erriberri,611388.9,4704789.1,STR ZIDACOS,13,0,No,1,0,0,611388.9,4704789.1
2878,R1-001,"i-DE REDES ELÉCTRICAS INTELIGENTES, S.A.U",Navarra,Olite/Erriberri,611388.9,4704789.1,STR ZIDACOS,66,0,No,0,0,1,611388.9,4704789.1
2879,R1-001,"i-DE REDES ELÉCTRICAS INTELIGENTES, S.A.U",Navarra,Zizur Mayor/Zizur Nagusia,607138.24,4738801.22,STR ZIZUR MAYOR,13,0,No,38.61,0,0,607138.24,4738801.22
2880,R1-001,"i-DE REDES ELÉCTRICAS INTELIGENTES, S.A.U",Navarra,Zizur Mayor/Zizur Nagusia,607138.24,4738801.22,STR ZIZUR MAYOR,66,0,No,0,0,1,607138.24,4738801.22
2881,R1-001,"i-DE REDES ELÉCTRICAS INTELIGENTES, S.A.U",Navarra,Zizur Mayor/Zizur Nagusia,607138.24,4738801.22,STR ZIZUR MAYOR,13,0,No,49.54,0,0,607138.24,4738801.22
2882,R1-001,"i-DE REDES ELÉCTRICAS INTELIGENTES, S.A.U",Navarra,Zizur Mayor/Zizur Nagusia,607138.24,4738801.22,STR ZIZUR MAYOR,66,0,No,0,0,1,607138.24,4738801.22
2883,R1-001,"i-DE REDES ELÉCTRICAS INTELIGENTES, S.A.U",Navarra,Esteribar,621923.97,4753453.44,STR ZUBIRI,13,0,No,0.58,0,0,621923.97,4753453.44
2884,R1-001,"i-DE REDES ELÉCTRICAS INTELIGENTES, S.A.U",Navarra,Esteribar,621923.97,4753453.44,STR ZUBIRI,66,0,No,0,0,1,621923.97,4753453.44
2885,R1-001,"i-DE REDES ELÉCTRICAS INTELIGENTES, S.A.U",Navarra,Esteribar,621923.97,4753453.44,STR ZUBIRI,20,0,No,0.19,0,0,621923.97,4753453.44
2886,R1-001,"i-DE REDES ELÉCTRICAS INTELIGENTES, S.A.U",Navarra,Esteribar,621923.97,4753453.44,STR ZUBIRI,66,0,No,0,0,1,621923.97,4753453.44
2887,R1-001,"i-DE REDES ELÉCTRICAS INTELIGENTES, S.A.U",Ourense,"Pobra de Trives, A",151289.47,4700064.52,ST CH PONTENOVO,132,35,No,0,0,0,151289.47,4700064.52
2888,R1-001,"i-DE REDES ELÉCTRICAS INTELIGENTES, S.A.U",Ourense,Chandrexa de Queixa,141733.86,4694454.84,ST CH SAN CRISTOBAL,132,0,No,0,0,0,141733.86,4694454.84
2889,R1-001,"i-DE REDES ELÉCTRICAS INTELIGENTES, S.A.U",Ourense,"Pobra de Trives, A",147316.61,4696931.27,ST TRIVES,132,70,No,0,0,0,147316.61,4696931.27
2890,R1-001,"i-DE REDES ELÉCTRICAS INTELIGENTES, S.A.U",Ourense,"Pobra de Trives, A",147316.61,4696931.27,ST TRIVES,13,2.65,No,7.2,0,0,147316.61,4696931.27
2891,R1-001,"i-DE REDES ELÉCTRICAS INTELIGENTES, S.A.U",Asturias,Langreo,281121.13,4798501.24,ST CT LADA,132,0,No,0,0,0,281121.13,4798501.24
2892,R1-001,"i-DE REDES ELÉCTRICAS INTELIGENTES, S.A.U",Asturias,Langreo,281121.13,4798501.24,ST CT LADA,30,0,No,29.82,0,0,281121.13,4798501.24
2893,R1-001,"i-DE REDES ELÉCTRICAS INTELIGENTES, S.A.U",Asturias,Langreo,281121.13,4798501.24,ST CT LADA,30,0,No,3.8,0,0,281121.13,4798501.24
2894,R1-001,"i-DE REDES ELÉCTRICAS INTELIGENTES, S.A.U",Palencia,Dueñas,370942.19,4633776.84,ST CASTILLA,132,0,No,0,0,0,370942.19,4633776.84
2895,R1-001,"i-DE REDES ELÉCTRICAS INTELIGENTES, S.A.U",Palencia,Dueñas,370942.19,4633776.84,ST CASTILLA,45,0,No,25.1,0,0,370942.19,4633776.84
2896,R1-001,"i-DE REDES ELÉCTRICAS INTELIGENTES, S.A.U",Palencia,Velilla del Río Carrión,348550.33,4742307.65,ST GUARDO,132,0,No,0,0,1,348550.33,4742307.65
2897,R1-001,"i-DE REDES ELÉCTRICAS INTELIGENTES, S.A.U",Palencia,Velilla del Río Carrión,348550.33,4742307.65,ST GUARDO,45,0,No,0.1,0,0,348550.33,4742307.65
2898,R1-001,"i-DE REDES ELÉCTRICAS INTELIGENTES, S.A.U",Palencia,Velilla del Río Carrión,348550.33,4742307.65,ST GUARDO,45,13.2,No,0.4,0,0,348550.33,4742307.65
2899,R1-001,"i-DE REDES ELÉCTRICAS INTELIGENTES, S.A.U",Palencia,Soto de Cerrato,383391.6,4645029.63,ST SIGMA,132,0,No,0,0,0,383391.6,4645029.63
2900,R1-001,"i-DE REDES ELÉCTRICAS INTELIGENTES, S.A.U",Palencia,Soto de Cerrato,382158.06,4644413.21,ST SOTO DE CERRATO,132,0,No,0,0,0,382158.06,4644413.21
2901,R1-001,"i-DE REDES ELÉCTRICAS INTELIGENTES, S.A.U",Palencia,Palencia,375833.38,4650800.63,ST PALENCIA,45,0,Si,23.3,90,0,375833.38,4650800.63
2902,R1-001,"i-DE REDES ELÉCTRICAS INTELIGENTES, S.A.U",Palencia,Palencia,375833.38,4650800.63,ST PALENCIA,45,0,Si,30.22,0,0,375833.38,4650800.63
2903,R1-001,"i-DE REDES ELÉCTRICAS INTELIGENTES, S.A.U",Palencia,Soto de Cerrato,382158.06,4644413.21,ST SOTO DE CERRATO,45,0,No,23,0,0,382158.06,4644413.21
2904,R1-001,"i-DE REDES ELÉCTRICAS INTELIGENTES, S.A.U",Palencia,Ampudia,352989.79,4642398.1,STR AMPUDIA,13,0,No,0.7,0,0,352989.79,4642398.1
2905,R1-001,"i-DE REDES ELÉCTRICAS INTELIGENTES, S.A.U",Palencia,Ampudia,352989.79,4642398.1,STR AMPUDIA,45,0,No,0,0,0,352989.79,4642398.1
2906,R1-001,"i-DE REDES ELÉCTRICAS INTELIGENTES, S.A.U",Palencia,Becerril de Campos,364722.5,4663703.64,STR BECERRIL,13,0,No,2.6,0,0,364722.5,4663703.64
2907,R1-001,"i-DE REDES ELÉCTRICAS INTELIGENTES, S.A.U",Palencia,Becerril de Campos,364722.5,4663703.64,STR BECERRIL,45,0,No,0,0,0,364722.5,4663703.64
2908,R1-001,"i-DE REDES ELÉCTRICAS INTELIGENTES, S.A.U",Palencia,Frómista,383912.61,4679836.9,STR FROMISTA,13,0,No,2.7,0,0,383912.61,4679836.9
2909,R1-001,"i-DE REDES ELÉCTRICAS INTELIGENTES, S.A.U",Palencia,Frómista,383912.61,4679836.9,STR FROMISTA,45,0,No,0,0,0,383912.61,4679836.9
2910,R1-001,"i-DE REDES ELÉCTRICAS INTELIGENTES, S.A.U",Palencia,Fuentes de Nava,351946.52,4660614.4,STR FUENTES DE NAVA,13,0,No,1.44,0,0,351946.52,4660614.4
2911,R1-001,"i-DE REDES ELÉCTRICAS INTELIGENTES, S.A.U",Palencia,Fuentes de Nava,351946.52,4660614.4,STR FUENTES DE NAVA,45,0,No,0,0,0,351946.52,4660614.4
2912,R1-001,"i-DE REDES ELÉCTRICAS INTELIGENTES, S.A.U",Palencia,Guardo,347659.53,4738794.25,STR GUARDO,20,0,No,8.95,0,0,347659.53,4738794.25
2913,R1-001,"i-DE REDES ELÉCTRICAS INTELIGENTES, S.A.U",Palencia,Guardo,347659.53,4738794.25,STR GUARDO,45,3.3,No,0.06,0,0,347659.53,4738794.25
2914,R1-001,"i-DE REDES ELÉCTRICAS INTELIGENTES, S.A.U",Palencia,Herrera de Valdecañas,398985.62,4657965.61,STR HERRERA,13,0,No,10.34,0.4,0,398985.62,4657965.61
2915,R1-001,"i-DE REDES ELÉCTRICAS INTELIGENTES, S.A.U",Palencia,Herrera de Valdecañas,398985.62,4657965.61,STR HERRERA,45,0,No,0,0,0,398985.62,4657965.61
2916,R1-001,"i-DE REDES ELÉCTRICAS INTELIGENTES, S.A.U",Palencia,Palencia,375164.9,4650980.5,STR LOS ANGELES,45,0,No,0,0,0,375164.9,4650980.5
2917,R1-001,"i-DE REDES ELÉCTRICAS INTELIGENTES, S.A.U",Palencia,Palencia,375164.9,4650980.5,STR LOS ANGELES,45,0,No,0,0,0,375164.9,4650980.5
2918,R1-001,"i-DE REDES ELÉCTRICAS INTELIGENTES, S.A.U",Palencia,Palencia,375164.9,4650980.5,STR LOS ANGELES,45,0,No,0,0,0,375164.9,4650980.5
2919,R1-001,"i-DE REDES ELÉCTRICAS INTELIGENTES, S.A.U",Palencia,Palencia,375164.9,4650980.5,STR LOS ANGELES,45,0,No,0,0,0,375164.9,4650980.5
2920,R1-001,"i-DE REDES ELÉCTRICAS INTELIGENTES, S.A.U",Palencia,Palencia,375164.9,4650980.5,STR LOS ANGELES,13,0,No,11.95,0,0,375164.9,4650980.5
2921,R1-001,"i-DE REDES ELÉCTRICAS INTELIGENTES, S.A.U",Palencia,Palencia,375164.9,4650980.5,STR LOS ANGELES,13,0,No,8.7,0,0,375164.9,4650980.5
2922,R1-001,"i-DE REDES ELÉCTRICAS INTELIGENTES, S.A.U",Palencia,Palencia,375164.9,4650980.5,STR LOS ANGELES,13,0,No,12.46,0,0,375164.9,4650980.5
2923,R1-001,"i-DE REDES ELÉCTRICAS INTELIGENTES, S.A.U",Palencia,Palencia,375164.9,4650980.5,STR LOS ANGELES,13,0,No,7.45,0,0,375164.9,4650980.5
2924,R1-001,"i-DE REDES ELÉCTRICAS INTELIGENTES, S.A.U",Palencia,Magaz de Pisuerga,379011.24,4648504.48,STR MAGAZ,13,0,No,17.1,0,0,379011.24,4648504.48
2925,R1-001,"i-DE REDES ELÉCTRICAS INTELIGENTES, S.A.U",Palencia,Magaz de Pisuerga,379011.24,4648504.48,STR MAGAZ,45,0,No,0,0,0,379011.24,4648504.48
2926,R1-001,"i-DE REDES ELÉCTRICAS INTELIGENTES, S.A.U",Palencia,Magaz de Pisuerga,379011.24,4648504.48,STR MAGAZ,13,0,No,13,0,0,379011.24,4648504.48
2927,R1-001,"i-DE REDES ELÉCTRICAS INTELIGENTES, S.A.U",Palencia,Magaz de Pisuerga,379011.24,4648504.48,STR MAGAZ,45,0,No,0,0,0,379011.24,4648504.48
2928,R1-001,"i-DE REDES ELÉCTRICAS INTELIGENTES, S.A.U",Palencia,Palencia,371507.52,4653874.7,STR MOLEDEROS,13,0,No,9.2,0,0,371507.52,4653874.7
2929,R1-001,"i-DE REDES ELÉCTRICAS INTELIGENTES, S.A.U",Palencia,Palencia,371507.52,4653874.7,STR MOLEDEROS,45,0,No,0,0,0,371507.52,4653874.7
2930,R1-001,"i-DE REDES ELÉCTRICAS INTELIGENTES, S.A.U",Palencia,Palencia,371507.52,4653874.7,STR MOLEDEROS,13,0,No,6.11,0,0,371507.52,4653874.7
2931,R1-001,"i-DE REDES ELÉCTRICAS INTELIGENTES, S.A.U",Palencia,Palencia,371507.52,4653874.7,STR MOLEDEROS,45,0,No,0,0,0,371507.52,4653874.7
2932,R1-001,"i-DE REDES ELÉCTRICAS INTELIGENTES, S.A.U",Palencia,Saldaña,357622.97,4709206,STR SALDANA,20,0,No,2.45,0,0,357622.97,4709206
2933,R1-001,"i-DE REDES ELÉCTRICAS INTELIGENTES, S.A.U",Palencia,Saldaña,357622.97,4709206,STR SALDANA,45,0,No,0,0,0,357622.97,4709206
2934,R1-001,"i-DE REDES ELÉCTRICAS INTELIGENTES, S.A.U",Palencia,Santibáñez de la Peña,357866.26,4740498.99,STR SANTIBANEZ,20,0,No,3.4,0,0,357866.26,4740498.99
2935,R1-001,"i-DE REDES ELÉCTRICAS INTELIGENTES, S.A.U",Palencia,Santibáñez de la Peña,357866.26,4740498.99,STR SANTIBANEZ,45,0,No,0,0,0,357866.26,4740498.99
2936,R1-001,"i-DE REDES ELÉCTRICAS INTELIGENTES, S.A.U",Palencia,Venta de Baños,376859.71,4641547.34,STR VENTA DE BANOS,45,0,No,0,0,0,376859.71,4641547.34
2937,R1-001,"i-DE REDES ELÉCTRICAS INTELIGENTES, S.A.U",Palencia,Venta de Baños,376859.71,4641547.34,STR VENTA DE BANOS,13,0,No,12.3,2.75,0,376859.71,4641547.34
2938,R1-001,"i-DE REDES ELÉCTRICAS INTELIGENTES, S.A.U",Palencia,Villada,338554.2,4679261.06,STR VILLADA,13,0,No,1.5,0,0,338554.2,4679261.06
2939,R1-001,"i-DE REDES ELÉCTRICAS INTELIGENTES, S.A.U",Palencia,Villada,338554.2,4679261.06,STR VILLADA,45,0,No,0,0,0,338554.2,4679261.06
2940,R1-001,"i-DE REDES ELÉCTRICAS INTELIGENTES, S.A.U",Salamanca,Villares de la Reina,277954.31,4542198.9,ST ARMUNA,13,0,No,17.97,0,0,277954.31,4542198.9
2941,R1-001,"i-DE REDES ELÉCTRICAS INTELIGENTES, S.A.U",Salamanca,Villares de la Reina,277954.31,4542198.9,ST ARMUNA,132,0,No,0,0,0,277954.31,4542198.9
2942,R1-001,"i-DE REDES ELÉCTRICAS INTELIGENTES, S.A.U",Salamanca,Babilafuente,294746.92,4538130.45,ST BABILAFUENTE,132,0,No,22.7,0,0,294746.92,4538130.45
2943,R1-001,"i-DE REDES ELÉCTRICAS INTELIGENTES, S.A.U",Salamanca,Babilafuente,294746.92,4538130.45,ST BABILAFUENTE,45,0,No,8.36,0,0,294746.92,4538130.45
2944,R1-001,"i-DE REDES ELÉCTRICAS INTELIGENTES, S.A.U",Salamanca,Béjar,264224.68,4475119.36,ST BEJAR,132,0,No,0.05,0,0,264224.68,4475119.36
2945,R1-001,"i-DE REDES ELÉCTRICAS INTELIGENTES, S.A.U",Salamanca,Béjar,264224.68,4475119.36,ST BEJAR,45,0,No,1.13,0,0,264224.68,4475119.36
2946,R1-001,"i-DE REDES ELÉCTRICAS INTELIGENTES, S.A.U",Salamanca,Béjar,264224.68,4475119.36,ST BEJAR,45,0,No,0,0,0,264224.68,4475119.36
2947,R1-001,"i-DE REDES ELÉCTRICAS INTELIGENTES, S.A.U",Salamanca,Guijuelo,273926.22,4490750.32,ST CANADILLAS,132,0,No,0,0,0,273926.22,4490750.32
2948,R1-001,"i-DE REDES ELÉCTRICAS INTELIGENTES, S.A.U",Salamanca,Guijuelo,273926.22,4490750.32,ST CANADILLAS,45,0,No,2.35,0,0,273926.22,4490750.32
2949,R1-001,"i-DE REDES ELÉCTRICAS INTELIGENTES, S.A.U",Salamanca,Guijuelo,273926.22,4490750.32,ST CANADILLAS,13,0,No,14.48,0,0,273926.22,4490750.32
2950,R1-001,"i-DE REDES ELÉCTRICAS INTELIGENTES, S.A.U",Salamanca,Aldeadávila de la Ribera,190920.55,4568484.18,ST CH ALDEADAVILA I,13,0,No,0.2,0,0,190920.55,4568484.18
2951,R1-001,"i-DE REDES ELÉCTRICAS INTELIGENTES, S.A.U",Salamanca,Aldeadávila de la Ribera,190920.55,4568484.18,ST CH ALDEADAVILA I,45,0,No,0,0,0,190920.55,4568484.18
2952,R1-001,"i-DE REDES ELÉCTRICAS INTELIGENTES, S.A.U",Salamanca,Pelayos,280197.96,4505066.77,ST CH SANTA TERESA,132,0,No,0,0,0,280197.96,4505066.77
2953,R1-001,"i-DE REDES ELÉCTRICAS INTELIGENTES, S.A.U",Salamanca,Pelayos,280197.96,4505066.77,ST CH SANTA TERESA,45,0,No,3.71,0,0,280197.96,4505066.77
2954,R1-001,"i-DE REDES ELÉCTRICAS INTELIGENTES, S.A.U",Salamanca,Saucelle,180010.05,4550568.51,ST CH SAUCELLE 1,45,0,No,0.5,0,1,180010.05,4550568.51
2955,R1-001,"i-DE REDES ELÉCTRICAS INTELIGENTES, S.A.U",Salamanca,Salamanca,277631.54,4539595.37,ST GARRIDO,132,0,No,0,0,0,277631.54,4539595.37
2956,R1-001,"i-DE REDES ELÉCTRICAS INTELIGENTES, S.A.U",Salamanca,Salamanca,277631.54,4539595.37,ST GARRIDO,13,0,No,29.96,0,0,277631.54,4539595.37
2957,R1-001,"i-DE REDES ELÉCTRICAS INTELIGENTES, S.A.U",Salamanca,Salamanca,277631.54,4539595.37,ST GARRIDO,13,0,No,23.06,0,0,277631.54,4539595.37
2958,R1-001,"i-DE REDES ELÉCTRICAS INTELIGENTES, S.A.U",Salamanca,Pedrosillo de los Aires,278022.58,4506755.53,ST PEDROSILLO AIRES,132,0,No,0,0,0,278022.58,4506755.53
2959,R1-001,"i-DE REDES ELÉCTRICAS INTELIGENTES, S.A.U",Salamanca,Peñaranda de Bracamonte,314150.59,4532556.17,ST PENARANDA,132,0,No,0,0,0,314150.59,4532556.17
2960,R1-001,"i-DE REDES ELÉCTRICAS INTELIGENTES, S.A.U",Salamanca,Peñaranda de Bracamonte,314150.59,4532556.17,ST PENARANDA,45,0,No,1.95,0,0,314150.59,4532556.17
2961,R1-001,"i-DE REDES ELÉCTRICAS INTELIGENTES, S.A.U",Salamanca,Salamanca,274886.93,4538635.66,ST SALAMANCA,132,0,No,0,0,0,274886.93,4538635.66
2962,R1-001,"i-DE REDES ELÉCTRICAS INTELIGENTES, S.A.U",Salamanca,Salamanca,274886.93,4538635.66,ST SALAMANCA,13,0,No,35.93,0,0,274886.93,4538635.66
2963,R1-001,"i-DE REDES ELÉCTRICAS INTELIGENTES, S.A.U",Salamanca,Salamanca,274886.93,4538635.66,ST SALAMANCA,13,0,No,21.06,0,0,274886.93,4538635.66
2964,R1-001,"i-DE REDES ELÉCTRICAS INTELIGENTES, S.A.U",Salamanca,Villamayor,273736.63,4541092.08,ST VILLAMAYOR,132,0,No,0,0,0,273736.63,4541092.08
2965,R1-001,"i-DE REDES ELÉCTRICAS INTELIGENTES, S.A.U",Salamanca,Villamayor,273736.63,4541092.08,ST VILLAMAYOR,45,0,No,8.38,0,0,273736.63,4541092.08
2966,R1-001,"i-DE REDES ELÉCTRICAS INTELIGENTES, S.A.U",Salamanca,Villamayor,273736.63,4541092.08,ST VILLAMAYOR,45,0,No,2.12,0,0,273736.63,4541092.08
2967,R1-001,"i-DE REDES ELÉCTRICAS INTELIGENTES, S.A.U",Salamanca,Villamayor,273736.63,4541092.08,ST VILLAMAYOR,13,0,No,9.55,0,0,273736.63,4541092.08
2968,R1-001,"i-DE REDES ELÉCTRICAS INTELIGENTES, S.A.U",Salamanca,Villarino de los Aires,207593.54,4572700.54,ST VILLARINO,13,0,No,0.2,0,0,207593.54,4572700.54
2969,R1-001,"i-DE REDES ELÉCTRICAS INTELIGENTES, S.A.U",Salamanca,Villarino de los Aires,207593.54,4572700.54,ST VILLARINO,13,0,No,1.2,0,0,207593.54,4572700.54
2970,R1-001,"i-DE REDES ELÉCTRICAS INTELIGENTES, S.A.U",Salamanca,Villarino de los Aires,207593.54,4572700.54,ST VILLARINO,45,0,No,39.92,0,0,207593.54,4572700.54
2971,R1-001,"i-DE REDES ELÉCTRICAS INTELIGENTES, S.A.U",Salamanca,Alba de Tormes,288090.75,4521431.67,STR ALBA DE TORMES,13,0,No,7.47,0,0,288090.75,4521431.67
2972,R1-001,"i-DE REDES ELÉCTRICAS INTELIGENTES, S.A.U",Salamanca,Alba de Tormes,288090.75,4521431.67,STR ALBA DE TORMES,45,0,No,0,0,0,288090.75,4521431.67
2973,R1-001,"i-DE REDES ELÉCTRICAS INTELIGENTES, S.A.U",Salamanca,Calvarrasa de Arriba,281534.62,4530847.43,STR ALBAHONDA,13,0,No,2.18,0,0,281534.62,4530847.43
2974,R1-001,"i-DE REDES ELÉCTRICAS INTELIGENTES, S.A.U",Salamanca,Calvarrasa de Arriba,281534.62,4530847.43,STR ALBAHONDA,45,0,No,0,0,0,281534.62,4530847.43
2975,R1-001,"i-DE REDES ELÉCTRICAS INTELIGENTES, S.A.U",Salamanca,Calvarrasa de Arriba,281534.62,4530847.43,STR ALBAHONDA,13,0,No,8.24,0,0,281534.62,4530847.43
2976,R1-001,"i-DE REDES ELÉCTRICAS INTELIGENTES, S.A.U",Salamanca,Calvarrasa de Arriba,281534.62,4530847.43,STR ALBAHONDA,45,0,No,0,0,0,281534.62,4530847.43
2977,R1-001,"i-DE REDES ELÉCTRICAS INTELIGENTES, S.A.U",Salamanca,Almenara de Tormes,263116.53,4549715.58,STR ALMENARA TORMES,13,0,No,5.54,0,0,263116.53,4549715.58
2978,R1-001,"i-DE REDES ELÉCTRICAS INTELIGENTES, S.A.U",Salamanca,Almenara de Tormes,263116.53,4549715.58,STR ALMENARA TORMES,45,0,No,0,0,0,263116.53,4549715.58
2979,R1-001,"i-DE REDES ELÉCTRICAS INTELIGENTES, S.A.U",Salamanca,Arabayona de Mógica,299231.14,4547423.25,STR ARABAYONA,13,0,No,3.5,0,0,299231.14,4547423.25
2980,R1-001,"i-DE REDES ELÉCTRICAS INTELIGENTES, S.A.U",Salamanca,Arabayona de Mógica,299231.14,4547423.25,STR ARABAYONA,45,0,No,0,0,0,299231.14,4547423.25
2981,R1-001,"i-DE REDES ELÉCTRICAS INTELIGENTES, S.A.U",Salamanca,Barruecopardo,191926.02,4553838.73,STR BARRUECOPARDO,13,0,No,1.6,0,0,191926.02,4553838.73
2982,R1-001,"i-DE REDES ELÉCTRICAS INTELIGENTES, S.A.U",Salamanca,Barruecopardo,191926.02,4553838.73,STR BARRUECOPARDO,45,0,No,2,0,1,191926.02,4553838.73
2983,R1-001,"i-DE REDES ELÉCTRICAS INTELIGENTES, S.A.U",Salamanca,Béjar,266270.72,4474594.31,STR BEJAR 1,13,0,No,2.6,0,0,266270.72,4474594.31
2984,R1-001,"i-DE REDES ELÉCTRICAS INTELIGENTES, S.A.U",Salamanca,Béjar,266270.72,4474594.31,STR BEJAR 1,45,0,No,0,0,0,266270.72,4474594.31
2985,R1-001,"i-DE REDES ELÉCTRICAS INTELIGENTES, S.A.U",Salamanca,Béjar,266270.72,4474594.31,STR BEJAR 1,13,0,No,3.3,0,0,266270.72,4474594.31
2986,R1-001,"i-DE REDES ELÉCTRICAS INTELIGENTES, S.A.U",Salamanca,Béjar,266270.72,4474594.31,STR BEJAR 1,45,0,No,0,0,0,266270.72,4474594.31
2987,R1-001,"i-DE REDES ELÉCTRICAS INTELIGENTES, S.A.U",Salamanca,Béjar,264160.64,4475090.2,STR BEJAR 2,13,0,No,2.51,0,0,264160.64,4475090.2
2988,R1-001,"i-DE REDES ELÉCTRICAS INTELIGENTES, S.A.U",Salamanca,Béjar,264160.64,4475090.2,STR BEJAR 2,45,0,No,0,0,0,264160.64,4475090.2
2989,R1-001,"i-DE REDES ELÉCTRICAS INTELIGENTES, S.A.U",Salamanca,Villaseco de los Reyes,241546.92,4556667.05,STR CAMPO LEDESMA,13,0,No,2,0,0,241546.92,4556667.05
2990,R1-001,"i-DE REDES ELÉCTRICAS INTELIGENTES, S.A.U",Salamanca,Villaseco de los Reyes,241546.92,4556667.05,STR CAMPO LEDESMA,45,0,No,0,0,0,241546.92,4556667.05
2991,R1-001,"i-DE REDES ELÉCTRICAS INTELIGENTES, S.A.U",Salamanca,Castellanos de Villiquera,274221.01,4549230.94,STR CASTELLANOS DE VILLIQUERA,20,0,No,6.7,0,0,274221.01,4549230.94
2992,R1-001,"i-DE REDES ELÉCTRICAS INTELIGENTES, S.A.U",Salamanca,Castellanos de Villiquera,274221.01,4549230.94,STR CASTELLANOS DE VILLIQUERA,45,0,No,0,0,0,274221.01,4549230.94
2993,R1-001,"i-DE REDES ELÉCTRICAS INTELIGENTES, S.A.U",Salamanca,Cespedosa de Tormes,281668.9,4491685.66,STR CESPEDOSA,13,0,No,1,0,0,281668.9,4491685.66
2994,R1-001,"i-DE REDES ELÉCTRICAS INTELIGENTES, S.A.U",Salamanca,Cespedosa de Tormes,281668.9,4491685.66,STR CESPEDOSA,45,0,No,0,0,0,281668.9,4491685.66
2995,R1-001,"i-DE REDES ELÉCTRICAS INTELIGENTES, S.A.U",Salamanca,Ciudad Rodrigo,202277.71,4500223.83,STR CIUDAD RODRIGO,13,0,No,11.26,0,0,202277.71,4500223.83
2996,R1-001,"i-DE REDES ELÉCTRICAS INTELIGENTES, S.A.U",Salamanca,Ciudad Rodrigo,202277.71,4500223.83,STR CIUDAD RODRIGO,45,0,No,0,0,1,202277.71,4500223.83
2997,R1-001,"i-DE REDES ELÉCTRICAS INTELIGENTES, S.A.U",Salamanca,Ciudad Rodrigo,202277.71,4500223.83,STR CIUDAD RODRIGO,13,0,No,4.5,0,0,202277.71,4500223.83
2998,R1-001,"i-DE REDES ELÉCTRICAS INTELIGENTES, S.A.U",Salamanca,Ciudad Rodrigo,202277.71,4500223.83,STR CIUDAD RODRIGO,45,0,No,0,0,1,202277.71,4500223.83
2999,R1-001,"i-DE REDES ELÉCTRICAS INTELIGENTES, S.A.U",Salamanca,Coca de Alba,300268.67,4527346.46,STR COCA DE ALBA,13,0,No,6.03,0,0,300268.67,4527346.46
3000,R1-001,"i-DE REDES ELÉCTRICAS INTELIGENTES, S.A.U",Salamanca,Coca de Alba,300268.67,4527346.46,STR COCA DE ALBA,45,0,No,0,0,0,300268.67,4527346.46
3001,R1-001,"i-DE REDES ELÉCTRICAS INTELIGENTES, S.A.U",Salamanca,Espeja,186489.65,4499833.96,STR ESPEJA,20,0,No,2.63,0,0,186489.65,4499833.96
3002,R1-001,"i-DE REDES ELÉCTRICAS INTELIGENTES, S.A.U",Salamanca,Espeja,186489.65,4499833.96,STR ESPEJA,45,0,No,0,0,0,186489.65,4499833.96
3003,R1-017,MAESTRAZGO DISTRIBUCION ELECTRICA SL,Castellón/Castelló,Morella,748483.12,4506272.12,S.E. TORREMIRÓ,10,0.29,No,0.27,0,0,748483.12,4506272.12
3004,R1-058,HIDROELECTRICA DE SILLEDA SL,Pontevedra,Silleda,67748.5,4740466.8,Subestación de Silleda,66,0,No,8,0,0,67748.5,4740466.8
3005,R1-058,HIDROELECTRICA DE SILLEDA SL,Pontevedra,Silleda,67748.5,4740466.8,Subestación de Silleda,20,0,No,8,0,0,67748.5,4740466.8
3006,R1-044,COMPAÑIA DE ELECTRICIDAD DEL CONDADO S.A.,Huelva,Almonte,185723.49,4130954.69,SUBES. BLANCA PALOMA,66,8.1,Si,33.27,0,0,185723.49,4130954.69
3007,R1-044,COMPAÑIA DE ELECTRICIDAD DEL CONDADO S.A.,Huelva,Almonte,185723.49,4130954.69,SUBES. BLANCA PALOMA,20,0,Si,33.27,0,0,185723.49,4130954.69
3008,R1-044,COMPAÑIA DE ELECTRICIDAD DEL CONDADO S.A.,Huelva,Chucena,200211.78,4138212.88,Sub. CHUCENA REE–Distribuidores 220/66 kV,66,21.36,No,52.06,0,0,200211.78,4138212.88
3009,R1-001,"i-DE REDES ELÉCTRICAS INTELIGENTES, S.A.U",Salamanca,"Fuente de San Esteban, La",226565.54,4520322.57,STR FUENTE S ESTEBAN,45,0,No,0,0,0,226565.54,4520322.57
3010,R1-121,SOCIEDAD ELECTRICA NUESTRA SEÑORA DE LOS DESAMPARADOS SL,Cuenca,Huete,525951.56,4442233,EL BORBOTON,66,27.06,No,0,0,0,525951.56,4442233
3011,R1-121,SOCIEDAD ELECTRICA NUESTRA SEÑORA DE LOS DESAMPARADOS SL,Cuenca,Huete,525951.56,4442233,EL BORBOTON,20,5.47,No,1.8,0,0,525951.56,4442233
3012,R1-001,"i-DE REDES ELÉCTRICAS INTELIGENTES, S.A.U",Salamanca,"Bodón, El",195542.26,4483361.07,STR FUENTEGUINALDO,20,0,No,2.22,0,0,195542.26,4483361.07
3013,R1-143,SERVILIANO GARCÍA S.A,Segovia,Gomezserracín,389291,4571265,SUBESTACION 45/15 KV DE GOMEZSERRACIN,45,0,No,6.5,0,0,389291,4571265
3014,R1-001,"i-DE REDES ELÉCTRICAS INTELIGENTES, S.A.U",Salamanca,"Bodón, El",195542.26,4483361.07,STR FUENTEGUINALDO,45,0,No,0,0,0,195542.26,4483361.07
3015,R1-143,SERVILIANO GARCÍA S.A,Segovia,Gomezserracín,389291,4571265,SUBESTACION 45/15 KV DE GOMEZSERRACIN,15,0.5,No,6.5,0.4,0,389291,4571265
3016,R1-001,"i-DE REDES ELÉCTRICAS INTELIGENTES, S.A.U",Salamanca,Pedrosillo el Ralo,285802.9,4548385.69,STR GOMECELLO,13,0,No,5.3,0,0,285802.9,4548385.69
3017,R1-014,"AGRI-ENERGIA ELECTRICA, SA",Girona,Palol de Revardit,485259,4654726,SE PLA ESTANY,25,0,No,32.6,0,0,485259,4654726
3018,R1-001,"i-DE REDES ELÉCTRICAS INTELIGENTES, S.A.U",Salamanca,Pedrosillo el Ralo,285802.9,4548385.69,STR GOMECELLO,45,0,No,0,0,0,285802.9,4548385.69
3019,R1-090,ADURIZ DISTRIBUCION SL,Burgos,Medina de Pomar,461119.97,4751447.5,VILLACOMPARADA,45,0,No,0,0,0,461119.97,4751447.5
3020,R1-001,"i-DE REDES ELÉCTRICAS INTELIGENTES, S.A.U",Salamanca,Guijuelo,275616.75,4492936.92,STR GUIJUELO,13,0,No,8.91,0,0,275616.75,4492936.92
3021,R1-090,ADURIZ DISTRIBUCION SL,Burgos,Medina de Pomar,461119.97,4751447.5,VILLACOMPARADA,13,0,No,4.8,0,0,461119.97,4751447.5
3022,R1-001,"i-DE REDES ELÉCTRICAS INTELIGENTES, S.A.U",Salamanca,Guijuelo,275616.75,4492936.92,STR GUIJUELO,45,0,No,0,0,0,275616.75,4492936.92
3023,R1-090,ADURIZ DISTRIBUCION SL,Burgos,Medina de Pomar,459055.38,4752097,FUENTEZAPATA,45,0,No,0,0,0,459055.38,4752097
3024,R1-001,"i-DE REDES ELÉCTRICAS INTELIGENTES, S.A.U",Salamanca,Guijuelo,275616.75,4492936.92,STR GUIJUELO,13,0,No,7.3,0,0,275616.75,4492936.92
3025,R1-090,ADURIZ DISTRIBUCION SL,Burgos,Medina de Pomar,459055.38,4752097,FUENTEZAPATA,13,0,No,4.2,0,0,459055.38,4752097
3026,R1-090,ADURIZ DISTRIBUCION SL,Burgos,Espinosa de los Monteros,456922.88,4767664,ESPINOSA,45,0,No,0,0,0,456922.88,4767664
3027,R1-001,"i-DE REDES ELÉCTRICAS INTELIGENTES, S.A.U",Salamanca,Guijuelo,275616.75,4492936.92,STR GUIJUELO,45,0,No,0,0,0,275616.75,4492936.92
3028,R1-090,ADURIZ DISTRIBUCION SL,Burgos,Espinosa de los Monteros,456922.88,4767664,ESPINOSA,13,0,No,5.4,0,0,456922.88,4767664
3029,R1-001,"i-DE REDES ELÉCTRICAS INTELIGENTES, S.A.U",Salamanca,Huerta,293518.44,4538558.65,STR HUERTA,13,0,No,4.85,0,0,293518.44,4538558.65
3030,R1-090,ADURIZ DISTRIBUCION SL,Burgos,Merindad de Cuesta-Urria,465860.94,4743947,NOFUENTES,20,0,No,0,0,0,465860.94,4743947
3031,R1-001,"i-DE REDES ELÉCTRICAS INTELIGENTES, S.A.U",Salamanca,Huerta,293518.44,4538558.65,STR HUERTA,45,0,No,0,0,0,293518.44,4538558.65
3032,R1-047,"DISTRIBUIDORA DE ENERGÍA ELÉCTRICA DE DON BENITO, S.L.U.",Badajoz,Don Benito,252840.39,4314734.77,00.999 - Subest. FG,45,0,No,0,0,0,252840.39,4314734.77
3033,R1-001,"i-DE REDES ELÉCTRICAS INTELIGENTES, S.A.U",Salamanca,Narros de Matalayegua,255094.45,4505818.59,STR INIGO,13,0,No,2.5,0,0,255094.45,4505818.59
3034,R1-047,"DISTRIBUIDORA DE ENERGÍA ELÉCTRICA DE DON BENITO, S.L.U.",Badajoz,Don Benito,252844.6,4314737.82,00.999 - Subest. FG,20,0,No,0,0,0,252844.6,4314737.82
3035,R1-001,"i-DE REDES ELÉCTRICAS INTELIGENTES, S.A.U",Salamanca,Narros de Matalayegua,255094.45,4505818.59,STR INIGO,45,0,No,0,0,0,255094.45,4505818.59
3036,R1-015,"BASSOLS ENERGÍA, S.A",Girona,Olot,953462,4685574,SE OLOT,25,0,No,50,0,1,953462,4685574
3037,R1-001,"i-DE REDES ELÉCTRICAS INTELIGENTES, S.A.U",Salamanca,Galindo y Perahuy,263968.18,4534878.68,STR LA RAD,13,0,No,2.72,0,0,263968.18,4534878.68
3038,R1-015,"BASSOLS ENERGÍA, S.A",Girona,Sant Jaume de Llierca,973968,4685780,SE SERINYA,25,0,No,25,0,1,973968,4685780
3039,R1-001,"i-DE REDES ELÉCTRICAS INTELIGENTES, S.A.U",Salamanca,Galindo y Perahuy,263968.18,4534878.68,STR LA RAD,45,0,No,0,0,0,263968.18,4534878.68
3040,R1-015,"BASSOLS ENERGÍA, S.A",Girona,Serinyà,961262,4687574,SE POLIGER,25,0,No,50,0,1,961262,4687574
3041,R1-001,"i-DE REDES ELÉCTRICAS INTELIGENTES, S.A.U",Salamanca,Lumbrales,187089.85,4537290.74,STR LUMBRALES,20,0,No,3.11,0,0,187089.85,4537290.74
3042,R1-231,"ELECTRICA CUROS, SL",Girona,Mieres,966289,4679145,SE MIERES,25,0,No,1,0,1,966289,4679145
3043,R1-001,"i-DE REDES ELÉCTRICAS INTELIGENTES, S.A.U",Salamanca,Lumbrales,187089.85,4537290.74,STR LUMBRALES,45,0,No,0,0,1,187089.85,4537290.74
3044,R1-231,"ELECTRICA CUROS, SL",Girona,Mieres,966289,4679145,SE MIERES,5,0,No,1,0,1,966289,4679145
3045,R1-001,"i-DE REDES ELÉCTRICAS INTELIGENTES, S.A.U",Salamanca,Doñinos de Salamanca,270193.09,4538935.67,STR MERCASA,13,0,No,17.23,0,0,270193.09,4538935.67
3046,R1-231,"ELECTRICA CUROS, SL",Girona,Santa Pau,960400,4680983,SE SANTA PAU,25,0,No,1,0,1,960400,4680983
3047,R1-001,"i-DE REDES ELÉCTRICAS INTELIGENTES, S.A.U",Salamanca,Doñinos de Salamanca,270193.09,4538935.67,STR MERCASA,45,0,No,0,0,0,270193.09,4538935.67
3048,R1-231,"ELECTRICA CUROS, SL",Girona,Santa Pau,960400,4680983,SE SANTA PAU,5,0,No,1,0,1,960400,4680983
3049,R1-001,"i-DE REDES ELÉCTRICAS INTELIGENTES, S.A.U",Salamanca,Mogarraz,242014.55,4487946.22,STR MOGARRAZ,13,0,No,4.16,0,0,242014.55,4487946.22
3050,R1-278,TOLARGI SL,Gipuzkoa,Tolosa,574658.99,4776151.08,San Esteban,30,1.3,No,5.9,0,0,574658.99,4776151.08
3051,R1-001,"i-DE REDES ELÉCTRICAS INTELIGENTES, S.A.U",Salamanca,Mogarraz,242014.55,4487946.22,STR MOGARRAZ,45,0,No,0,0,0,242014.55,4487946.22
3052,R1-001,"i-DE REDES ELÉCTRICAS INTELIGENTES, S.A.U",Araba/Álava,Ayala/Aiara,499100.03,4770106.22,ST AIALA,30,0,No,60.19,0,0,499100.03,4770106.22
3053,R1-001,"i-DE REDES ELÉCTRICAS INTELIGENTES, S.A.U",Salamanca,Salamanca,276008.05,4536019.92,STR MONTALVO,13,0,No,18.63,0,0,276008.05,4536019.92
3054,R1-001,"i-DE REDES ELÉCTRICAS INTELIGENTES, S.A.U",Araba/Álava,Vitoria-Gasteiz,523922.11,4744874.01,ST ALI,13,0,No,15,0,0,523922.11,4744874.01
3055,R1-001,"i-DE REDES ELÉCTRICAS INTELIGENTES, S.A.U",Salamanca,Salamanca,276008.05,4536019.92,STR MONTALVO,45,0,No,0,0,0,276008.05,4536019.92
3056,R1-001,"i-DE REDES ELÉCTRICAS INTELIGENTES, S.A.U",Salamanca,Salamanca,276008.05,4536019.92,STR MONTALVO,13,0,No,16.7,0,0,276008.05,4536019.92
3057,R1-001,"i-DE REDES ELÉCTRICAS INTELIGENTES, S.A.U",Salamanca,Salamanca,276008.05,4536019.92,STR MONTALVO,45,0,No,0,0,0,276008.05,4536019.92
3058,R1-001,"i-DE REDES ELÉCTRICAS INTELIGENTES, S.A.U",Salamanca,Nava de Béjar,273193.1,4485221.93,STR NAVA DE BEJAR,13,0,No,0.36,0,0,273193.1,4485221.93
3059,R1-001,"i-DE REDES ELÉCTRICAS INTELIGENTES, S.A.U",Salamanca,Nava de Béjar,273193.1,4485221.93,STR NAVA DE BEJAR,45,0,No,0,0,0,273193.1,4485221.93
3060,R1-001,"i-DE REDES ELÉCTRICAS INTELIGENTES, S.A.U",Salamanca,Peñaranda de Bracamonte,313740.61,4530001.28,STR PENARANDA,13,0,No,5.97,0,0,313740.61,4530001.28
3061,R1-001,"i-DE REDES ELÉCTRICAS INTELIGENTES, S.A.U",Salamanca,Peñaranda de Bracamonte,313740.61,4530001.28,STR PENARANDA,45,0,No,1.12,0,0,313740.61,4530001.28
3062,R1-001,"i-DE REDES ELÉCTRICAS INTELIGENTES, S.A.U",Salamanca,Peñaranda de Bracamonte,313740.61,4530001.28,STR PENARANDA,13,0,No,2.21,0,0,313740.61,4530001.28
3063,R1-001,"i-DE REDES ELÉCTRICAS INTELIGENTES, S.A.U",Salamanca,Peñaranda de Bracamonte,313740.61,4530001.28,STR PENARANDA,45,0,No,0.25,0,0,313740.61,4530001.28
3064,R1-001,"i-DE REDES ELÉCTRICAS INTELIGENTES, S.A.U",Salamanca,Salamanca,277162.99,4537652.19,STR PROSPERIDAD,13,0,No,8.5,0,0,277162.99,4537652.19
3065,R1-001,"i-DE REDES ELÉCTRICAS INTELIGENTES, S.A.U",Salamanca,Salamanca,277162.99,4537652.19,STR PROSPERIDAD,45,0,No,0.65,0,0,277162.99,4537652.19
3066,R1-001,"i-DE REDES ELÉCTRICAS INTELIGENTES, S.A.U",Salamanca,Salamanca,277162.99,4537652.19,STR PROSPERIDAD,13,0,No,15.68,0,0,277162.99,4537652.19
3067,R1-001,"i-DE REDES ELÉCTRICAS INTELIGENTES, S.A.U",Salamanca,Salamanca,277162.99,4537652.19,STR PROSPERIDAD,45,0,No,1.75,0,0,277162.99,4537652.19
3068,R1-001,"i-DE REDES ELÉCTRICAS INTELIGENTES, S.A.U",Salamanca,Robliza de Cojos,249005.51,4529111.3,STR ROBLIZA,13,0,No,3.27,0,0,249005.51,4529111.3
3069,R1-001,"i-DE REDES ELÉCTRICAS INTELIGENTES, S.A.U",Salamanca,Robliza de Cojos,249005.51,4529111.3,STR ROBLIZA,45,0,No,0,0,0,249005.51,4529111.3
3070,R1-001,"i-DE REDES ELÉCTRICAS INTELIGENTES, S.A.U",Salamanca,Sieteiglesias de Tormes,283351.3,4514058.26,STR SIETEIGLESIAS,13,0,No,4.41,0,0,283351.3,4514058.26
3071,R1-001,"i-DE REDES ELÉCTRICAS INTELIGENTES, S.A.U",Salamanca,Sieteiglesias de Tormes,283351.3,4514058.26,STR SIETEIGLESIAS,45,0,No,0,0,0,283351.3,4514058.26
3072,R1-001,"i-DE REDES ELÉCTRICAS INTELIGENTES, S.A.U",Salamanca,Vitigudino,209619.49,4545704.99,STR VITIGUDINO,13,0,No,5.53,0,0,209619.49,4545704.99
3073,R1-001,"i-DE REDES ELÉCTRICAS INTELIGENTES, S.A.U",Salamanca,Vitigudino,209619.49,4545704.99,STR VITIGUDINO,45,0,No,0,0,0,209619.49,4545704.99
3074,R1-001,"i-DE REDES ELÉCTRICAS INTELIGENTES, S.A.U",Salamanca,Zorita de la Frontera,315262.54,4542274.9,STR ZORITA,13,0,No,3.4,0,0,315262.54,4542274.9
3075,R1-001,"i-DE REDES ELÉCTRICAS INTELIGENTES, S.A.U",Salamanca,Zorita de la Frontera,315262.54,4542274.9,STR ZORITA,45,0,No,0,0,0,315262.54,4542274.9
3076,R1-001,"i-DE REDES ELÉCTRICAS INTELIGENTES, S.A.U",Cantabria,Castro-Urdiales,482667.24,4801566.06,STR CASTRO URDIALES,13,0,No,0.77,0,0,482667.24,4801566.06
3077,R1-001,"i-DE REDES ELÉCTRICAS INTELIGENTES, S.A.U",Cantabria,Castro-Urdiales,482667.24,4801566.06,STR CASTRO URDIALES,30,0,No,0,0,0,482667.24,4801566.06
3078,R1-001,"i-DE REDES ELÉCTRICAS INTELIGENTES, S.A.U",Cantabria,Castro-Urdiales,482667.24,4801566.06,STR CASTRO URDIALES,13,0,No,2.55,0,0,482667.24,4801566.06
3079,R1-001,"i-DE REDES ELÉCTRICAS INTELIGENTES, S.A.U",Cantabria,Castro-Urdiales,482667.24,4801566.06,STR CASTRO URDIALES,30,0,No,0,0,0,482667.24,4801566.06
3080,R1-001,"i-DE REDES ELÉCTRICAS INTELIGENTES, S.A.U",Cantabria,Guriezo,474721.28,4797608.01,STR GURIEZO,13,0,No,0.79,0,0,474721.28,4797608.01
3081,R1-001,"i-DE REDES ELÉCTRICAS INTELIGENTES, S.A.U",Cantabria,Guriezo,474721.28,4797608.01,STR GURIEZO,30,0,No,0,0,0,474721.28,4797608.01
3082,R1-001,"i-DE REDES ELÉCTRICAS INTELIGENTES, S.A.U",Cantabria,Castro-Urdiales,482146.5,4802301.2,STR LA PLANA,13,0,No,4.82,0,0,482146.5,4802301.2
3083,R1-001,"i-DE REDES ELÉCTRICAS INTELIGENTES, S.A.U",Cantabria,Castro-Urdiales,482146.5,4802301.2,STR LA PLANA,30,0,No,0,0,0,482146.5,4802301.2
3084,R1-001,"i-DE REDES ELÉCTRICAS INTELIGENTES, S.A.U",Cantabria,Castro-Urdiales,482146.5,4802301.2,STR LA PLANA,13,0,No,6.34,0,0,482146.5,4802301.2
3085,R1-001,"i-DE REDES ELÉCTRICAS INTELIGENTES, S.A.U",Cantabria,Castro-Urdiales,482146.5,4802301.2,STR LA PLANA,30,0,No,0,0,0,482146.5,4802301.2
3086,R1-001,"i-DE REDES ELÉCTRICAS INTELIGENTES, S.A.U",Cantabria,Castro-Urdiales,485748.5,4800292.03,STR ONTON,13,0,No,1.44,0,0,485748.5,4800292.03
3087,R1-001,"i-DE REDES ELÉCTRICAS INTELIGENTES, S.A.U",Cantabria,Castro-Urdiales,485748.5,4800292.03,STR ONTON,30,0,No,0,0,0,485748.5,4800292.03
3088,R1-001,"i-DE REDES ELÉCTRICAS INTELIGENTES, S.A.U",Segovia,Otero de Herreros,398011.4,4517565.86,ST OTERO HERREROS,45,0,No,4.6,0,0,398011.4,4517565.86
3089,R1-001,"i-DE REDES ELÉCTRICAS INTELIGENTES, S.A.U",Segovia,Villacastín,379395.91,4505263.28,STR CAMPO AZALVARO,15,0,No,2.3,0,0,379395.91,4505263.28
3090,R1-001,"i-DE REDES ELÉCTRICAS INTELIGENTES, S.A.U",Segovia,Villacastín,379395.91,4505263.28,STR CAMPO AZALVARO,45,0,No,0,0,0,379395.91,4505263.28
3091,R1-001,"i-DE REDES ELÉCTRICAS INTELIGENTES, S.A.U",Soria,Coscurita,541462.92,4587561.4,ST ALMAZAN,132,0,No,0,0,0,541462.92,4587561.4
3092,R1-001,"i-DE REDES ELÉCTRICAS INTELIGENTES, S.A.U",Soria,Burgo de Osma-Ciudad de Osma,495431.19,4604547.97,ST BURGO DE OSMA,132,0,No,0.1,0,0,495431.19,4604547.97
3093,R1-001,"i-DE REDES ELÉCTRICAS INTELIGENTES, S.A.U",Soria,Burgo de Osma-Ciudad de Osma,495431.19,4604547.97,ST BURGO DE OSMA,45,0,No,7.23,0,0,495431.19,4604547.97
3094,R1-001,"i-DE REDES ELÉCTRICAS INTELIGENTES, S.A.U",Soria,Golmayo,541877.09,4624851.32,ST SORIA,132,0,No,60,0,0,541877.09,4624851.32
3095,R1-001,"i-DE REDES ELÉCTRICAS INTELIGENTES, S.A.U",Soria,Golmayo,541877.09,4624851.32,ST SORIA,45,0,No,20.18,0,0,541877.09,4624851.32
3096,R1-001,"i-DE REDES ELÉCTRICAS INTELIGENTES, S.A.U",Soria,Golmayo,541877.09,4624851.32,ST SORIA,45,0,No,8.72,0,0,541877.09,4624851.32
3097,R1-001,"i-DE REDES ELÉCTRICAS INTELIGENTES, S.A.U",Soria,Golmayo,541877.09,4624851.32,ST SORIA,45,0,No,26.55,0,0,541877.09,4624851.32
3098,R1-001,"i-DE REDES ELÉCTRICAS INTELIGENTES, S.A.U",Soria,Golmayo,541877.09,4624851.32,ST SORIA,13,0,No,12.65,0,0,541877.09,4624851.32
3099,R1-001,"i-DE REDES ELÉCTRICAS INTELIGENTES, S.A.U",Soria,Golmayo,541877.09,4624851.32,ST SORIA,13,0,No,9.77,0,0,541877.09,4624851.32
3100,R1-001,"i-DE REDES ELÉCTRICAS INTELIGENTES, S.A.U",Soria,Golmayo,541877.09,4624851.32,ST SORIA,13,0,No,22.7,0,0,541877.09,4624851.32
3101,R1-001,"i-DE REDES ELÉCTRICAS INTELIGENTES, S.A.U",Soria,Villaciervos,531045.19,4622024.2,ST VILLACIERVOS,132,0,No,0,0,0,531045.19,4622024.2
3102,R1-001,"i-DE REDES ELÉCTRICAS INTELIGENTES, S.A.U",Soria,Soria,548240.57,4623381.85,STR  VALCORBA,13,0,No,9.38,0,0,548240.57,4623381.85
3103,R1-001,"i-DE REDES ELÉCTRICAS INTELIGENTES, S.A.U",Soria,Soria,548240.57,4623381.85,STR  VALCORBA,45,0,No,0,0,0,548240.57,4623381.85
3104,R1-001,"i-DE REDES ELÉCTRICAS INTELIGENTES, S.A.U",Soria,Soria,548240.57,4623381.85,STR  VALCORBA,13,0,No,8.67,0,0,548240.57,4623381.85
3105,R1-001,"i-DE REDES ELÉCTRICAS INTELIGENTES, S.A.U",Soria,Soria,548240.57,4623381.85,STR  VALCORBA,45,0,No,2,0,0,548240.57,4623381.85
3106,R1-001,"i-DE REDES ELÉCTRICAS INTELIGENTES, S.A.U",Soria,Berlanga de Duero,511630.11,4591458.36,STR BERLANGA,13,0,No,1.61,0,0,511630.11,4591458.36
3107,R1-001,"i-DE REDES ELÉCTRICAS INTELIGENTES, S.A.U",Soria,Berlanga de Duero,511630.11,4591458.36,STR BERLANGA,45,0,No,0,0,0,511630.11,4591458.36
3108,R1-001,"i-DE REDES ELÉCTRICAS INTELIGENTES, S.A.U",Soria,Burgo de Osma-Ciudad de Osma,495418.99,4603897.39,STR BURGO DE OSMA,13,0,No,3.13,0,0,495418.99,4603897.39
3109,R1-001,"i-DE REDES ELÉCTRICAS INTELIGENTES, S.A.U",Soria,Burgo de Osma-Ciudad de Osma,495418.99,4603897.39,STR BURGO DE OSMA,45,0,No,0,0,0,495418.99,4603897.39
3110,R1-001,"i-DE REDES ELÉCTRICAS INTELIGENTES, S.A.U",Soria,Covaleda,508979.05,4643433.33,STR COVALEDA,13,0,No,0.56,0,0,508979.05,4643433.33
3111,R1-001,"i-DE REDES ELÉCTRICAS INTELIGENTES, S.A.U",Soria,Covaleda,508979.05,4643433.33,STR COVALEDA,45,0,No,0,0,0,508979.05,4643433.33
3112,R1-001,"i-DE REDES ELÉCTRICAS INTELIGENTES, S.A.U",Soria,Duruelo de la Sierra,506509.68,4644381.45,STR DURUELO,13,0,No,0.25,0,0,506509.68,4644381.45
3113,R1-001,"i-DE REDES ELÉCTRICAS INTELIGENTES, S.A.U",Soria,Duruelo de la Sierra,506509.68,4644381.45,STR DURUELO,45,0,No,0,0,0,506509.68,4644381.45
3114,R1-001,"i-DE REDES ELÉCTRICAS INTELIGENTES, S.A.U",Soria,Garray,541753.34,4630230.51,STR GARRAY,13,0,No,16.72,0,0,541753.34,4630230.51
3115,R1-001,"i-DE REDES ELÉCTRICAS INTELIGENTES, S.A.U",Soria,Garray,541753.34,4630230.51,STR GARRAY,45,0,No,14,0,0,541753.34,4630230.51
3116,R1-001,"i-DE REDES ELÉCTRICAS INTELIGENTES, S.A.U",Soria,Garray,541753.34,4630230.51,STR GARRAY,13,0,No,18.08,0,0,541753.34,4630230.51
3117,R1-001,"i-DE REDES ELÉCTRICAS INTELIGENTES, S.A.U",Soria,Garray,541753.34,4630230.51,STR GARRAY,45,0,No,0,0,0,541753.34,4630230.51
3118,R1-001,"i-DE REDES ELÉCTRICAS INTELIGENTES, S.A.U",Soria,Golmayo,536127.21,4622595.03,STR GOLMAYO,13,0,No,0.49,0,0,536127.21,4622595.03
3119,R1-001,"i-DE REDES ELÉCTRICAS INTELIGENTES, S.A.U",Soria,Golmayo,536127.21,4622595.03,STR GOLMAYO,45,0,No,0,0,0,536127.21,4622595.03
3120,R1-001,"i-DE REDES ELÉCTRICAS INTELIGENTES, S.A.U",Soria,Burgo de Osma-Ciudad de Osma,492870.48,4600501.51,STR LA GUERA,20,0,No,1.24,0,0,492870.48,4600501.51
3121,R1-001,"i-DE REDES ELÉCTRICAS INTELIGENTES, S.A.U",Soria,Burgo de Osma-Ciudad de Osma,492870.48,4600501.51,STR LA GUERA,45,0,No,1.65,0,0,492870.48,4600501.51
3122,R1-001,"i-DE REDES ELÉCTRICAS INTELIGENTES, S.A.U",Soria,Burgo de Osma-Ciudad de Osma,492870.48,4600501.51,STR LA GUERA,20,0,No,0.15,0,0,492870.48,4600501.51
3123,R1-001,"i-DE REDES ELÉCTRICAS INTELIGENTES, S.A.U",Soria,Burgo de Osma-Ciudad de Osma,492870.48,4600501.51,STR LA GUERA,45,0,No,0,0,0,492870.48,4600501.51
3124,R1-001,"i-DE REDES ELÉCTRICAS INTELIGENTES, S.A.U",Soria,Langa de Duero,467434.26,4606190.12,STR LANGA DE DUERO,13,0,No,1.32,0,0,467434.26,4606190.12
3125,R1-001,"i-DE REDES ELÉCTRICAS INTELIGENTES, S.A.U",Soria,Langa de Duero,467434.26,4606190.12,STR LANGA DE DUERO,45,0,No,0,0,0,467434.26,4606190.12
3126,R1-001,"i-DE REDES ELÉCTRICAS INTELIGENTES, S.A.U",Soria,Molinos de Duero,517826.03,4636875.57,STR MOLINOS DE DUERO,13,0,No,2.5,0,0,517826.03,4636875.57
3127,R1-001,"i-DE REDES ELÉCTRICAS INTELIGENTES, S.A.U",Soria,Molinos de Duero,517826.03,4636875.57,STR MOLINOS DE DUERO,45,0,No,0,0,0,517826.03,4636875.57
3128,R1-001,"i-DE REDES ELÉCTRICAS INTELIGENTES, S.A.U",Soria,Navaleno,499888.61,4631592.3,STR NAVALENO,13,0,No,0.54,0,0,499888.61,4631592.3
3129,R1-001,"i-DE REDES ELÉCTRICAS INTELIGENTES, S.A.U",Soria,Navaleno,499888.61,4631592.3,STR NAVALENO,45,0,No,0,0,0,499888.61,4631592.3
3130,R1-001,"i-DE REDES ELÉCTRICAS INTELIGENTES, S.A.U",Soria,San Esteban de Gormaz,482346.14,4602736.39,STR SAN ESTEBAN GORM,13,0,No,6.76,0,0,482346.14,4602736.39
3131,R1-001,"i-DE REDES ELÉCTRICAS INTELIGENTES, S.A.U",Soria,San Esteban de Gormaz,482346.14,4602736.39,STR SAN ESTEBAN GORM,45,0,No,0,0,0,482346.14,4602736.39
3132,R1-001,"i-DE REDES ELÉCTRICAS INTELIGENTES, S.A.U",Soria,San Leonardo de Yagüe,494087.96,4629949.53,STR SAN LEONARDO YAG,13,0,No,0.94,0,0,494087.96,4629949.53
3133,R1-001,"i-DE REDES ELÉCTRICAS INTELIGENTES, S.A.U",Soria,San Leonardo de Yagüe,494087.96,4629949.53,STR SAN LEONARDO YAG,45,0,No,0,0,0,494087.96,4629949.53
3134,R1-001,"i-DE REDES ELÉCTRICAS INTELIGENTES, S.A.U",Soria,Soria,546000.19,4624718.15,STR SORIA ESTE,13,0,No,8.91,0,0,546000.19,4624718.15
3135,R1-001,"i-DE REDES ELÉCTRICAS INTELIGENTES, S.A.U",Soria,Soria,546000.19,4624718.15,STR SORIA ESTE,45,0,No,0,0,0,546000.19,4624718.15
3136,R1-001,"i-DE REDES ELÉCTRICAS INTELIGENTES, S.A.U",Soria,Soria,546000.19,4624718.15,STR SORIA ESTE,13,0,No,8.95,0,0,546000.19,4624718.15
3137,R1-001,"i-DE REDES ELÉCTRICAS INTELIGENTES, S.A.U",Soria,Soria,546000.19,4624718.15,STR SORIA ESTE,45,0,No,0,0,0,546000.19,4624718.15
3138,R1-001,"i-DE REDES ELÉCTRICAS INTELIGENTES, S.A.U",Soria,Vinuesa,519369.01,4639098.05,STR VINUESA,13,0,No,1.28,0,0,519369.01,4639098.05
3139,R1-001,"i-DE REDES ELÉCTRICAS INTELIGENTES, S.A.U",Soria,Vinuesa,519369.01,4639098.05,STR VINUESA,45,0,No,0,0,0,519369.01,4639098.05
3140,R1-001,"i-DE REDES ELÉCTRICAS INTELIGENTES, S.A.U",Teruel,Olba,699965.88,4444778.86,STR CH L.VILLA(NULE),66,0,No,0,0,0,699965.88,4444778.86
3141,R1-001,"i-DE REDES ELÉCTRICAS INTELIGENTES, S.A.U",Toledo,Albarreal de Tajo,391965.16,4416742.79,ST ALBARREAL,132,0,No,0,0,0,391965.16,4416742.79
3142,R1-001,"i-DE REDES ELÉCTRICAS INTELIGENTES, S.A.U",Toledo,Bargas,407174.36,4418555.26,ST BARGAS,132,0,No,0,0,1,407174.36,4418555.26
3143,R1-001,"i-DE REDES ELÉCTRICAS INTELIGENTES, S.A.U",Toledo,Bargas,407174.36,4418555.26,ST BARGAS,20,0,No,22.3,0,0,407174.36,4418555.26
3144,R1-001,"i-DE REDES ELÉCTRICAS INTELIGENTES, S.A.U",Toledo,Bargas,407174.36,4418555.26,ST BARGAS,20,0,No,28.01,0,0,407174.36,4418555.26
3145,R1-001,"i-DE REDES ELÉCTRICAS INTELIGENTES, S.A.U",Toledo,Villaseca de la Sagra,426695.48,4421652.72,ST CT ACECA,132,0,No,8.69,0,1,426695.48,4421652.72
3146,R1-001,"i-DE REDES ELÉCTRICAS INTELIGENTES, S.A.U",Toledo,Talavera de la Reina,347308.26,4425356.35,ST EBORA,20,0.91,No,16.41,0,0,347308.26,4425356.35
3147,R1-001,"i-DE REDES ELÉCTRICAS INTELIGENTES, S.A.U",Toledo,Toledo,417422.49,4412395.6,ST HOSPITAL DE TOLED,132,0,No,0,0,1,417422.49,4412395.6
3148,R1-001,"i-DE REDES ELÉCTRICAS INTELIGENTES, S.A.U",Toledo,Toledo,417422.49,4412395.6,ST HOSPITAL DE TOLED,20,0,No,10.01,0,0,417422.49,4412395.6
3149,R1-001,"i-DE REDES ELÉCTRICAS INTELIGENTES, S.A.U",Toledo,"Navalmorales, Los",359318.13,4399431.53,ST LOS NAVALMORALES,132,0,No,0,0,0,359318.13,4399431.53
3150,R1-001,"i-DE REDES ELÉCTRICAS INTELIGENTES, S.A.U",Toledo,"Navalmorales, Los",359318.13,4399431.53,ST LOS NAVALMORALES,20,0,No,3.49,0,0,359318.13,4399431.53
3151,R1-001,"i-DE REDES ELÉCTRICAS INTELIGENTES, S.A.U",Toledo,"Navalmorales, Los",359318.13,4399431.53,ST LOS NAVALMORALES,20,0,No,6.14,0,0,359318.13,4399431.53
3152,R1-001,"i-DE REDES ELÉCTRICAS INTELIGENTES, S.A.U",Toledo,"Puebla de Montalbán, La",382831.06,4415155.28,ST PUEBLA MONTALBAN,20,0,No,9.65,0,0,382831.06,4415155.28
3153,R1-001,"i-DE REDES ELÉCTRICAS INTELIGENTES, S.A.U",Toledo,"Puebla de Montalbán, La",382831.06,4415155.28,ST PUEBLA MONTALBAN,20,0,No,10.68,0,0,382831.06,4415155.28
3154,R1-001,"i-DE REDES ELÉCTRICAS INTELIGENTES, S.A.U",Toledo,"Puebla de Montalbán, La",382831.06,4415155.28,ST PUEBLA MONTALBAN,132,0,No,0,0,0,382831.06,4415155.28
3155,R1-001,"i-DE REDES ELÉCTRICAS INTELIGENTES, S.A.U",Toledo,Toledo,422014.3,4416041.59,3413,132,0,No,75,0,1,422014.3,4416041.59
3156,R1-001,"i-DE REDES ELÉCTRICAS INTELIGENTES, S.A.U",Toledo,Pepino,344474.06,4429673.09,ST TALAVERA,45,0,No,0.04,0,0,344474.06,4429673.09
3157,R1-001,"i-DE REDES ELÉCTRICAS INTELIGENTES, S.A.U",Toledo,Pepino,344474.06,4429673.09,ST TALAVERA,45,0,No,3.48,0,0,344474.06,4429673.09
3158,R1-001,"i-DE REDES ELÉCTRICAS INTELIGENTES, S.A.U",Toledo,Pepino,344474.06,4429673.09,ST TALAVERA,20,0,No,24.24,0,0,344474.06,4429673.09
3159,R1-001,"i-DE REDES ELÉCTRICAS INTELIGENTES, S.A.U",Toledo,Pepino,344474.06,4429673.09,ST TALAVERA,20,0,No,17.8,0,0,344474.06,4429673.09
3160,R1-001,"i-DE REDES ELÉCTRICAS INTELIGENTES, S.A.U",Toledo,Pepino,344474.06,4429673.09,ST TALAVERA,20,0,No,24.19,0,0,344474.06,4429673.09
3161,R1-001,"i-DE REDES ELÉCTRICAS INTELIGENTES, S.A.U",Toledo,Toledo,415466.7,4414862.64,ST TOLEDO,132,0,No,0.4,0,1,415466.7,4414862.64
3162,R1-001,"i-DE REDES ELÉCTRICAS INTELIGENTES, S.A.U",Toledo,Toledo,415466.7,4414862.64,ST TOLEDO,45,0,No,28.78,0,0,415466.7,4414862.64
3163,R1-001,"i-DE REDES ELÉCTRICAS INTELIGENTES, S.A.U",Toledo,Toledo,415466.7,4414862.64,ST TOLEDO,20,0,No,25.48,0,0,415466.7,4414862.64
3164,R1-001,"i-DE REDES ELÉCTRICAS INTELIGENTES, S.A.U",Toledo,Toledo,415466.7,4414862.64,ST TOLEDO,20,0,No,35.07,0,0,415466.7,4414862.64
3165,R1-001,"i-DE REDES ELÉCTRICAS INTELIGENTES, S.A.U",Toledo,Toledo,415466.7,4414862.64,ST TOLEDO,20,0,No,35.79,0,0,415466.7,4414862.64
3166,R1-001,"i-DE REDES ELÉCTRICAS INTELIGENTES, S.A.U",Toledo,Torrijos,391664.77,4428457.45,ST TORRIJOS,45,0,No,7.44,0,0,391664.77,4428457.45
3167,R1-001,"i-DE REDES ELÉCTRICAS INTELIGENTES, S.A.U",Toledo,Torrijos,391664.77,4428457.45,ST TORRIJOS,20,0,No,16.57,0,0,391664.77,4428457.45
3168,R1-001,"i-DE REDES ELÉCTRICAS INTELIGENTES, S.A.U",Toledo,Torrijos,391664.77,4428457.45,ST TORRIJOS,20,0,No,14.98,0,0,391664.77,4428457.45
3169,R1-001,"i-DE REDES ELÉCTRICAS INTELIGENTES, S.A.U",Toledo,Villaluenga de la Sagra,423728.63,4431259.61,ST VILLALUENGA SAGRA,132,0,No,58.2,0,1,423728.63,4431259.61
3170,R1-001,"i-DE REDES ELÉCTRICAS INTELIGENTES, S.A.U",Toledo,Villaluenga de la Sagra,423728.63,4431259.61,ST VILLALUENGA SAGRA,20,0,No,24.6,0,0,423728.63,4431259.61
3171,R1-001,"i-DE REDES ELÉCTRICAS INTELIGENTES, S.A.U",Toledo,Ajofrín,416201.98,4399802.62,STR AJOFRIN,45,0,No,0,0,0,416201.98,4399802.62
3172,R1-001,"i-DE REDES ELÉCTRICAS INTELIGENTES, S.A.U",Toledo,Alcolea de Tajo,321186.97,4405608.67,STR AZUTAN,20,0,No,9.47,0,0,321186.97,4405608.67
3173,R1-001,"i-DE REDES ELÉCTRICAS INTELIGENTES, S.A.U",Toledo,Alcolea de Tajo,321186.97,4405608.67,STR AZUTAN,45,0,No,0,0,0,321186.97,4405608.67
3174,R1-001,"i-DE REDES ELÉCTRICAS INTELIGENTES, S.A.U",Toledo,Burguillos de Toledo,414001.86,4407119.86,STR BURGUILLOS,45,0,No,0,0,0,414001.86,4407119.86
3175,R1-001,"i-DE REDES ELÉCTRICAS INTELIGENTES, S.A.U",Toledo,Burguillos de Toledo,414001.86,4407119.86,STR BURGUILLOS,20,0,No,13.46,0,0,414001.86,4407119.86
3176,R1-001,"i-DE REDES ELÉCTRICAS INTELIGENTES, S.A.U",Toledo,Calzada de Oropesa,301257.08,4418591.5,STR CALZADA OROPESA,20,0,No,9.39,0,0,301257.08,4418591.5
3177,R1-001,"i-DE REDES ELÉCTRICAS INTELIGENTES, S.A.U",Toledo,Calzada de Oropesa,301257.08,4418591.5,STR CALZADA OROPESA,20,0,No,4.99,0,0,301257.08,4418591.5
3178,R1-001,"i-DE REDES ELÉCTRICAS INTELIGENTES, S.A.U",Toledo,Calzada de Oropesa,301257.08,4418591.5,STR CALZADA OROPESA,45,0,No,0,0,0,301257.08,4418591.5
3179,R1-001,"i-DE REDES ELÉCTRICAS INTELIGENTES, S.A.U",Toledo,Cebolla,369187.12,4418410.75,STR CEBOLLA,45,0,No,0,0,0,369187.12,4418410.75
3180,R1-001,"i-DE REDES ELÉCTRICAS INTELIGENTES, S.A.U",Toledo,Cebolla,369187.12,4418410.75,STR CEBOLLA,20,0,No,9.14,0,0,369187.12,4418410.75
3181,R1-001,"i-DE REDES ELÉCTRICAS INTELIGENTES, S.A.U",Toledo,Cebolla,369187.12,4418410.75,STR CEBOLLA,20,0,No,12.98,0,0,369187.12,4418410.75
3182,R1-001,"i-DE REDES ELÉCTRICAS INTELIGENTES, S.A.U",Toledo,Gálvez,391146.74,4394087.12,STR GALVEZ,45,0,No,0,0,0,391146.74,4394087.12
3183,R1-001,"i-DE REDES ELÉCTRICAS INTELIGENTES, S.A.U",Toledo,Gálvez,391146.74,4394087.12,STR GALVEZ,20,0,No,7.32,0,0,391146.74,4394087.12
3184,R1-001,"i-DE REDES ELÉCTRICAS INTELIGENTES, S.A.U",Toledo,Gálvez,391146.74,4394087.12,STR GALVEZ,20,0,No,11.5,0,0,391146.74,4394087.12
3185,R1-001,"i-DE REDES ELÉCTRICAS INTELIGENTES, S.A.U",Toledo,Talavera de la Reina,333294.13,4423267.2,STR GAMONAL,45,0,No,0,0,0,333294.13,4423267.2
3186,R1-001,"i-DE REDES ELÉCTRICAS INTELIGENTES, S.A.U",Toledo,Talavera de la Reina,333294.13,4423267.2,STR GAMONAL,20,0,No,32.06,0,0,333294.13,4423267.2
3187,R1-001,"i-DE REDES ELÉCTRICAS INTELIGENTES, S.A.U",Toledo,Talavera de la Reina,333294.13,4423267.2,STR GAMONAL,20,0,No,20.68,0,0,333294.13,4423267.2
3188,R1-001,"i-DE REDES ELÉCTRICAS INTELIGENTES, S.A.U",Toledo,Oropesa,313211.28,4421805.75,STR OROPESA,45,0,No,0,0,0,313211.28,4421805.75
3189,R1-001,"i-DE REDES ELÉCTRICAS INTELIGENTES, S.A.U",Toledo,Oropesa,313211.28,4421805.75,STR OROPESA,20,0,No,5.5,0,0,313211.28,4421805.75
3190,R1-001,"i-DE REDES ELÉCTRICAS INTELIGENTES, S.A.U",Toledo,Oropesa,313211.28,4421805.75,STR OROPESA,20,0,No,6.29,0,0,313211.28,4421805.75
3191,R1-001,"i-DE REDES ELÉCTRICAS INTELIGENTES, S.A.U",Toledo,Polán,397920.6,4413475.61,STR PORTUSA,45,0,No,0,0,0,397920.6,4413475.61
3192,R1-001,"i-DE REDES ELÉCTRICAS INTELIGENTES, S.A.U",Toledo,Polán,397920.6,4413475.61,STR PORTUSA,20,0,No,7.71,0,0,397920.6,4413475.61
3193,R1-001,"i-DE REDES ELÉCTRICAS INTELIGENTES, S.A.U",Toledo,Polán,397920.6,4413475.61,STR PORTUSA,20,0,No,9.12,0,0,397920.6,4413475.61
3194,R1-001,"i-DE REDES ELÉCTRICAS INTELIGENTES, S.A.U",Toledo,Quintanar de la Orden,496949.97,4383377.72,STR QUINTANAR DE LA ORDEN,66,0,No,0.42,0,0,496949.97,4383377.72
3195,R1-001,"i-DE REDES ELÉCTRICAS INTELIGENTES, S.A.U",Toledo,Quintanar de la Orden,496949.97,4383377.72,STR QUINTANAR DE LA ORDEN,20,0,No,11.78,0,0,496949.97,4383377.72
3196,R1-001,"i-DE REDES ELÉCTRICAS INTELIGENTES, S.A.U",Toledo,Quintanar de la Orden,496949.97,4383377.72,STR QUINTANAR DE LA ORDEN,20,0,No,16.28,0,0,496949.97,4383377.72
3197,R1-001,"i-DE REDES ELÉCTRICAS INTELIGENTES, S.A.U",Toledo,Orgaz,416725.06,4393258.61,STR SONSECA,45,0,No,0,0,0,416725.06,4393258.61
3198,R1-001,"i-DE REDES ELÉCTRICAS INTELIGENTES, S.A.U",Toledo,Orgaz,416725.06,4393258.61,STR SONSECA,20,0,No,23.27,0,0,416725.06,4393258.61
3199,R1-001,"i-DE REDES ELÉCTRICAS INTELIGENTES, S.A.U",Toledo,Orgaz,416725.06,4393258.61,STR SONSECA,20,0,No,8.31,0,0,416725.06,4393258.61
3200,R1-001,"i-DE REDES ELÉCTRICAS INTELIGENTES, S.A.U",Toledo,Talavera de la Reina,342233.99,4423512.59,STR TALAVERA-2,45,0,No,0,0,0,342233.99,4423512.59
3201,R1-001,"i-DE REDES ELÉCTRICAS INTELIGENTES, S.A.U",Toledo,Talavera de la Reina,342233.99,4423512.59,STR TALAVERA-2,45,0,No,0,0,0,342233.99,4423512.59
3202,R1-001,"i-DE REDES ELÉCTRICAS INTELIGENTES, S.A.U",Toledo,Talavera de la Reina,342233.99,4423512.59,STR TALAVERA-2,20,0,No,23.5,0,0,342233.99,4423512.59
3203,R1-001,"i-DE REDES ELÉCTRICAS INTELIGENTES, S.A.U",Toledo,Talavera de la Reina,342233.99,4423512.59,STR TALAVERA-2,20,0,No,10.82,0,0,342233.99,4423512.59
3204,R1-001,"i-DE REDES ELÉCTRICAS INTELIGENTES, S.A.U",Valencia/València,Benagéber,662908.15,4399070.19,CH BENAGEBER (LIRI),66,0,No,0,0,1,662908.15,4399070.19
3205,R1-001,"i-DE REDES ELÉCTRICAS INTELIGENTES, S.A.U",Valencia/València,Bugarra,690278.97,4386304.5,CH BUGARRA (LIRI),66,0,No,0,0,1,690278.97,4386304.5
3206,R1-001,"i-DE REDES ELÉCTRICAS INTELIGENTES, S.A.U",Valencia/València,Chulilla,682182.19,4389519.57,CH CHULILLA (LIRI),66,0,No,0,0,1,682182.19,4389519.57
3207,R1-001,"i-DE REDES ELÉCTRICAS INTELIGENTES, S.A.U",Valencia/València,Domeño,675935.87,4396949.26,CH DOMENO,66,0,No,0,0,1,675935.87,4396949.26
3208,R1-001,"i-DE REDES ELÉCTRICAS INTELIGENTES, S.A.U",Valencia/València,Gestalgar,689261.09,4386202.85,CH GESTALGAR (LIRI),66,0,No,0,0,1,689261.09,4386202.85
3209,R1-001,"i-DE REDES ELÉCTRICAS INTELIGENTES, S.A.U",Valencia/València,Albal,719988.81,4364026,ST ALBAL (ALMU),20,0,No,160.99,0,0,719988.81,4364026
3210,R1-001,"i-DE REDES ELÉCTRICAS INTELIGENTES, S.A.U",Valencia/València,Aldaia,715017.89,4369880.47,ST ALDAIA (TORR),20,0,Si,65.98,0,0,715017.89,4369880.47
3211,R1-001,"i-DE REDES ELÉCTRICAS INTELIGENTES, S.A.U",Valencia/València,Aldaia,715017.89,4369880.47,ST ALDAIA (TORR),20,0,Si,15.5,0,0,715017.89,4369880.47
3212,R1-001,"i-DE REDES ELÉCTRICAS INTELIGENTES, S.A.U",Valencia/València,Alginet,719211.92,4348670.05,ST ALGINET (ALMU),132,0,No,23.02,0,0,719211.92,4348670.05
3213,R1-001,"i-DE REDES ELÉCTRICAS INTELIGENTES, S.A.U",Valencia/València,Alzira,719717.77,4336439.64,ST ALZIRA (ALCI),132,38.38,No,46.71,0,0,719717.77,4336439.64
3214,R1-001,"i-DE REDES ELÉCTRICAS INTELIGENTES, S.A.U",Valencia/València,Alzira,719717.77,4336439.64,ST ALZIRA (ALCI),66,0,No,38.44,0,1,719717.77,4336439.64
3215,R1-001,"i-DE REDES ELÉCTRICAS INTELIGENTES, S.A.U",Valencia/València,Alzira,719717.77,4336439.64,ST ALZIRA (ALCI),20,0,Si,66.77,0,0,719717.77,4336439.64
3216,R1-001,"i-DE REDES ELÉCTRICAS INTELIGENTES, S.A.U",Valencia/València,Alzira,719717.77,4336439.64,ST ALZIRA (ALCI),20,0,Si,57.85,0,0,719717.77,4336439.64
3217,R1-001,"i-DE REDES ELÉCTRICAS INTELIGENTES, S.A.U",Valencia/València,Alzira,719717.77,4336439.64,ST ALZIRA (ALCI),20,0,Si,72.1,0,0,719717.77,4336439.64
3218,R1-001,"i-DE REDES ELÉCTRICAS INTELIGENTES, S.A.U",Valencia/València,València,728225.11,4370773.77,ST AQUA (VALN),132,0,No,90,0,1,728225.11,4370773.77
3219,R1-001,"i-DE REDES ELÉCTRICAS INTELIGENTES, S.A.U",Valencia/València,València,728225.11,4370773.77,ST AQUA (VALN),20,0,No,16.72,0,0,728225.11,4370773.77
3220,R1-001,"i-DE REDES ELÉCTRICAS INTELIGENTES, S.A.U",Valencia/València,València,728225.11,4370773.77,ST AQUA (VALN),20,4.68,No,35.43,0,0,728225.11,4370773.77
3221,R1-001,"i-DE REDES ELÉCTRICAS INTELIGENTES, S.A.U",Valencia/València,València,728225.11,4370773.77,ST AQUA (VALN),20,6.29,No,11.2,0,0,728225.11,4370773.77
3222,R1-001,"i-DE REDES ELÉCTRICAS INTELIGENTES, S.A.U",Valencia/València,Benicull de Xúquer,724379.4,4340526.44,ST BENICULL (ALCI),20,0,No,92.94,0,0,724379.4,4340526.44
3223,R1-001,"i-DE REDES ELÉCTRICAS INTELIGENTES, S.A.U",Valencia/València,Benicull de Xúquer,724379.4,4340526.44,ST BENICULL (ALCI),20,0,No,103.43,0,0,724379.4,4340526.44
3224,R1-001,"i-DE REDES ELÉCTRICAS INTELIGENTES, S.A.U",Valencia/València,Benifaió,720772.39,4350978.69,ST BENIFAIO (ALMU),20,0,No,16.15,0,0,720772.39,4350978.69
3225,R1-001,"i-DE REDES ELÉCTRICAS INTELIGENTES, S.A.U",Valencia/València,Benifaió,720772.39,4350978.69,ST BENIFAIO (ALMU),132,0,No,0,0,0,720772.39,4350978.69
3226,R1-001,"i-DE REDES ELÉCTRICAS INTELIGENTES, S.A.U",Valencia/València,València,722829.73,4374800.83,ST BENIFERRI  (VALN),20,0.45,No,28.92,0,0,722829.73,4374800.83
3227,R1-001,"i-DE REDES ELÉCTRICAS INTELIGENTES, S.A.U",Valencia/València,València,722829.73,4374800.83,ST BENIFERRI  (VALN),20,1.44,No,36.49,0,0,722829.73,4374800.83
3228,R1-001,"i-DE REDES ELÉCTRICAS INTELIGENTES, S.A.U",Valencia/València,València,722829.73,4374800.83,ST BENIFERRI  (VALN),20,0,No,57.85,0,0,722829.73,4374800.83
3229,R1-001,"i-DE REDES ELÉCTRICAS INTELIGENTES, S.A.U",Valencia/València,Buñol,691347.04,4365863.79,ST BUNOL (UTIE),132,0,No,0.63,0,1,691347.04,4365863.79
3230,R1-001,"i-DE REDES ELÉCTRICAS INTELIGENTES, S.A.U",Valencia/València,Buñol,691347.04,4365863.79,ST BUNOL (UTIE),66,0,No,0,0,0,691347.04,4365863.79
3231,R1-001,"i-DE REDES ELÉCTRICAS INTELIGENTES, S.A.U",Valencia/València,Buñol,691347.04,4365863.79,ST BUNOL (UTIE),20,0,No,31.21,0,0,691347.04,4365863.79
3232,R1-001,"i-DE REDES ELÉCTRICAS INTELIGENTES, S.A.U",Valencia/València,Buñol,691347.04,4365863.79,ST BUNOL (UTIE),20,0,No,33.13,0,0,691347.04,4365863.79
3233,R1-001,"i-DE REDES ELÉCTRICAS INTELIGENTES, S.A.U",Valencia/València,València,728916.81,4373787.76,ST CABANAL  (VALN),132,0,No,0,0,1,728916.81,4373787.76
3234,R1-001,"i-DE REDES ELÉCTRICAS INTELIGENTES, S.A.U",Valencia/València,València,728916.81,4373787.76,ST CABANAL  (VALN),20,0,No,34.48,0,0,728916.81,4373787.76
3235,R1-001,"i-DE REDES ELÉCTRICAS INTELIGENTES, S.A.U",Valencia/València,València,728916.81,4373787.76,ST CABANAL  (VALN),20,0,No,33.33,0,0,728916.81,4373787.76
3236,R1-001,"i-DE REDES ELÉCTRICAS INTELIGENTES, S.A.U",Valencia/València,València,728916.81,4373787.76,ST CABANAL  (VALN),20,0,No,41.43,0,0,728916.81,4373787.76
3237,R1-001,"i-DE REDES ELÉCTRICAS INTELIGENTES, S.A.U",Valencia/València,València,728916.81,4373787.76,ST CABANAL  (VALN),20,0,No,27.8,0,0,728916.81,4373787.76
3238,R1-001,"i-DE REDES ELÉCTRICAS INTELIGENTES, S.A.U",Valencia/València,Carlet,715489.93,4345970.23,ST CARLET (ALCI),132,15.61,No,0.73,0,0,715489.93,4345970.23
3239,R1-001,"i-DE REDES ELÉCTRICAS INTELIGENTES, S.A.U",Valencia/València,Carlet,715489.93,4345970.23,ST CARLET (ALCI),20,0,No,61,0,0,715489.93,4345970.23
3240,R1-001,"i-DE REDES ELÉCTRICAS INTELIGENTES, S.A.U",Valencia/València,Carlet,715489.93,4345970.23,ST CARLET (ALCI),20,0,No,44.89,0,0,715489.93,4345970.23
3241,R1-001,"i-DE REDES ELÉCTRICAS INTELIGENTES, S.A.U",Valencia/València,Catadau,710491.33,4347453.02,ST CATADAU,132,51.37,No,0,0,0,710491.33,4347453.02
3242,R1-001,"i-DE REDES ELÉCTRICAS INTELIGENTES, S.A.U",Valencia/València,Cortes de Pallás,678581.6,4347963.65,ST CH COLLADO (UTIE),132,0,No,0,0,0,678581.6,4347963.65
3243,R1-001,"i-DE REDES ELÉCTRICAS INTELIGENTES, S.A.U",Valencia/València,Cortes de Pallás,678581.6,4347963.65,ST CH COLLADO (UTIE),20,0,No,0.8,0,0,678581.6,4347963.65
3244,R1-001,"i-DE REDES ELÉCTRICAS INTELIGENTES, S.A.U",Valencia/València,Cortes de Pallás,678581.6,4347963.65,ST CH COLLADO (UTIE),20,0,No,0.4,0,0,678581.6,4347963.65
3245,R1-001,"i-DE REDES ELÉCTRICAS INTELIGENTES, S.A.U",Valencia/València,Villargordo del Cabriel,628599.82,4377842.33,ST CH CONTRERAS,132,0,No,8.11,0,0,628599.82,4377842.33
3246,R1-001,"i-DE REDES ELÉCTRICAS INTELIGENTES, S.A.U",Valencia/València,Cheste,699620.54,4372324.77,ST CHESTE (UTIE),132,0,No,44.41,0,0,699620.54,4372324.77
3247,R1-001,"i-DE REDES ELÉCTRICAS INTELIGENTES, S.A.U",Valencia/València,Cheste,699620.54,4372324.77,ST CHESTE (UTIE),20,0,No,40.91,0,0,699620.54,4372324.77
3248,R1-001,"i-DE REDES ELÉCTRICAS INTELIGENTES, S.A.U",Valencia/València,Chiva,699585.46,4371979.61,ST CHIVA (UTIE),132,0,No,0,0,0,699585.46,4371979.61
3249,R1-001,"i-DE REDES ELÉCTRICAS INTELIGENTES, S.A.U",Valencia/València,Chiva,699585.46,4371979.61,ST CHIVA (UTIE),20,0,No,32.49,0,0,699585.46,4371979.61
3250,R1-001,"i-DE REDES ELÉCTRICAS INTELIGENTES, S.A.U",Valencia/València,Chiva,699585.46,4371979.61,ST CHIVA (UTIE),20,0,No,54.37,0,0,699585.46,4371979.61
3251,R1-001,"i-DE REDES ELÉCTRICAS INTELIGENTES, S.A.U",Valencia/València,Cofrentes,664468.36,4346002.88,ST COFRENTES (UTIE),132,0,No,0,0,0,664468.36,4346002.88
3252,R1-001,"i-DE REDES ELÉCTRICAS INTELIGENTES, S.A.U",Valencia/València,Cofrentes,664468.36,4346002.88,ST COFRENTES (UTIE),66,0,No,0,0,0,664468.36,4346002.88
3253,R1-001,"i-DE REDES ELÉCTRICAS INTELIGENTES, S.A.U",Valencia/València,València,729514.37,4370806.43,ST EL GRAO (VALN),132,0,No,41.24,0,1,729514.37,4370806.43
3254,R1-001,"i-DE REDES ELÉCTRICAS INTELIGENTES, S.A.U",Valencia/València,València,729514.37,4370806.43,ST EL GRAO (VALN),20,0,No,46.05,0,0,729514.37,4370806.43
3255,R1-001,"i-DE REDES ELÉCTRICAS INTELIGENTES, S.A.U",Valencia/València,Riba-roja de Túria,712682.21,4373028.51,ST EL OLIVERAL(QUAR),132,0,No,0,0,1,712682.21,4373028.51
3256,R1-001,"i-DE REDES ELÉCTRICAS INTELIGENTES, S.A.U",Valencia/València,Riba-roja de Túria,712682.21,4373028.51,ST EL OLIVERAL(QUAR),20,0,No,23.2,0,0,712682.21,4373028.51
3257,R1-001,"i-DE REDES ELÉCTRICAS INTELIGENTES, S.A.U",Valencia/València,Riba-roja de Túria,712682.21,4373028.51,ST EL OLIVERAL(QUAR),20,0,No,27.3,0,0,712682.21,4373028.51
3258,R1-001,"i-DE REDES ELÉCTRICAS INTELIGENTES, S.A.U",Valencia/València,València,726033.96,4368800.45,ST F.S. LUIS  (VALS),132,0,No,1.52,0,1,726033.96,4368800.45
3259,R1-001,"i-DE REDES ELÉCTRICAS INTELIGENTES, S.A.U",Valencia/València,València,726033.96,4368800.45,ST F.S. LUIS  (VALS),20,0,No,52.94,0,0,726033.96,4368800.45
3260,R1-001,"i-DE REDES ELÉCTRICAS INTELIGENTES, S.A.U",Valencia/València,València,726033.96,4368800.45,ST F.S. LUIS  (VALS),20,0,No,65.82,0,0,726033.96,4368800.45
3261,R1-001,"i-DE REDES ELÉCTRICAS INTELIGENTES, S.A.U",Valencia/València,València,726033.96,4368800.45,ST F.S. LUIS  (VALS),20,0,No,43.49,0,0,726033.96,4368800.45
3262,R1-001,"i-DE REDES ELÉCTRICAS INTELIGENTES, S.A.U",Valencia/València,València,721212.54,4375715.39,ST FIRA MOSTRE(VALN),20,0,No,72.65,0,0,721212.54,4375715.39
3263,R1-001,"i-DE REDES ELÉCTRICAS INTELIGENTES, S.A.U",Valencia/València,València,721212.54,4375715.39,ST FIRA MOSTRE(VALN),20,0,No,70.36,0,0,721212.54,4375715.39
3264,R1-001,"i-DE REDES ELÉCTRICAS INTELIGENTES, S.A.U",Valencia/València,Gandia,743820.75,4318578.86,ST GANDIA (GAND),132,0,No,0.4,0,0,743820.75,4318578.86
3265,R1-001,"i-DE REDES ELÉCTRICAS INTELIGENTES, S.A.U",Valencia/València,Gandia,743820.75,4318578.86,ST GANDIA (GAND),20,0,Si,88.61,0,0,743820.75,4318578.86
3266,R1-001,"i-DE REDES ELÉCTRICAS INTELIGENTES, S.A.U",Valencia/València,Gandia,743820.75,4318578.86,ST GANDIA (GAND),20,0,Si,56.4,0,0,743820.75,4318578.86
3267,R1-001,"i-DE REDES ELÉCTRICAS INTELIGENTES, S.A.U",Valencia/València,Gandia,743820.75,4318578.86,ST GANDIA (GAND),20,0,Si,48.06,0,0,743820.75,4318578.86
3268,R1-001,"i-DE REDES ELÉCTRICAS INTELIGENTES, S.A.U",Valencia/València,Millares,696948.17,4344125.45,ST J. URRUTIA (UTIE),132,38.4,No,0,0,0,696948.17,4344125.45
3269,R1-001,"i-DE REDES ELÉCTRICAS INTELIGENTES, S.A.U",Valencia/València,Millares,696948.17,4344125.45,ST J. URRUTIA (UTIE),13,2.99,No,0.4,0,0,696948.17,4344125.45
3270,R1-001,"i-DE REDES ELÉCTRICAS INTELIGENTES, S.A.U",Valencia/València,"Alcúdia de Crespins, l'",707016.81,4315826.38,ST LA ALCUDIA (JATI),132,33.58,No,0,0,0,707016.81,4315826.38
3271,R1-001,"i-DE REDES ELÉCTRICAS INTELIGENTES, S.A.U",Valencia/València,"Alcúdia de Crespins, l'",707016.81,4315826.38,ST LA ALCUDIA (JATI),66,2.88,No,0,0,0,707016.81,4315826.38
3272,R1-001,"i-DE REDES ELÉCTRICAS INTELIGENTES, S.A.U",Valencia/València,"Alcúdia de Crespins, l'",707016.81,4315826.38,ST LA ALCUDIA (JATI),20,0,No,49.99,0,0,707016.81,4315826.38
3273,R1-001,"i-DE REDES ELÉCTRICAS INTELIGENTES, S.A.U",Valencia/València,"Alcúdia de Crespins, l'",707016.81,4315826.38,ST LA ALCUDIA (JATI),20,0,No,0,0,0,707016.81,4315826.38
3274,R1-001,"i-DE REDES ELÉCTRICAS INTELIGENTES, S.A.U",Valencia/València,Alzira,723480.97,4334710.49,ST LA CASELLA (ALCI),20,0,No,37.89,0,0,723480.97,4334710.49
3275,R1-001,"i-DE REDES ELÉCTRICAS INTELIGENTES, S.A.U",Valencia/València,Alzira,723480.97,4334710.49,ST LA CASELLA (ALCI),66,0,No,0,0,1,723480.97,4334710.49
3276,R1-001,"i-DE REDES ELÉCTRICAS INTELIGENTES, S.A.U",Valencia/València,"Eliana, l'",713851.19,4381277.17,ST LA ELIANA (LIRI),132,0,No,0,0,0,713851.19,4381277.17
3277,R1-001,"i-DE REDES ELÉCTRICAS INTELIGENTES, S.A.U",Valencia/València,"Eliana, l'",713851.19,4381277.17,ST LA ELIANA (LIRI),20,0,No,81.83,0,0,713851.19,4381277.17
3278,R1-001,"i-DE REDES ELÉCTRICAS INTELIGENTES, S.A.U",Valencia/València,"Eliana, l'",713851.19,4381277.17,ST LA ELIANA (LIRI),20,0,No,67.48,0,0,713851.19,4381277.17
3279,R1-001,"i-DE REDES ELÉCTRICAS INTELIGENTES, S.A.U",Valencia/València,València,728780.91,4368889.16,ST LA PUNTA  (VALS),132,0,No,40,0,1,728780.91,4368889.16
3280,R1-001,"i-DE REDES ELÉCTRICAS INTELIGENTES, S.A.U",Valencia/València,València,728780.91,4368889.16,ST LA PUNTA  (VALS),20,0,No,55.17,0,0,728780.91,4368889.16
3281,R1-001,"i-DE REDES ELÉCTRICAS INTELIGENTES, S.A.U",Valencia/València,València,728780.91,4368889.16,ST LA PUNTA  (VALS),20,0,No,35.07,0,0,728780.91,4368889.16
3282,R1-001,"i-DE REDES ELÉCTRICAS INTELIGENTES, S.A.U",Valencia/València,València,728780.91,4368889.16,ST LA PUNTA  (VALS),20,0,No,90.13,0,0,728780.91,4368889.16
3283,R1-001,"i-DE REDES ELÉCTRICAS INTELIGENTES, S.A.U",Valencia/València,Massanassa,725931.2,4364831.26,ST MASSANASSA (ALMU),132,0,No,0,0,0,725931.2,4364831.26
3284,R1-001,"i-DE REDES ELÉCTRICAS INTELIGENTES, S.A.U",Valencia/València,Massanassa,725931.2,4364831.26,ST MASSANASSA (ALMU),20,0,No,25.97,0,0,725931.2,4364831.26
3285,R1-001,"i-DE REDES ELÉCTRICAS INTELIGENTES, S.A.U",Valencia/València,Massanassa,725931.2,4364831.26,ST MASSANASSA (ALMU),20,0,No,41.68,0,0,725931.2,4364831.26
3286,R1-001,"i-DE REDES ELÉCTRICAS INTELIGENTES, S.A.U",Valencia/València,Massanassa,725931.2,4364831.26,ST MASSANASSA (ALMU),20,0,No,35.91,0,0,725931.2,4364831.26
3287,R1-001,"i-DE REDES ELÉCTRICAS INTELIGENTES, S.A.U",Valencia/València,Moixent/Mogente,694912.21,4306837.86,ST MOIXENT (JATI),132,43.09,No,18.2,0,0,694912.21,4306837.86
3288,R1-001,"i-DE REDES ELÉCTRICAS INTELIGENTES, S.A.U",Valencia/València,Sagunt/Sagunto,736181.07,4392438.16,ST MORVEDR-PAR(SAGN),20,0,No,111.85,0,0,736181.07,4392438.16
3289,R1-001,"i-DE REDES ELÉCTRICAS INTELIGENTES, S.A.U",Valencia/València,Sagunt/Sagunto,736181.07,4392438.16,ST MORVEDR-PAR(SAGN),20,0,No,98.75,0,0,736181.07,4392438.16
3290,R1-001,"i-DE REDES ELÉCTRICAS INTELIGENTES, S.A.U",Valencia/València,Sagunt/Sagunto,736181.07,4392438.16,ST MORVEDR-PAR(SAGN),20,0,No,0,0,0,736181.07,4392438.16
3291,R1-001,"i-DE REDES ELÉCTRICAS INTELIGENTES, S.A.U",Valencia/València,Museros,726961.52,4383553.15,ST MUSEROS (SAGN),132,0,Si,39.71,0,1,726961.52,4383553.15
3292,R1-001,"i-DE REDES ELÉCTRICAS INTELIGENTES, S.A.U",Valencia/València,Museros,726961.52,4383553.15,ST MUSEROS (SAGN),20,0,No,51.38,0,0,726961.52,4383553.15
3293,R1-001,"i-DE REDES ELÉCTRICAS INTELIGENTES, S.A.U",Valencia/València,Museros,726961.52,4383553.15,ST MUSEROS (SAGN),20,0,No,79.78,10.01,0,726961.52,4383553.15
3294,R1-001,"i-DE REDES ELÉCTRICAS INTELIGENTES, S.A.U",Valencia/València,València,724138.73,4372342.45,ST NOUMOLES  (VALS),66,0,No,0.46,0,1,724138.73,4372342.45
3295,R1-001,"i-DE REDES ELÉCTRICAS INTELIGENTES, S.A.U",Valencia/València,València,724138.73,4372342.45,ST NOUMOLES  (VALS),11,0,No,21,0,0,724138.73,4372342.45
3296,R1-001,"i-DE REDES ELÉCTRICAS INTELIGENTES, S.A.U",Valencia/València,València,724138.73,4372342.45,ST NOUMOLES  (VALS),11,0,No,9.8,0,0,724138.73,4372342.45
3297,R1-001,"i-DE REDES ELÉCTRICAS INTELIGENTES, S.A.U",Valencia/València,València,724138.73,4372342.45,ST NOUMOLES  (VALS),20,0,No,27.87,0,0,724138.73,4372342.45
3298,R1-001,"i-DE REDES ELÉCTRICAS INTELIGENTES, S.A.U",Valencia/València,Oliva,750610.51,4312826.93,ST OLIVA (GAND),132,0,No,0,0,1,750610.51,4312826.93
3299,R1-001,"i-DE REDES ELÉCTRICAS INTELIGENTES, S.A.U",Valencia/València,Oliva,750610.51,4312826.93,ST OLIVA (GAND),20,0,No,48.02,0,0,750610.51,4312826.93
3300,R1-001,"i-DE REDES ELÉCTRICAS INTELIGENTES, S.A.U",Valencia/València,Oliva,750610.51,4312826.93,ST OLIVA (GAND),20,0,No,49.13,0,0,750610.51,4312826.93
3301,R1-001,"i-DE REDES ELÉCTRICAS INTELIGENTES, S.A.U",Valencia/València,"Olleria, l'",714591.42,4308885.18,ST OLLERIA (JATI),132,25.49,No,0,0,0,714591.42,4308885.18
3302,R1-001,"i-DE REDES ELÉCTRICAS INTELIGENTES, S.A.U",Valencia/València,"Olleria, l'",714591.42,4308885.18,ST OLLERIA (JATI),20,0,No,82.65,0,0,714591.42,4308885.18
3303,R1-001,"i-DE REDES ELÉCTRICAS INTELIGENTES, S.A.U",Valencia/València,"Olleria, l'",714591.42,4308885.18,ST OLLERIA (JATI),20,0,No,44.13,0,0,714591.42,4308885.18
3304,R1-001,"i-DE REDES ELÉCTRICAS INTELIGENTES, S.A.U",Valencia/València,Ontinyent,707325.66,4297847.32,ST ONTENIENTE (JATI),132,63.15,No,0,0,0,707325.66,4297847.32
3305,R1-001,"i-DE REDES ELÉCTRICAS INTELIGENTES, S.A.U",Valencia/València,Ontinyent,707325.66,4297847.32,ST ONTENIENTE (JATI),20,0,No,42.59,0,0,707325.66,4297847.32
3306,R1-001,"i-DE REDES ELÉCTRICAS INTELIGENTES, S.A.U",Valencia/València,Ontinyent,707325.66,4297847.32,ST ONTENIENTE (JATI),20,0,No,32.1,0,0,707325.66,4297847.32
3307,R1-001,"i-DE REDES ELÉCTRICAS INTELIGENTES, S.A.U",Valencia/València,València,725206.92,4370935.23,ST PARQUE CENT(VALS),20,0.62,No,28.35,0,0,725206.92,4370935.23
3308,R1-001,"i-DE REDES ELÉCTRICAS INTELIGENTES, S.A.U",Valencia/València,València,725206.92,4370935.23,ST PARQUE CENT(VALS),20,17.62,No,27.2,0,0,725206.92,4370935.23
3309,R1-001,"i-DE REDES ELÉCTRICAS INTELIGENTES, S.A.U",Valencia/València,València,725206.92,4370935.23,ST PARQUE CENT(VALS),11,0,No,17.68,0,0,725206.92,4370935.23
3310,R1-001,"i-DE REDES ELÉCTRICAS INTELIGENTES, S.A.U",Valencia/València,Paterna,716868.2,4377143.73,ST PATERNA (QUAR),132,0,No,0,0,1,716868.2,4377143.73
3311,R1-001,"i-DE REDES ELÉCTRICAS INTELIGENTES, S.A.U",Valencia/València,Paterna,716868.2,4377143.73,ST PATERNA (QUAR),20,0,No,48.09,0,0,716868.2,4377143.73
3312,R1-001,"i-DE REDES ELÉCTRICAS INTELIGENTES, S.A.U",Valencia/València,Paterna,716868.2,4377143.73,ST PATERNA (QUAR),20,0,No,41.61,0,0,716868.2,4377143.73
3313,R1-001,"i-DE REDES ELÉCTRICAS INTELIGENTES, S.A.U",Valencia/València,València,724397.42,4370594.66,ST PATRAIX  (VALS),20,0,No,43.27,0,0,724397.42,4370594.66
3314,R1-001,"i-DE REDES ELÉCTRICAS INTELIGENTES, S.A.U",Valencia/València,Paterna,716868.2,4377143.73,ST PATERNA (QUAR),66,0,Si,35,0,0,716868.2,4377143.73
3315,R1-001,"i-DE REDES ELÉCTRICAS INTELIGENTES, S.A.U",Valencia/València,València,724397.42,4370594.66,ST PATRAIX  (VALS),20,0,No,53.84,0,0,724397.42,4370594.66
3316,R1-001,"i-DE REDES ELÉCTRICAS INTELIGENTES, S.A.U",Valencia/València,Picanya,719441.04,4369317.54,ST PICANYA (TORR),132,15.62,No,0,0,0,719441.04,4369317.54
3317,R1-001,"i-DE REDES ELÉCTRICAS INTELIGENTES, S.A.U",Valencia/València,Picanya,719441.04,4369317.54,ST PICANYA (TORR),20,0,Si,44.18,0,0,719441.04,4369317.54
3318,R1-001,"i-DE REDES ELÉCTRICAS INTELIGENTES, S.A.U",Valencia/València,Picanya,719441.04,4369317.54,ST PICANYA (TORR),20,0,Si,35.55,0,0,719441.04,4369317.54
3319,R1-001,"i-DE REDES ELÉCTRICAS INTELIGENTES, S.A.U",Valencia/València,Picassent,721273.29,4355809.27,ST PICASSENT (ALMU),132,0,No,211.78,0,0,721273.29,4355809.27
3320,R1-001,"i-DE REDES ELÉCTRICAS INTELIGENTES, S.A.U",Valencia/València,Picassent,721273.29,4355809.27,ST PICASSENT (ALMU),20,0,No,45.07,0,0,721273.29,4355809.27
3321,R1-001,"i-DE REDES ELÉCTRICAS INTELIGENTES, S.A.U",Valencia/València,Picassent,721273.29,4355809.27,ST PICASSENT (ALMU),20,0,No,36.09,0,0,721273.29,4355809.27
3322,R1-001,"i-DE REDES ELÉCTRICAS INTELIGENTES, S.A.U",Valencia/València,Sagunt/Sagunto,738185.99,4392935.69,ST PTO SAGUNTO(SAGN),132,0,Si,111.18,50,0,738185.99,4392935.69
3323,R1-001,"i-DE REDES ELÉCTRICAS INTELIGENTES, S.A.U",Valencia/València,Sagunt/Sagunto,738185.99,4392935.69,ST PTO SAGUNTO(SAGN),20,0,No,21.44,0,0,738185.99,4392935.69
3324,R1-001,"i-DE REDES ELÉCTRICAS INTELIGENTES, S.A.U",Valencia/València,Quart de Poblet,720781.22,4372255.65,ST QUART(QUAR),132,18.19,No,0.26,0,0,720781.22,4372255.65
3325,R1-001,"i-DE REDES ELÉCTRICAS INTELIGENTES, S.A.U",Valencia/València,Quart de Poblet,720781.22,4372255.65,ST QUART(QUAR),20,0,No,41.98,0,0,720781.22,4372255.65
3326,R1-001,"i-DE REDES ELÉCTRICAS INTELIGENTES, S.A.U",Valencia/València,Quart de Poblet,720781.22,4372255.65,ST QUART(QUAR),20,0,No,38.98,0,0,720781.22,4372255.65
3327,R1-001,"i-DE REDES ELÉCTRICAS INTELIGENTES, S.A.U",Valencia/València,Quart de Poblet,720781.22,4372255.65,ST QUART(QUAR),20,0,No,60,0,0,720781.22,4372255.65
3328,R1-001,"i-DE REDES ELÉCTRICAS INTELIGENTES, S.A.U",Valencia/València,Quart de Poblet,720781.22,4372255.65,ST QUART(QUAR),20,0,No,39.19,0,0,720781.22,4372255.65
3329,R1-001,"i-DE REDES ELÉCTRICAS INTELIGENTES, S.A.U",Valencia/València,Sagunt/Sagunto,734413.07,4394927.44,ST SAGUNTO (SAGN),132,0,Si,310,50,0,734413.07,4394927.44
3330,R1-001,"i-DE REDES ELÉCTRICAS INTELIGENTES, S.A.U",Valencia/València,Sagunt/Sagunto,734413.07,4394927.44,ST SAGUNTO (SAGN),66,0,Si,69.01,0,0,734413.07,4394927.44
3331,R1-001,"i-DE REDES ELÉCTRICAS INTELIGENTES, S.A.U",Valencia/València,Sagunt/Sagunto,734413.07,4394927.44,ST SAGUNTO (SAGN),20,0,Si,85.25,0,0,734413.07,4394927.44
3332,R1-001,"i-DE REDES ELÉCTRICAS INTELIGENTES, S.A.U",Valencia/València,Sagunt/Sagunto,734413.07,4394927.44,ST SAGUNTO (SAGN),20,0,Si,126.85,0,0,734413.07,4394927.44
3333,R1-001,"i-DE REDES ELÉCTRICAS INTELIGENTES, S.A.U",Valencia/València,Vinalesa,726265.38,4379365.77,ST VINALESA  (SAGN),66,0,No,0,0,0,726265.38,4379365.77
3334,R1-001,"i-DE REDES ELÉCTRICAS INTELIGENTES, S.A.U",Valencia/València,Vinalesa,726265.38,4379365.77,ST VINALESA  (SAGN),20,0,No,44.22,0,0,726265.38,4379365.77
3335,R1-001,"i-DE REDES ELÉCTRICAS INTELIGENTES, S.A.U",Valencia/València,Vinalesa,726265.38,4379365.77,ST VINALESA  (SAGN),20,0,No,67.45,0,0,726265.38,4379365.77
3336,R1-001,"i-DE REDES ELÉCTRICAS INTELIGENTES, S.A.U",Valencia/València,València,726302.96,4373688.14,ST VIVEROS  (VALN),66,0,No,0,0,1,726302.96,4373688.14
3337,R1-001,"i-DE REDES ELÉCTRICAS INTELIGENTES, S.A.U",Valencia/València,València,726302.96,4373688.14,ST VIVEROS  (VALN),11,0,No,10.73,0,0,726302.96,4373688.14
3338,R1-001,"i-DE REDES ELÉCTRICAS INTELIGENTES, S.A.U",Valencia/València,Gandia,745418.13,4317319.55,ST SANCHO LLOP,20,0,Si,53.78,0,0,745418.13,4317319.55
3339,R1-001,"i-DE REDES ELÉCTRICAS INTELIGENTES, S.A.U",Valencia/València,Gandia,745418.13,4317319.55,ST SANCHO LLOP,20,0,Si,70.29,0,0,745418.13,4317319.55
3340,R1-001,"i-DE REDES ELÉCTRICAS INTELIGENTES, S.A.U",Valencia/València,Silla,723681.62,4359883.54,ST SILLA (ALMU),132,0,No,99.55,0,0,723681.62,4359883.54
3341,R1-001,"i-DE REDES ELÉCTRICAS INTELIGENTES, S.A.U",Valencia/València,Silla,723681.62,4359883.54,ST SILLA (ALMU),66,0,No,0,0,0,723681.62,4359883.54
3342,R1-001,"i-DE REDES ELÉCTRICAS INTELIGENTES, S.A.U",Valencia/València,Silla,723681.62,4359883.54,ST SILLA (ALMU),20,0,No,43.44,0,0,723681.62,4359883.54
3343,R1-001,"i-DE REDES ELÉCTRICAS INTELIGENTES, S.A.U",Valencia/València,Silla,723681.62,4359883.54,ST SILLA (ALMU),20,0,No,49.34,0,0,723681.62,4359883.54
3344,R1-001,"i-DE REDES ELÉCTRICAS INTELIGENTES, S.A.U",Valencia/València,València,725320.98,4375651.98,ST TORREFIEL  (VALN),132,0,No,24.31,0,1,725320.98,4375651.98
3345,R1-001,"i-DE REDES ELÉCTRICAS INTELIGENTES, S.A.U",Valencia/València,València,725320.98,4375651.98,ST TORREFIEL  (VALN),20,0,No,40.63,0,0,725320.98,4375651.98
3346,R1-001,"i-DE REDES ELÉCTRICAS INTELIGENTES, S.A.U",Valencia/València,València,725320.98,4375651.98,ST TORREFIEL  (VALN),20,0,No,36.3,0,0,725320.98,4375651.98
3347,R1-001,"i-DE REDES ELÉCTRICAS INTELIGENTES, S.A.U",Valencia/València,València,725320.98,4375651.98,ST TORREFIEL  (VALN),20,0,No,40.54,0,0,725320.98,4375651.98
3348,R1-001,"i-DE REDES ELÉCTRICAS INTELIGENTES, S.A.U",Valencia/València,Torrent,719165.99,4366853.33,ST TORRENTE (TORR),132,34.57,No,0.09,0,0,719165.99,4366853.33
3349,R1-001,"i-DE REDES ELÉCTRICAS INTELIGENTES, S.A.U",Valencia/València,Torrent,719165.99,4366853.33,ST TORRENTE (TORR),66,26.94,No,2.04,0,0,719165.99,4366853.33
3350,R1-001,"i-DE REDES ELÉCTRICAS INTELIGENTES, S.A.U",Valencia/València,Torrent,719165.99,4366853.33,ST TORRENTE (TORR),20,0,No,39.41,0,0,719165.99,4366853.33
3351,R1-001,"i-DE REDES ELÉCTRICAS INTELIGENTES, S.A.U",Valencia/València,Torrent,719165.99,4366853.33,ST TORRENTE (TORR),20,0,No,79.58,0,0,719165.99,4366853.33
3352,R1-001,"i-DE REDES ELÉCTRICAS INTELIGENTES, S.A.U",Valencia/València,Alzira,703900.17,4333398.22,ST TOUS (JATI),132,0,No,0.27,0,1,703900.17,4333398.22
3353,R1-001,"i-DE REDES ELÉCTRICAS INTELIGENTES, S.A.U",Valencia/València,Utiel,653049.92,4380506.93,ST UTIEL (UTIE),132,0,No,1.74,0,0,653049.92,4380506.93
3354,R1-001,"i-DE REDES ELÉCTRICAS INTELIGENTES, S.A.U",Valencia/València,Utiel,653049.92,4380506.93,ST UTIEL (UTIE),66,0,No,0,0,0,653049.92,4380506.93
3355,R1-001,"i-DE REDES ELÉCTRICAS INTELIGENTES, S.A.U",Valencia/València,Utiel,653049.92,4380506.93,ST UTIEL (UTIE),20,0,No,27.26,0,0,653049.92,4380506.93
3356,R1-001,"i-DE REDES ELÉCTRICAS INTELIGENTES, S.A.U",Valencia/València,Utiel,653049.92,4380506.93,ST UTIEL (UTIE),20,0,No,15.43,0,0,653049.92,4380506.93
3357,R1-001,"i-DE REDES ELÉCTRICAS INTELIGENTES, S.A.U",Valencia/València,Tavernes de la Valldigna,735417.92,4327060.89,ST VALLDIGNA (GAND),20,5.29,No,36.2,0,0,735417.92,4327060.89
3358,R1-001,"i-DE REDES ELÉCTRICAS INTELIGENTES, S.A.U",Valencia/València,Tavernes de la Valldigna,735417.92,4327060.89,ST VALLDIGNA (GAND),20,1.58,No,42.18,0,0,735417.92,4327060.89
3359,R1-001,"i-DE REDES ELÉCTRICAS INTELIGENTES, S.A.U",Valencia/València,Castelló,714488.23,4326475.42,ST VALLECARCER(ALCI),20,0,No,57.14,0,0,714488.23,4326475.42
3360,R1-001,"i-DE REDES ELÉCTRICAS INTELIGENTES, S.A.U",Valencia/València,Castelló,714488.23,4326475.42,ST VALLECARCER(ALCI),20,0,No,73.95,0,0,714488.23,4326475.42
3361,R1-001,"i-DE REDES ELÉCTRICAS INTELIGENTES, S.A.U",Valencia/València,Vilamarxant,706762.54,4381178.31,ST VILLAMARCHA(LIRI),132,0,No,0,0,1,706762.54,4381178.31
3362,R1-001,"i-DE REDES ELÉCTRICAS INTELIGENTES, S.A.U",Valencia/València,Vilamarxant,706762.54,4381178.31,ST VILLAMARCHA(LIRI),66,0,No,1.29,0,0,706762.54,4381178.31
3363,R1-001,"i-DE REDES ELÉCTRICAS INTELIGENTES, S.A.U",Valencia/València,Vilamarxant,706762.54,4381178.31,ST VILLAMARCHA(LIRI),20,0,No,65.82,0,0,706762.54,4381178.31
3364,R1-001,"i-DE REDES ELÉCTRICAS INTELIGENTES, S.A.U",Valencia/València,Vinalesa,726265.38,4379365.77,ST VINALESA  (SAGN),132,0,No,0,0,1,726265.38,4379365.77
3365,R1-001,"i-DE REDES ELÉCTRICAS INTELIGENTES, S.A.U",Valencia/València,València,726302.96,4373688.14,ST VIVEROS  (VALN),20,0,No,24.59,0,0,726302.96,4373688.14
3366,R1-001,"i-DE REDES ELÉCTRICAS INTELIGENTES, S.A.U",Valencia/València,Requena,659668.69,4372245.65,ST.REQUENA (UTIE),66,0,No,0,0,0,659668.69,4372245.65
3367,R1-001,"i-DE REDES ELÉCTRICAS INTELIGENTES, S.A.U",Valencia/València,Requena,659668.69,4372245.65,ST.REQUENA (UTIE),20,0,No,26.56,0,0,659668.69,4372245.65
3368,R1-001,"i-DE REDES ELÉCTRICAS INTELIGENTES, S.A.U",Valencia/València,Requena,659668.69,4372245.65,ST.REQUENA (UTIE),20,0,No,16.59,0,0,659668.69,4372245.65
3369,R1-001,"i-DE REDES ELÉCTRICAS INTELIGENTES, S.A.U",Valencia/València,Manises,714353.2,4377304.95,STR AGUAS POTA(QUAR),66,0,No,3,0,0,714353.2,4377304.95
3370,R1-001,"i-DE REDES ELÉCTRICAS INTELIGENTES, S.A.U",Valencia/València,Almussafes,722682.88,4352279.84,STR ALMUSAFES (ALMU),66,0,No,4.42,0,0,722682.88,4352279.84
3371,R1-001,"i-DE REDES ELÉCTRICAS INTELIGENTES, S.A.U",Valencia/València,Almussafes,722682.88,4352279.84,STR ALMUSAFES (ALMU),20,0,No,16.95,0,0,722682.88,4352279.84
3372,R1-001,"i-DE REDES ELÉCTRICAS INTELIGENTES, S.A.U",Valencia/València,Almussafes,722682.88,4352279.84,STR ALMUSAFES (ALMU),20,0,No,17.13,0,0,722682.88,4352279.84
3373,R1-001,"i-DE REDES ELÉCTRICAS INTELIGENTES, S.A.U",Valencia/València,Rocafort,721443.89,4380486.33,STR C. OLIVAR (QUAR),66,0,No,0,0,0,721443.89,4380486.33
3374,R1-001,"i-DE REDES ELÉCTRICAS INTELIGENTES, S.A.U",Valencia/València,Rocafort,721443.89,4380486.33,STR C. OLIVAR (QUAR),20,0,No,14.57,0,0,721443.89,4380486.33
3375,R1-001,"i-DE REDES ELÉCTRICAS INTELIGENTES, S.A.U",Valencia/València,Rocafort,721443.89,4380486.33,STR C. OLIVAR (QUAR),20,0,No,9.8,0,0,721443.89,4380486.33
3376,R1-001,"i-DE REDES ELÉCTRICAS INTELIGENTES, S.A.U",Valencia/València,Llíria,703740.27,4391048.65,STR CARRASES (LIRI),66,0,No,0,0,1,703740.27,4391048.65
3377,R1-001,"i-DE REDES ELÉCTRICAS INTELIGENTES, S.A.U",Valencia/València,Llíria,703740.27,4391048.65,STR CARRASES (LIRI),20,0,No,41.98,0,0,703740.27,4391048.65
3378,R1-001,"i-DE REDES ELÉCTRICAS INTELIGENTES, S.A.U",Valencia/València,Llíria,703740.27,4391048.65,STR CARRASES (LIRI),20,0,No,25.3,0,0,703740.27,4391048.65
3379,R1-001,"i-DE REDES ELÉCTRICAS INTELIGENTES, S.A.U",Valencia/València,Castelló de Rugat,726318.89,4305380.45,STR CS. RUGAT (JATI),66,2.2,No,0,0,0,726318.89,4305380.45
3380,R1-001,"i-DE REDES ELÉCTRICAS INTELIGENTES, S.A.U",Valencia/València,Castelló de Rugat,726318.89,4305380.45,STR CS. RUGAT (JATI),20,0,No,22.72,0,0,726318.89,4305380.45
3381,R1-001,"i-DE REDES ELÉCTRICAS INTELIGENTES, S.A.U",Valencia/València,Castelló de Rugat,726318.89,4305380.45,STR CS. RUGAT (JATI),20,0,No,7.35,0,0,726318.89,4305380.45
3382,R1-001,"i-DE REDES ELÉCTRICAS INTELIGENTES, S.A.U",Valencia/València,Cullera,736212.55,4340404.66,STR CULLERA (GAND),66,0,No,0,0,0,736212.55,4340404.66
3383,R1-001,"i-DE REDES ELÉCTRICAS INTELIGENTES, S.A.U",Valencia/València,Cullera,736212.55,4340404.66,STR CULLERA (GAND),20,0,No,14.47,0,0,736212.55,4340404.66
3384,R1-001,"i-DE REDES ELÉCTRICAS INTELIGENTES, S.A.U",Valencia/València,Cullera,736212.55,4340404.66,STR CULLERA (GAND),20,0,No,31.68,0,0,736212.55,4340404.66
3385,R1-001,"i-DE REDES ELÉCTRICAS INTELIGENTES, S.A.U",Valencia/València,Sueca,736044.29,4348242.65,STR EL PERELLO(GAND),66,0,No,0,0,0,736044.29,4348242.65
3386,R1-001,"i-DE REDES ELÉCTRICAS INTELIGENTES, S.A.U",Valencia/València,Sueca,736044.29,4348242.65,STR EL PERELLO(GAND),20,0,No,12.62,0,0,736044.29,4348242.65
3387,R1-001,"i-DE REDES ELÉCTRICAS INTELIGENTES, S.A.U",Valencia/València,Sueca,736044.29,4348242.65,STR EL PERELLO(GAND),20,0,No,9,0,0,736044.29,4348242.65
3388,R1-001,"i-DE REDES ELÉCTRICAS INTELIGENTES, S.A.U",Valencia/València,València,730656.23,4359038.41,STR EL SALER  (VALS),66,0,No,0,0,0,730656.23,4359038.41
3389,R1-001,"i-DE REDES ELÉCTRICAS INTELIGENTES, S.A.U",Valencia/València,València,730656.23,4359038.41,STR EL SALER  (VALS),20,0,No,4,0,0,730656.23,4359038.41
3390,R1-001,"i-DE REDES ELÉCTRICAS INTELIGENTES, S.A.U",Valencia/València,"Font de la Figuera, la",682749.04,4299301.57,STR F. HIGUERA(JATI),66,5.47,No,0,0,0,682749.04,4299301.57
3391,R1-001,"i-DE REDES ELÉCTRICAS INTELIGENTES, S.A.U",Valencia/València,Cofrentes,664566.12,4344147.03,STR HERVIDEROS(UTIE),66,0,No,0,0,0,664566.12,4344147.03
3392,R1-001,"i-DE REDES ELÉCTRICAS INTELIGENTES, S.A.U",Valencia/València,Cofrentes,664566.12,4344147.03,STR HERVIDEROS(UTIE),20,0,No,6.4,0,0,664566.12,4344147.03
3393,R1-001,"i-DE REDES ELÉCTRICAS INTELIGENTES, S.A.U",Valencia/València,Vilamarxant,699307.51,4386476.37,STR LA PEA (LIRI),66,0,No,0,0,1,699307.51,4386476.37
3394,R1-001,"i-DE REDES ELÉCTRICAS INTELIGENTES, S.A.U",Valencia/València,Vilamarxant,699307.51,4386476.37,STR LA PEA (LIRI),20,0,No,3.6,0,0,699307.51,4386476.37
3395,R1-001,"i-DE REDES ELÉCTRICAS INTELIGENTES, S.A.U",Valencia/València,Cortes de Pallás,677244.7,4347390.71,STR LAS VINAS (UTIE),66,0,No,0,0,0,677244.7,4347390.71
3396,R1-001,"i-DE REDES ELÉCTRICAS INTELIGENTES, S.A.U",Valencia/València,Quart de Poblet,713316.32,4372106.86,STR LL.QUART (QUART),66,0,No,0.02,0,0,713316.32,4372106.86
3397,R1-001,"i-DE REDES ELÉCTRICAS INTELIGENTES, S.A.U",Valencia/València,Quart de Poblet,713316.32,4372106.86,STR LL.QUART (QUART),20,0,No,11.1,0,0,713316.32,4372106.86
3398,R1-001,"i-DE REDES ELÉCTRICAS INTELIGENTES, S.A.U",Valencia/València,Quart de Poblet,713316.32,4372106.86,STR LL.QUART (QUART),20,0,No,10.25,0,0,713316.32,4372106.86
3399,R1-001,"i-DE REDES ELÉCTRICAS INTELIGENTES, S.A.U",Valencia/València,Llíria,706975.49,4390042.21,STR LLIRIA (LIRI),66,0,No,0,0,1,706975.49,4390042.21
3400,R1-001,"i-DE REDES ELÉCTRICAS INTELIGENTES, S.A.U",Valencia/València,Llíria,706975.49,4390042.21,STR LLIRIA (LIRI),20,0,No,26.53,0,0,706975.49,4390042.21
3401,R1-001,"i-DE REDES ELÉCTRICAS INTELIGENTES, S.A.U",Valencia/València,Llíria,706975.49,4390042.21,STR LLIRIA (LIRI),20,0,No,28.96,0,0,706975.49,4390042.21
3402,R1-001,"i-DE REDES ELÉCTRICAS INTELIGENTES, S.A.U",Valencia/València,Losa del Obispo,682858.91,4395881.85,STR LOSA OBISP(LIRI),66,0,No,0,0,1,682858.91,4395881.85
3403,R1-001,"i-DE REDES ELÉCTRICAS INTELIGENTES, S.A.U",Valencia/València,Losa del Obispo,682858.91,4395881.85,STR LOSA OBISP(LIRI),20,0,No,8.18,0,0,682858.91,4395881.85
3404,R1-001,"i-DE REDES ELÉCTRICAS INTELIGENTES, S.A.U",Valencia/València,Losa del Obispo,682858.91,4395881.85,STR LOSA OBISP(LIRI),20,0,No,8.42,0,0,682858.91,4395881.85
3405,R1-001,"i-DE REDES ELÉCTRICAS INTELIGENTES, S.A.U",Valencia/València,Massalfassar,731329.79,4381094.19,STR MASSALFASS(SAGN),66,0,Si,62.16,0,0,731329.79,4381094.19
3406,R1-001,"i-DE REDES ELÉCTRICAS INTELIGENTES, S.A.U",Valencia/València,Massalfassar,731329.79,4381094.19,STR MASSALFASS(SAGN),20,0,No,29.58,0,0,731329.79,4381094.19
3407,R1-001,"i-DE REDES ELÉCTRICAS INTELIGENTES, S.A.U",Valencia/València,Massalfassar,731329.79,4381094.19,STR MASSALFASS(SAGN),20,0,No,17.26,0,0,731329.79,4381094.19
3408,R1-001,"i-DE REDES ELÉCTRICAS INTELIGENTES, S.A.U",Valencia/València,Puçol,729978.25,4389394.82,STR PUZOL (SAGN),66,0,Si,23.49,0,0,729978.25,4389394.82
3409,R1-001,"i-DE REDES ELÉCTRICAS INTELIGENTES, S.A.U",Valencia/València,Puçol,729978.25,4389394.82,STR PUZOL (SAGN),20,0,Si,14.56,0,0,729978.25,4389394.82
3410,R1-001,"i-DE REDES ELÉCTRICAS INTELIGENTES, S.A.U",Valencia/València,Puçol,729978.25,4389394.82,STR PUZOL (SAGN),20,0,Si,16.6,0,0,729978.25,4389394.82
3411,R1-001,"i-DE REDES ELÉCTRICAS INTELIGENTES, S.A.U",Valencia/València,Vallada,700028.36,4309139.16,STR R-VALLADA (JATI),66,2.8,No,0,0,0,700028.36,4309139.16
3412,R1-001,"i-DE REDES ELÉCTRICAS INTELIGENTES, S.A.U",Valencia/València,Tuéjar,666407.3,4404707.09,STR TUEJAR (LIRI),66,0,No,0,0,1,666407.3,4404707.09
3413,R1-001,"i-DE REDES ELÉCTRICAS INTELIGENTES, S.A.U",Valencia/València,Tuéjar,666407.3,4404707.09,STR TUEJAR (LIRI),20,0,No,6.96,0,0,666407.3,4404707.09
3414,R1-001,"i-DE REDES ELÉCTRICAS INTELIGENTES, S.A.U",Valencia/València,Xàtiva,713667.57,4318823.94,STR XATIVA (JATI),66,2.16,No,0,0,0,713667.57,4318823.94
3415,R1-001,"i-DE REDES ELÉCTRICAS INTELIGENTES, S.A.U",Valencia/València,Xàtiva,713667.57,4318823.94,STR XATIVA (JATI),20,0.09,No,24.07,0,0,713667.57,4318823.94
3416,R1-001,"i-DE REDES ELÉCTRICAS INTELIGENTES, S.A.U",Valencia/València,Xàtiva,713667.57,4318823.94,STR XATIVA (JATI),20,0,No,20.99,0,0,713667.57,4318823.94
3417,R1-001,"i-DE REDES ELÉCTRICAS INTELIGENTES, S.A.U",Valencia/València,Xàtiva,713667.57,4318823.94,STR XATIVA (JATI),20,0,No,31.68,0,0,713667.57,4318823.94
3418,R1-001,"i-DE REDES ELÉCTRICAS INTELIGENTES, S.A.U",Valencia/València,Buñol,691563.45,4367988.11,STR.GALLO (UTIE),66,0,No,0,0,1,691563.45,4367988.11
3419,R1-001,"i-DE REDES ELÉCTRICAS INTELIGENTES, S.A.U",Valladolid,Boecillo,356978.34,4598517.94,ST LAS ARROYADAS,45,4.8,No,41.8,0,0,356978.34,4598517.94
3420,R1-001,"i-DE REDES ELÉCTRICAS INTELIGENTES, S.A.U",Valladolid,Boecillo,356978.34,4598517.94,ST LAS ARROYADAS,45,4.8,No,26.3,0,0,356978.34,4598517.94
3421,R1-001,"i-DE REDES ELÉCTRICAS INTELIGENTES, S.A.U",Valladolid,Boecillo,356978.34,4598517.94,ST LAS ARROYADAS,13,4.8,No,19,0,0,356978.34,4598517.94
3422,R1-001,"i-DE REDES ELÉCTRICAS INTELIGENTES, S.A.U",Valladolid,Boecillo,356978.34,4598517.94,ST LAS ARROYADAS,13,4.8,No,12.3,0,0,356978.34,4598517.94
3423,R1-001,"i-DE REDES ELÉCTRICAS INTELIGENTES, S.A.U",Valladolid,Medina del Campo,340029.8,4576879.9,ST MEDINA DE CAMPO,45,0,Si,45.66,0,0,340029.8,4576879.9
3424,R1-001,"i-DE REDES ELÉCTRICAS INTELIGENTES, S.A.U",Valladolid,Medina del Campo,340029.8,4576879.9,ST MEDINA DE CAMPO,13,0,No,4.62,0,0,340029.8,4576879.9
3425,R1-001,"i-DE REDES ELÉCTRICAS INTELIGENTES, S.A.U",Valladolid,Medina del Campo,340029.8,4576879.9,ST MEDINA DE CAMPO,13,0,No,6.17,0.95,0,340029.8,4576879.9
3426,R1-001,"i-DE REDES ELÉCTRICAS INTELIGENTES, S.A.U",Valladolid,"Mudarra, La",338929.64,4628358.4,ST MUDARRA IBD,45,0,No,0,0,0,338929.64,4628358.4
3427,R1-001,"i-DE REDES ELÉCTRICAS INTELIGENTES, S.A.U",Valladolid,"Mudarra, La",338929.64,4628358.4,ST MUDARRA IBD,45,0,No,40.92,0,0,338929.64,4628358.4
3428,R1-001,"i-DE REDES ELÉCTRICAS INTELIGENTES, S.A.U",Valladolid,Valladolid,360170.32,4611580.84,ST RENEDO,45,0,Si,59.14,90,0,360170.32,4611580.84
3429,R1-001,"i-DE REDES ELÉCTRICAS INTELIGENTES, S.A.U",Valladolid,Valladolid,360170.32,4611580.84,ST RENEDO,45,0,Si,3.6,0,0,360170.32,4611580.84
3430,R1-001,"i-DE REDES ELÉCTRICAS INTELIGENTES, S.A.U",Valladolid,Valladolid,360170.32,4611580.84,ST RENEDO,45,0,Si,33.8,0,0,360170.32,4611580.84
3431,R1-001,"i-DE REDES ELÉCTRICAS INTELIGENTES, S.A.U",Valladolid,Tordesillas,331994.91,4596975.39,ST TORDESILLAS,45,0,Si,6.3,180,0,331994.91,4596975.39
3432,R1-001,"i-DE REDES ELÉCTRICAS INTELIGENTES, S.A.U",Valladolid,Tordesillas,331994.91,4596975.39,ST TORDESILLAS,45,0,Si,30,0,0,331994.91,4596975.39
3433,R1-001,"i-DE REDES ELÉCTRICAS INTELIGENTES, S.A.U",Valladolid,Tordesillas,331994.91,4596975.39,ST TORDESILLAS,13,0,No,2,0,0,331994.91,4596975.39
3434,R1-001,"i-DE REDES ELÉCTRICAS INTELIGENTES, S.A.U",Valladolid,Tordesillas,331994.91,4596975.39,ST TORDESILLAS,13,0,No,3.62,0.4,0,331994.91,4596975.39
3435,R1-001,"i-DE REDES ELÉCTRICAS INTELIGENTES, S.A.U",Valladolid,Valladolid,354867.59,4612122.18,ST VALLADOLID,13,0,No,23.31,0,0,354867.59,4612122.18
3436,R1-001,"i-DE REDES ELÉCTRICAS INTELIGENTES, S.A.U",Valladolid,Valladolid,354867.59,4612122.18,ST VALLADOLID,13,0,No,12.55,1.25,0,354867.59,4612122.18
3437,R1-001,"i-DE REDES ELÉCTRICAS INTELIGENTES, S.A.U",Valladolid,Valladolid,354867.59,4612122.18,ST VALLADOLID,13,0,No,14.77,0,0,354867.59,4612122.18
3438,R1-001,"i-DE REDES ELÉCTRICAS INTELIGENTES, S.A.U",Valladolid,Valladolid,354867.59,4612122.18,ST VALLADOLID,13,0,No,14.29,0,0,354867.59,4612122.18
3439,R1-001,"i-DE REDES ELÉCTRICAS INTELIGENTES, S.A.U",Valladolid,Valladolid,354867.59,4612122.18,ST VALLADOLID,13,0,No,11.5,0,0,354867.59,4612122.18
3440,R1-001,"i-DE REDES ELÉCTRICAS INTELIGENTES, S.A.U",Valladolid,Valladolid,354867.59,4612122.18,ST VALLADOLID,13,0,No,14.58,0,0,354867.59,4612122.18
3441,R1-001,"i-DE REDES ELÉCTRICAS INTELIGENTES, S.A.U",Valladolid,Zaratán,349025.69,4611290.33,ST ZARATAN,45,0,No,40.88,0,0,349025.69,4611290.33
3442,R1-001,"i-DE REDES ELÉCTRICAS INTELIGENTES, S.A.U",Valladolid,Zaratán,349025.69,4611290.33,ST ZARATAN,45,0,No,44.5,0,0,349025.69,4611290.33
3443,R1-001,"i-DE REDES ELÉCTRICAS INTELIGENTES, S.A.U",Valladolid,Ataquines,347085.53,4562043.96,STR ATAQUINES,13,0,No,5.81,0,0,347085.53,4562043.96
3444,R1-001,"i-DE REDES ELÉCTRICAS INTELIGENTES, S.A.U",Valladolid,Ataquines,347085.53,4562043.96,STR ATAQUINES,45,0,No,0.11,0,0,347085.53,4562043.96
3445,R1-001,"i-DE REDES ELÉCTRICAS INTELIGENTES, S.A.U",Valladolid,Becilla de Valderaduey,317432.07,4662889.71,STR BECILLA VALDERAD,45,0,No,0,0,0,317432.07,4662889.71
3446,R1-001,"i-DE REDES ELÉCTRICAS INTELIGENTES, S.A.U",Valladolid,Becilla de Valderaduey,317432.07,4662889.71,STR BECILLA VALDERAD,13,0,No,2.1,0,0,317432.07,4662889.71
3447,R1-001,"i-DE REDES ELÉCTRICAS INTELIGENTES, S.A.U",Valladolid,Boecillo,359492.3,4600200.44,STR BOECILLO,13,0,No,2.26,0,0,359492.3,4600200.44
3448,R1-001,"i-DE REDES ELÉCTRICAS INTELIGENTES, S.A.U",Valladolid,Boecillo,359492.3,4600200.44,STR BOECILLO,45,0,No,0,0,0,359492.3,4600200.44
3449,R1-001,"i-DE REDES ELÉCTRICAS INTELIGENTES, S.A.U",Valladolid,Boecillo,359492.3,4600200.44,STR BOECILLO,13,0,No,5.6,0,0,359492.3,4600200.44
3450,R1-001,"i-DE REDES ELÉCTRICAS INTELIGENTES, S.A.U",Valladolid,Boecillo,359492.3,4600200.44,STR BOECILLO,45,0,No,0,0,0,359492.3,4600200.44
3451,R1-001,"i-DE REDES ELÉCTRICAS INTELIGENTES, S.A.U",Valladolid,Valladolid,353955.68,4608705.52,STR CANADA P DUERO,13,0,No,7.3,0,0,353955.68,4608705.52
3452,R1-001,"i-DE REDES ELÉCTRICAS INTELIGENTES, S.A.U",Valladolid,Valladolid,353955.68,4608705.52,STR CANADA P DUERO,45,0,No,0,0,0,353955.68,4608705.52
3453,R1-001,"i-DE REDES ELÉCTRICAS INTELIGENTES, S.A.U",Valladolid,Valladolid,357567.55,4610442.02,STR CANTERAC,13,0,No,6.46,0,0,357567.55,4610442.02
3454,R1-001,"i-DE REDES ELÉCTRICAS INTELIGENTES, S.A.U",Valladolid,Valladolid,357567.55,4610442.02,STR CANTERAC,45,0,No,0,0,0,357567.55,4610442.02
3455,R1-001,"i-DE REDES ELÉCTRICAS INTELIGENTES, S.A.U",Valladolid,Valladolid,357567.55,4610442.02,STR CANTERAC,13,0,No,5.6,0,0,357567.55,4610442.02
3456,R1-001,"i-DE REDES ELÉCTRICAS INTELIGENTES, S.A.U",Valladolid,Valladolid,357567.55,4610442.02,STR CANTERAC,45,0,No,0,0,0,357567.55,4610442.02
3457,R1-001,"i-DE REDES ELÉCTRICAS INTELIGENTES, S.A.U",Valladolid,Valladolid,358212.3,4614701.39,STR CEMENTERIO,13,0,No,7.8,0,0,358212.3,4614701.39
3458,R1-001,"i-DE REDES ELÉCTRICAS INTELIGENTES, S.A.U",Valladolid,Valladolid,358212.3,4614701.39,STR CEMENTERIO,45,0,No,0,0,0,358212.3,4614701.39
3459,R1-001,"i-DE REDES ELÉCTRICAS INTELIGENTES, S.A.U",Valladolid,Valladolid,358212.3,4614701.39,STR CEMENTERIO,13,0,No,7.44,0,0,358212.3,4614701.39
3460,R1-001,"i-DE REDES ELÉCTRICAS INTELIGENTES, S.A.U",Valladolid,Valladolid,358212.3,4614701.39,STR CEMENTERIO,45,0,No,0,0,0,358212.3,4614701.39
3461,R1-001,"i-DE REDES ELÉCTRICAS INTELIGENTES, S.A.U",Valladolid,Simancas,345608.34,4602625.9,STR CH PESQUERUELA,13,0,No,4.86,0,0,345608.34,4602625.9
3462,R1-001,"i-DE REDES ELÉCTRICAS INTELIGENTES, S.A.U",Valladolid,Simancas,345608.34,4602625.9,STR CH PESQUERUELA,45,0,No,0,0,0,345608.34,4602625.9
3463,R1-001,"i-DE REDES ELÉCTRICAS INTELIGENTES, S.A.U",Valladolid,Cabezón de Pisuerga,361741.36,4622482,STR CIGALES,13,0,No,7.2,0,0,361741.36,4622482
3464,R1-001,"i-DE REDES ELÉCTRICAS INTELIGENTES, S.A.U",Valladolid,Cabezón de Pisuerga,361741.36,4622482,STR CIGALES,45,0,No,0,0,0,361741.36,4622482
3465,R1-001,"i-DE REDES ELÉCTRICAS INTELIGENTES, S.A.U",Valladolid,Valladolid,358096.6,4613047.8,STR CTRA CIRCUNVALAC,13,0,No,5.1,0,0,358096.6,4613047.8
3466,R1-001,"i-DE REDES ELÉCTRICAS INTELIGENTES, S.A.U",Valladolid,Valladolid,358096.6,4613047.8,STR CTRA CIRCUNVALAC,13,0,No,3.4,0,0,358096.6,4613047.8
3467,R1-001,"i-DE REDES ELÉCTRICAS INTELIGENTES, S.A.U",Valladolid,Valladolid,358096.6,4613047.8,STR CTRA CIRCUNVALAC,45,0,No,0,0,0,358096.6,4613047.8
3468,R1-001,"i-DE REDES ELÉCTRICAS INTELIGENTES, S.A.U",Valladolid,Valladolid,358096.6,4613047.8,STR CTRA CIRCUNVALAC,45,0,No,0,0,0,358096.6,4613047.8
3469,R1-001,"i-DE REDES ELÉCTRICAS INTELIGENTES, S.A.U",Valladolid,Valladolid,356101.56,4609984.82,STR CTRA MADRID,13,0,No,3.2,0,0,356101.56,4609984.82
3470,R1-001,"i-DE REDES ELÉCTRICAS INTELIGENTES, S.A.U",Valladolid,Valladolid,356101.56,4609984.82,STR CTRA MADRID,45,0,No,0,0,0,356101.56,4609984.82
3471,R1-001,"i-DE REDES ELÉCTRICAS INTELIGENTES, S.A.U",Valladolid,Valladolid,356101.56,4609984.82,STR CTRA MADRID,13,0,No,4.2,0,0,356101.56,4609984.82
3472,R1-001,"i-DE REDES ELÉCTRICAS INTELIGENTES, S.A.U",Valladolid,Valladolid,356101.56,4609984.82,STR CTRA MADRID,45,0,No,0,0,0,356101.56,4609984.82
3473,R1-001,"i-DE REDES ELÉCTRICAS INTELIGENTES, S.A.U",Valladolid,Valladolid,356632.69,4610235.27,STR CTRA SEGOVIA,13,0,No,7.9,0,0,356632.69,4610235.27
3474,R1-001,"i-DE REDES ELÉCTRICAS INTELIGENTES, S.A.U",Valladolid,Valladolid,356632.69,4610235.27,STR CTRA SEGOVIA,45,0,No,0,0,0,356632.69,4610235.27
3475,R1-001,"i-DE REDES ELÉCTRICAS INTELIGENTES, S.A.U",Valladolid,Valladolid,356632.69,4610235.27,STR CTRA SEGOVIA,13,0,No,8.18,0,0,356632.69,4610235.27
3476,R1-001,"i-DE REDES ELÉCTRICAS INTELIGENTES, S.A.U",Valladolid,Valladolid,356632.69,4610235.27,STR CTRA SEGOVIA,45,0,No,0,0,0,356632.69,4610235.27
3477,R1-001,"i-DE REDES ELÉCTRICAS INTELIGENTES, S.A.U",Valladolid,Valladolid,357353.05,4615796.92,STR EL CABILDO,13,0,No,2.2,0,0,357353.05,4615796.92
3478,R1-001,"i-DE REDES ELÉCTRICAS INTELIGENTES, S.A.U",Valladolid,Valladolid,357353.05,4615796.92,STR EL CABILDO,45,0,No,0,0,0,357353.05,4615796.92
3479,R1-001,"i-DE REDES ELÉCTRICAS INTELIGENTES, S.A.U",Valladolid,Valladolid,357353.05,4615796.92,STR EL CABILDO,13,0,No,25.95,0,0,357353.05,4615796.92
3480,R1-001,"i-DE REDES ELÉCTRICAS INTELIGENTES, S.A.U",Valladolid,Valladolid,357353.05,4615796.92,STR EL CABILDO,45,0,No,0,0,0,357353.05,4615796.92
3481,R1-001,"i-DE REDES ELÉCTRICAS INTELIGENTES, S.A.U",Valladolid,Tordesillas,337845.33,4597844.18,STR EL MONTICO,13,0,No,1.59,0,0,337845.33,4597844.18
3482,R1-001,"i-DE REDES ELÉCTRICAS INTELIGENTES, S.A.U",Valladolid,Tordesillas,337845.33,4597844.18,STR EL MONTICO,45,0,No,0,0,0,337845.33,4597844.18
3483,R1-001,"i-DE REDES ELÉCTRICAS INTELIGENTES, S.A.U",Valladolid,Valladolid,352627.69,4608383.01,STR EL PERAL,13,0,No,36.13,0,0,352627.69,4608383.01
3484,R1-001,"i-DE REDES ELÉCTRICAS INTELIGENTES, S.A.U",Valladolid,Valladolid,352627.69,4608383.01,STR EL PERAL,45,0,No,0,0,0,352627.69,4608383.01
3485,R1-001,"i-DE REDES ELÉCTRICAS INTELIGENTES, S.A.U",Valladolid,Valladolid,352627.69,4608383.01,STR EL PERAL,45,0,No,0,0,0,352627.69,4608383.01
3486,R1-001,"i-DE REDES ELÉCTRICAS INTELIGENTES, S.A.U",Valladolid,Fresno el Viejo,320528.51,4563567.11,STR FRESNO EL VIEJO,13,0,No,1.7,0,0,320528.51,4563567.11
3487,R1-001,"i-DE REDES ELÉCTRICAS INTELIGENTES, S.A.U",Valladolid,Fresno el Viejo,320528.51,4563567.11,STR FRESNO EL VIEJO,45,0,No,0,0,0,320528.51,4563567.11
3488,R1-001,"i-DE REDES ELÉCTRICAS INTELIGENTES, S.A.U",Valladolid,Íscar,370391.6,4579530.33,STR ISCAR,13,0,No,7.05,0,0,370391.6,4579530.33
3489,R1-001,"i-DE REDES ELÉCTRICAS INTELIGENTES, S.A.U",Valladolid,Íscar,370391.6,4579530.33,STR ISCAR,45,0,No,0,0,0,370391.6,4579530.33
3490,R1-001,"i-DE REDES ELÉCTRICAS INTELIGENTES, S.A.U",Valladolid,Íscar,370391.6,4579530.33,STR ISCAR,13,0,No,8.02,0,0,370391.6,4579530.33
3491,R1-001,"i-DE REDES ELÉCTRICAS INTELIGENTES, S.A.U",Valladolid,Íscar,370391.6,4579530.33,STR ISCAR,45,0,No,0,0,0,370391.6,4579530.33
3492,R1-001,"i-DE REDES ELÉCTRICAS INTELIGENTES, S.A.U",Valladolid,Valladolid,358552.48,4606836.7,STR JALON,13,0,No,8.86,0,0,358552.48,4606836.7
3493,R1-001,"i-DE REDES ELÉCTRICAS INTELIGENTES, S.A.U",Valladolid,Valladolid,358552.48,4606836.7,STR JALON,45,0,No,0,0,0,358552.48,4606836.7
3494,R1-001,"i-DE REDES ELÉCTRICAS INTELIGENTES, S.A.U",Valladolid,Valladolid,358552.48,4606836.7,STR JALON,13,0,No,8.65,0,0,358552.48,4606836.7
3495,R1-001,"i-DE REDES ELÉCTRICAS INTELIGENTES, S.A.U",Valladolid,Valladolid,358552.48,4606836.7,STR JALON,45,0,No,0,0,0,358552.48,4606836.7
3496,R1-001,"i-DE REDES ELÉCTRICAS INTELIGENTES, S.A.U",Valladolid,Arroyo de la Encomienda,349202.06,4608161.04,STR LA ENCOMIENDA,13,0,No,17.34,0,0,349202.06,4608161.04
3497,R1-001,"i-DE REDES ELÉCTRICAS INTELIGENTES, S.A.U",Valladolid,Arroyo de la Encomienda,349202.06,4608161.04,STR LA ENCOMIENDA,45,0,No,0,0,0,349202.06,4608161.04
3498,R1-001,"i-DE REDES ELÉCTRICAS INTELIGENTES, S.A.U",Valladolid,Arroyo de la Encomienda,349202.06,4608161.04,STR LA ENCOMIENDA,13,0,No,16.66,0,0,349202.06,4608161.04
3499,R1-001,"i-DE REDES ELÉCTRICAS INTELIGENTES, S.A.U",Valladolid,Arroyo de la Encomienda,349202.06,4608161.04,STR LA ENCOMIENDA,45,0,No,0,0,0,349202.06,4608161.04
3500,R1-001,"i-DE REDES ELÉCTRICAS INTELIGENTES, S.A.U",Valladolid,"Mudarra, La",338554.62,4628213.94,STR LA MUDARRA,13,0,No,3.17,0,0,338554.62,4628213.94
3501,R1-001,"i-DE REDES ELÉCTRICAS INTELIGENTES, S.A.U",Valladolid,"Mudarra, La",338554.62,4628213.94,STR LA MUDARRA,45,0,No,0,0,0,338554.62,4628213.94
3502,R1-001,"i-DE REDES ELÉCTRICAS INTELIGENTES, S.A.U",Valladolid,Tordesillas,331969.52,4598359.14,STR LOGISTICA,20,0,No,13,0,0,331969.52,4598359.14
3503,R1-001,"i-DE REDES ELÉCTRICAS INTELIGENTES, S.A.U",Valladolid,Tordesillas,331969.52,4598359.14,STR LOGISTICA,45,0,No,0,0,0,331969.52,4598359.14
3504,R1-001,"i-DE REDES ELÉCTRICAS INTELIGENTES, S.A.U",Valladolid,Tordesillas,331969.52,4598359.14,STR LOGISTICA,20,0,No,15,0,0,331969.52,4598359.14
3505,R1-001,"i-DE REDES ELÉCTRICAS INTELIGENTES, S.A.U",Valladolid,Tordesillas,331969.52,4598359.14,STR LOGISTICA,45,0,No,0,0,0,331969.52,4598359.14
3506,R1-001,"i-DE REDES ELÉCTRICAS INTELIGENTES, S.A.U",Valladolid,Matapozuelos,351233.24,4585838.27,STR MATAPOZUELOS,13,0,No,4.96,0,0,351233.24,4585838.27
3507,R1-001,"i-DE REDES ELÉCTRICAS INTELIGENTES, S.A.U",Valladolid,Matapozuelos,351233.24,4585838.27,STR MATAPOZUELOS,45,0,No,0,0,0,351233.24,4585838.27
3508,R1-001,"i-DE REDES ELÉCTRICAS INTELIGENTES, S.A.U",Valladolid,Medina de Rioseco,330682.64,4638329.03,STR MEDINA RIOSECO,13,0,No,4.23,0,0,330682.64,4638329.03
3509,R1-001,"i-DE REDES ELÉCTRICAS INTELIGENTES, S.A.U",Valladolid,Medina de Rioseco,330682.64,4638329.03,STR MEDINA RIOSECO,45,0,No,0,0,0,330682.64,4638329.03
3510,R1-001,"i-DE REDES ELÉCTRICAS INTELIGENTES, S.A.U",Valladolid,Medina de Rioseco,330682.64,4638329.03,STR MEDINA RIOSECO,13,0,No,0.6,0,0,330682.64,4638329.03
3511,R1-001,"i-DE REDES ELÉCTRICAS INTELIGENTES, S.A.U",Valladolid,Medina de Rioseco,330682.64,4638329.03,STR MEDINA RIOSECO,45,0,No,0,0,0,330682.64,4638329.03
3512,R1-001,"i-DE REDES ELÉCTRICAS INTELIGENTES, S.A.U",Valladolid,Medina del Campo,339228.75,4572869.33,STR MEDINA SUR,13,0,No,0,0,0,339228.75,4572869.33
3513,R1-001,"i-DE REDES ELÉCTRICAS INTELIGENTES, S.A.U",Valladolid,Medina del Campo,339228.75,4572869.33,STR MEDINA SUR,45,0,No,0,0,0,339228.75,4572869.33
3514,R1-001,"i-DE REDES ELÉCTRICAS INTELIGENTES, S.A.U",Valladolid,Medina del Campo,339228.75,4572869.33,STR MEDINA SUR,13,0,No,7.85,0,0,339228.75,4572869.33
3515,R1-001,"i-DE REDES ELÉCTRICAS INTELIGENTES, S.A.U",Valladolid,Medina del Campo,339228.75,4572869.33,STR MEDINA SUR,45,0,No,0,0,0,339228.75,4572869.33
3516,R1-001,"i-DE REDES ELÉCTRICAS INTELIGENTES, S.A.U",Valladolid,Montemayor de Pililla,377398.14,4596108.38,STR MONTEMAYOR,13,0,No,3.7,3.2,0,377398.14,4596108.38
3517,R1-001,"i-DE REDES ELÉCTRICAS INTELIGENTES, S.A.U",Valladolid,Montemayor de Pililla,377398.14,4596108.38,STR MONTEMAYOR,45,0,No,0,0,0,377398.14,4596108.38
3518,R1-001,"i-DE REDES ELÉCTRICAS INTELIGENTES, S.A.U",Valladolid,Mota del Marqués,319232.71,4610049.55,STR MOTA DEL MARQUES,13,0,No,2,0,0,319232.71,4610049.55
3519,R1-001,"i-DE REDES ELÉCTRICAS INTELIGENTES, S.A.U",Valladolid,Mota del Marqués,319232.71,4610049.55,STR MOTA DEL MARQUES,45,0,No,0,0,0,319232.71,4610049.55
3520,R1-001,"i-DE REDES ELÉCTRICAS INTELIGENTES, S.A.U",Valladolid,Nava del Rey,325003.8,4577012.53,STR NAVA DEL REY,13,0,No,4.6,1.25,0,325003.8,4577012.53
3521,R1-001,"i-DE REDES ELÉCTRICAS INTELIGENTES, S.A.U",Valladolid,Nava del Rey,325003.8,4577012.53,STR NAVA DEL REY,45,0,No,0,0,0,325003.8,4577012.53
3522,R1-001,"i-DE REDES ELÉCTRICAS INTELIGENTES, S.A.U",Valladolid,Olmedo,359052.48,4572492.64,STR OLMEDO,13,0,No,5.2,0,0,359052.48,4572492.64
3523,R1-001,"i-DE REDES ELÉCTRICAS INTELIGENTES, S.A.U",Valladolid,Olmedo,359052.48,4572492.64,STR OLMEDO,45,0,No,0,0,0,359052.48,4572492.64
3524,R1-001,"i-DE REDES ELÉCTRICAS INTELIGENTES, S.A.U",Valladolid,Olmedo,359052.48,4572492.64,STR OLMEDO,13,0,No,7.06,0,0,359052.48,4572492.64
3525,R1-001,"i-DE REDES ELÉCTRICAS INTELIGENTES, S.A.U",Valladolid,Olmedo,359052.48,4572492.64,STR OLMEDO,45,0,No,0,0,0,359052.48,4572492.64
3526,R1-001,"i-DE REDES ELÉCTRICAS INTELIGENTES, S.A.U",Valladolid,Valladolid,358949.38,4612313.71,STR PAJARILLOS,13,0,No,7.2,0,0,358949.38,4612313.71
3527,R1-001,"i-DE REDES ELÉCTRICAS INTELIGENTES, S.A.U",Valladolid,Valladolid,358949.38,4612313.71,STR PAJARILLOS,45,0,No,0,0,0,358949.38,4612313.71
3528,R1-001,"i-DE REDES ELÉCTRICAS INTELIGENTES, S.A.U",Valladolid,Valladolid,358949.38,4612313.71,STR PAJARILLOS,13,0,No,0,0,0,358949.38,4612313.71
3529,R1-001,"i-DE REDES ELÉCTRICAS INTELIGENTES, S.A.U",Valladolid,Valladolid,358949.38,4612313.71,STR PAJARILLOS,45,0,No,0,0,0,358949.38,4612313.71
3530,R1-001,"i-DE REDES ELÉCTRICAS INTELIGENTES, S.A.U",Valladolid,Peñafiel,406540.64,4605012.45,STR PENAFIEL,13,0,No,4.92,0,0,406540.64,4605012.45
3531,R1-001,"i-DE REDES ELÉCTRICAS INTELIGENTES, S.A.U",Valladolid,Peñafiel,406540.64,4605012.45,STR PENAFIEL,45,0,No,0,0,0,406540.64,4605012.45
3532,R1-299,EDISTRIBUCIÓN REDES DIGITALES S.L.U.,Huelva,Cartaya,135584.76,4136102.08,CARTAYA,15,0,No,15.61,0,0,135584.76,4136102.08
3533,R1-001,"i-DE REDES ELÉCTRICAS INTELIGENTES, S.A.U",Araba/Álava,Vitoria-Gasteiz,523922.11,4744874.01,ST ALI,30,0,No,72.62,0,1,523922.11,4744874.01
3534,R1-001,"i-DE REDES ELÉCTRICAS INTELIGENTES, S.A.U",Araba/Álava,Vitoria-Gasteiz,523922.11,4744874.01,ST ALI,13,0,No,10.45,0,0,523922.11,4744874.01
3535,R1-001,"i-DE REDES ELÉCTRICAS INTELIGENTES, S.A.U",Araba/Álava,Vitoria-Gasteiz,523922.11,4744874.01,ST ALI,30,0,No,72.27,0,1,523922.11,4744874.01
3536,R1-001,"i-DE REDES ELÉCTRICAS INTELIGENTES, S.A.U",Araba/Álava,Vitoria-Gasteiz,523922.11,4744874.01,ST ALI,30,0,No,52.58,0,1,523922.11,4744874.01
3537,R1-001,"i-DE REDES ELÉCTRICAS INTELIGENTES, S.A.U",Araba/Álava,Vitoria-Gasteiz,523922.11,4744874.01,ST ALI,30,0,No,0,0,1,523922.11,4744874.01
3538,R1-001,"i-DE REDES ELÉCTRICAS INTELIGENTES, S.A.U",Araba/Álava,Lantarón,496067.84,4733753.67,ST CH PUENTELARRA,132,0,No,70,0,0,496067.84,4733753.67
3539,R1-001,"i-DE REDES ELÉCTRICAS INTELIGENTES, S.A.U",Araba/Álava,Lantarón,496067.84,4733753.67,ST CH PUENTELARRA,30,0,No,6.74,0,0,496067.84,4733753.67
3540,R1-001,"i-DE REDES ELÉCTRICAS INTELIGENTES, S.A.U",Araba/Álava,Lantarón,496067.84,4733753.67,ST CH PUENTELARRA,30,0,No,3.1,0,0,496067.84,4733753.67
3541,R1-001,"i-DE REDES ELÉCTRICAS INTELIGENTES, S.A.U",Araba/Álava,Lantarón,496067.84,4733753.67,ST CH PUENTELARRA,45,0,No,0,0,0,496067.84,4733753.67
3542,R1-001,"i-DE REDES ELÉCTRICAS INTELIGENTES, S.A.U",Araba/Álava,Lantarón,493257.77,4734762.93,ST CH SOBRON,132,0,No,0.63,0,0,493257.77,4734762.93
3543,R1-001,"i-DE REDES ELÉCTRICAS INTELIGENTES, S.A.U",Araba/Álava,Barrundia,544887.78,4749030.22,ST ELGEA,30,0,No,71.7,0,1,544887.78,4749030.22
3544,R1-299,EDISTRIBUCIÓN REDES DIGITALES S.L.U.,Huelva,Villanueva de los Castillejos,123306.33,4157567.05,533454626,66,0,No,0,0,0,123306.33,4157567.05
3545,R1-001,"i-DE REDES ELÉCTRICAS INTELIGENTES, S.A.U",Araba/Álava,Vitoria-Gasteiz,527264.26,4746343.54,ST GAMARRA,30,0,No,57.19,0,1,527264.26,4746343.54
3546,R1-299,EDISTRIBUCIÓN REDES DIGITALES S.L.U.,Huelva,Villanueva de los Castillejos,123306.33,4157567.05,533454626,15,0,No,3.77,0,0,123306.33,4157567.05
3547,R1-001,"i-DE REDES ELÉCTRICAS INTELIGENTES, S.A.U",Araba/Álava,Vitoria-Gasteiz,527264.26,4746343.54,ST GAMARRA,30,0,No,104.54,0,1,527264.26,4746343.54
3548,R1-299,EDISTRIBUCIÓN REDES DIGITALES S.L.U.,Huelva,Huelva,149967.72,4126180.4,COLON,50,0,No,105.21,0,0,149967.72,4126180.4
3549,R1-090,ADURIZ DISTRIBUCION SL,Burgos,Merindad de Cuesta-Urria,465860.94,4743947,NOFUENTES,13,0,No,0,0,0,465860.94,4743947
3550,R1-299,EDISTRIBUCIÓN REDES DIGITALES S.L.U.,Huelva,Huelva,149967.72,4126180.4,COLON,15,0,No,1.76,0,0,149967.72,4126180.4
3551,R1-035,"ELECTRICA DEL OESTE DISTRIBUCION, S.L.U.",Cáceres,Casas del Monte,248186.43,4454728.62,S.T.R. CASAS DEL MONTE,13,2.3,No,0,0,0,248186.43,4454728.62
3552,R1-299,EDISTRIBUCIÓN REDES DIGITALES S.L.U.,Huelva,Lepe,127041.8,4137252.2,COSTALUZ,66,0,No,0,0,0,127041.8,4137252.2
3553,R1-035,"ELECTRICA DEL OESTE DISTRIBUCION, S.L.U.",Cáceres,Casas del Monte,248186.43,4454728.62,S.T.R. CASAS DEL MONTE,45,6.2,No,0,0,0,248186.43,4454728.62
3554,R1-299,EDISTRIBUCIÓN REDES DIGITALES S.L.U.,Huelva,Minas de Riotinto,184539.39,4180936.6,DEHESA,132,0,No,60,0,0,184539.39,4180936.6
3555,R1-035,"ELECTRICA DEL OESTE DISTRIBUCION, S.L.U.",Cáceres,Hervás,252735.46,4461447.17,S.T.R. EL ROMA,13,4.5,No,0,0,0,252735.46,4461447.17
3556,R1-299,EDISTRIBUCIÓN REDES DIGITALES S.L.U.,Huelva,Minas de Riotinto,184539.39,4180936.6,DEHESA,66,0,No,0,0,0,184539.39,4180936.6
3557,R1-035,"ELECTRICA DEL OESTE DISTRIBUCION, S.L.U.",Cáceres,Hervás,252735.46,4461447.17,S.T.R. EL ROMA,45,18.1,No,0,0,0,252735.46,4461447.17
3558,R1-299,EDISTRIBUCIÓN REDES DIGITALES S.L.U.,Huelva,Minas de Riotinto,184539.39,4180936.6,DEHESA,15,0,No,19.75,0,0,184539.39,4180936.6
3559,R1-035,"ELECTRICA DEL OESTE DISTRIBUCION, S.L.U.",Cáceres,Casas del Castañar,249163.78,4444418.04,S.T.R. JERTE I,13,3,No,0,0,0,249163.78,4444418.04
3560,R1-299,EDISTRIBUCIÓN REDES DIGITALES S.L.U.,Huelva,Moguer,160713.73,4134657.95,GALARIN,66,0,No,0,0,0,160713.73,4134657.95
3561,R1-035,"ELECTRICA DEL OESTE DISTRIBUCION, S.L.U.",Cáceres,Casas del Castañar,249163.78,4444418.04,S.T.R. JERTE I,45,4.5,No,0,0,0,249163.78,4444418.04
3562,R1-299,EDISTRIBUCIÓN REDES DIGITALES S.L.U.,Huelva,Moguer,160713.73,4134657.95,GALARIN,15,0,No,28.76,3.55,0,160713.73,4134657.95
3563,R1-035,"ELECTRICA DEL OESTE DISTRIBUCION, S.L.U.",Cáceres,Navaconcejo,258866.73,4451554.13,S.T.R. JERTE II,13,0.9,No,0,0,0,258866.73,4451554.13
3564,R1-299,EDISTRIBUCIÓN REDES DIGITALES S.L.U.,Huelva,Gibraleón,148836.57,4143678.56,GIBRLEON,66,0,No,0,0,0,148836.57,4143678.56
3565,R1-035,"ELECTRICA DEL OESTE DISTRIBUCION, S.L.U.",Cáceres,Navaconcejo,258866.73,4451554.13,S.T.R. JERTE II,45,3.6,No,0,0,0,258866.73,4451554.13
3566,R1-299,EDISTRIBUCIÓN REDES DIGITALES S.L.U.,Huelva,Gibraleón,148836.57,4143678.56,GIBRLEON,15,0,No,12.56,0,0,148836.57,4143678.56
3567,R1-299,EDISTRIBUCIÓN REDES DIGITALES S.L.U.,Huelva,"Granado, El",105681.74,4163573.27,GRANADO,132,0,No,12.7,0,0,105681.74,4163573.27
3568,R1-299,EDISTRIBUCIÓN REDES DIGITALES S.L.U.,Huelva,Isla Cristina,118125.28,4131668.48,ISLA_CRI,66,0,No,0,0,0,118125.28,4131668.48
3569,R1-299,EDISTRIBUCIÓN REDES DIGITALES S.L.U.,Huelva,Isla Cristina,118125.28,4131668.48,ISLA_CRI,15,0,No,11.62,0,0,118125.28,4131668.48
3570,R1-299,EDISTRIBUCIÓN REDES DIGITALES S.L.U.,Huelva,Lepe,126786.58,4131054.71,LEPE,66,0,No,16,0,0,126786.58,4131054.71
3571,R1-299,EDISTRIBUCIÓN REDES DIGITALES S.L.U.,Huelva,Lepe,126786.58,4131054.71,LEPE,15,0,No,28.36,2.34,0,126786.58,4131054.71
3572,R1-299,EDISTRIBUCIÓN REDES DIGITALES S.L.U.,Huelva,Lepe,127310.33,4137810.44,MACHOS,66,0,No,1.02,0,0,127310.33,4137810.44
3573,R1-299,EDISTRIBUCIÓN REDES DIGITALES S.L.U.,Huelva,Almonte,183068.32,4102257.85,MATALASC,66,0,No,0,0,0,183068.32,4102257.85
3574,R1-299,EDISTRIBUCIÓN REDES DIGITALES S.L.U.,Huelva,Almonte,183068.32,4102257.85,MATALASC,15,0,No,13.44,0,0,183068.32,4102257.85
3575,R1-299,EDISTRIBUCIÓN REDES DIGITALES S.L.U.,Huelva,Moguer,161265.09,4117361.39,MAZAGON,66,0,No,0,0,0,161265.09,4117361.39
3576,R1-299,EDISTRIBUCIÓN REDES DIGITALES S.L.U.,Huelva,Moguer,161265.09,4117361.39,MAZAGON,15,0,No,7.82,0,0,161265.09,4117361.39
3577,R1-299,EDISTRIBUCIÓN REDES DIGITALES S.L.U.,Huelva,Moguer,158454.42,4131364.44,MOGUER,66,0,No,0,0,0,158454.42,4131364.44
3578,R1-299,EDISTRIBUCIÓN REDES DIGITALES S.L.U.,Huelva,Moguer,158454.42,4131364.44,MOGUER,15,0,No,19.72,0.01,0,158454.42,4131364.44
3579,R1-299,EDISTRIBUCIÓN REDES DIGITALES S.L.U.,Huelva,Aracena,189463.17,4198303.91,MOLEONA,66,0,No,5.76,0,0,189463.17,4198303.91
3580,R1-299,EDISTRIBUCIÓN REDES DIGITALES S.L.U.,Huelva,Aracena,189463.17,4198303.91,MOLEONA,15,0,No,3.38,0,0,189463.17,4198303.91
3581,R1-299,EDISTRIBUCIÓN REDES DIGITALES S.L.U.,Huelva,Aljaraque,146368.49,4134532.58,N_CORRAL,66,0,No,0,0,0,146368.49,4134532.58
3582,R1-299,EDISTRIBUCIÓN REDES DIGITALES S.L.U.,Huelva,Aljaraque,146368.49,4134532.58,N_CORRAL,15,0,No,17.01,0,0,146368.49,4134532.58
3583,R1-299,EDISTRIBUCIÓN REDES DIGITALES S.L.U.,Huelva,Ayamonte,108750.08,4131296.42,NENERNOV,66,0,No,0,0,0,108750.08,4131296.42
3584,R1-299,EDISTRIBUCIÓN REDES DIGITALES S.L.U.,Huelva,Niebla,175184.29,4140882.4,NIEBLA,66,0,No,2.46,0,0,175184.29,4140882.4
3585,R1-299,EDISTRIBUCIÓN REDES DIGITALES S.L.U.,Huelva,Niebla,175184.29,4140882.4,NIEBLA,15,0,No,5.99,0,0,175184.29,4140882.4
3586,R1-299,EDISTRIBUCIÓN REDES DIGITALES S.L.U.,Huelva,Huelva,150634.16,4137775.36,ODIEL,66,0,No,0,0,0,150634.16,4137775.36
3587,R1-299,EDISTRIBUCIÓN REDES DIGITALES S.L.U.,Huelva,Huelva,152052.15,4135385.12,ONUBA,66,0,No,3,0,0,152052.15,4135385.12
3588,R1-299,EDISTRIBUCIÓN REDES DIGITALES S.L.U.,Huelva,Huelva,152052.15,4135385.12,ONUBA,20,0,No,23.78,0,0,152052.15,4135385.12
3589,R1-299,EDISTRIBUCIÓN REDES DIGITALES S.L.U.,Huelva,"Palma del Condado, La",185612.63,4142982.33,PALMACON,66,0,No,0,0,0,185612.63,4142982.33
3590,R1-299,EDISTRIBUCIÓN REDES DIGITALES S.L.U.,Huelva,"Palma del Condado, La",185612.63,4142982.33,PALMACON,15,0,No,23.33,0,0,185612.63,4142982.33
3591,R1-299,EDISTRIBUCIÓN REDES DIGITALES S.L.U.,Huelva,Cala,205353.95,4205900.43,PRESUR,66,0,No,2.22,0,0,205353.95,4205900.43
3592,R1-299,EDISTRIBUCIÓN REDES DIGITALES S.L.U.,Huelva,Ayamonte,108767.75,4132550.58,PTE_ESUR,66,0,No,0,0,0,108767.75,4132550.58
3593,R1-299,EDISTRIBUCIÓN REDES DIGITALES S.L.U.,Huelva,Ayamonte,108767.75,4132550.58,PTE_ESUR,15,0,No,2.88,0,0,108767.75,4132550.58
3594,R1-299,EDISTRIBUCIÓN REDES DIGITALES S.L.U.,Huelva,Jabugo,168209.62,4204647.54,REPILADO,66,0,No,2.93,0,0,168209.62,4204647.54
3595,R1-299,EDISTRIBUCIÓN REDES DIGITALES S.L.U.,Huelva,Jabugo,168209.62,4204647.54,REPILADO,15,0,No,22.01,0,0,168209.62,4204647.54
3596,R1-299,EDISTRIBUCIÓN REDES DIGITALES S.L.U.,Huelva,Almonte,189701.08,4116588.25,ROCIO,66,0,No,0,0,0,189701.08,4116588.25
3597,R1-299,EDISTRIBUCIÓN REDES DIGITALES S.L.U.,Huelva,Almonte,189701.08,4116588.25,ROCIO,15,0,No,16.95,0,0,189701.08,4116588.25
3598,R1-299,EDISTRIBUCIÓN REDES DIGITALES S.L.U.,Huelva,Huelva,152488.32,4131756,ROMERALE,66,0,No,0,0,0,152488.32,4131756
3599,R1-299,EDISTRIBUCIÓN REDES DIGITALES S.L.U.,Huelva,Huelva,152488.32,4131756,ROMERALE,15,0,No,40.23,0,0,152488.32,4131756
3600,R1-299,EDISTRIBUCIÓN REDES DIGITALES S.L.U.,Huelva,Huelva,158210.52,4136265.15,S_JUAN_P,66,0,No,2.04,0,0,158210.52,4136265.15
3601,R1-299,EDISTRIBUCIÓN REDES DIGITALES S.L.U.,Huelva,Huelva,158210.52,4136265.15,S_JUAN_P,15,0,No,15.23,0,0,158210.52,4136265.15
3602,R1-299,EDISTRIBUCIÓN REDES DIGITALES S.L.U.,Huelva,Alosno,138197.09,4168821.18,THARSIS,66,0,No,3.78,0,0,138197.09,4168821.18
3603,R1-299,EDISTRIBUCIÓN REDES DIGITALES S.L.U.,Huelva,Alosno,138197.09,4168821.18,THARSIS,15,0,No,8.08,0,0,138197.09,4168821.18
3604,R1-299,EDISTRIBUCIÓN REDES DIGITALES S.L.U.,Huelva,Huelva,150020.21,4130021.31,TITAN,66,0,No,0,0,0,150020.21,4130021.31
3605,R1-299,EDISTRIBUCIÓN REDES DIGITALES S.L.U.,Huelva,Huelva,150020.21,4130021.31,TITAN,15,0,No,46.16,0,0,150020.21,4130021.31
3606,R1-299,EDISTRIBUCIÓN REDES DIGITALES S.L.U.,Huelva,Palos de la Frontera,153459.94,4123195.89,TORREARE,66,0,No,169.22,0,0,153459.94,4123195.89
3607,R1-299,EDISTRIBUCIÓN REDES DIGITALES S.L.U.,Huelva,Palos de la Frontera,153459.94,4123195.89,TORREARE,20,0,No,24.94,0,0,153459.94,4123195.89
3608,R1-299,EDISTRIBUCIÓN REDES DIGITALES S.L.U.,Huelva,Palos de la Frontera,153459.94,4123195.89,TORREARE,15,0,No,25.52,0,0,153459.94,4123195.89
3609,R1-299,EDISTRIBUCIÓN REDES DIGITALES S.L.U.,Huelva,Gibraleón,155164.04,4145559.77,V_CARMEN,66,0,No,0,0,0,155164.04,4145559.77
3610,R1-299,EDISTRIBUCIÓN REDES DIGITALES S.L.U.,Jaén,Alcalá la Real,417159.58,4145500.48,ALC_REAL,66,0,No,0,0,0,417159.58,4145500.48
3611,R1-299,EDISTRIBUCIÓN REDES DIGITALES S.L.U.,Jaén,Alcalá la Real,417159.58,4145500.48,ALC_REAL,20,0,No,22.52,0,0,417159.58,4145500.48
3612,R1-299,EDISTRIBUCIÓN REDES DIGITALES S.L.U.,Jaén,Alcaudete,404450.1,4159184.62,ALCAUDET,132,0,No,0,0,0,404450.1,4159184.62
3613,R1-299,EDISTRIBUCIÓN REDES DIGITALES S.L.U.,Jaén,Alcaudete,404450.1,4159184.62,ALCAUDET,25,0,No,11.21,0,0,404450.1,4159184.62
3614,R1-299,EDISTRIBUCIÓN REDES DIGITALES S.L.U.,Jaén,Andújar,412513.72,4211073.22,ANDUJAR,132,0,No,0,0,0,412513.72,4211073.22
3615,R1-299,EDISTRIBUCIÓN REDES DIGITALES S.L.U.,Jaén,Andújar,412513.72,4211073.22,ANDUJAR,66,0,No,0,0,0,412513.72,4211073.22
3616,R1-299,EDISTRIBUCIÓN REDES DIGITALES S.L.U.,Jaén,Andújar,412513.72,4211073.22,ANDUJAR,25,0,No,67.42,0,0,412513.72,4211073.22
3617,R1-299,EDISTRIBUCIÓN REDES DIGITALES S.L.U.,Jaén,Bailén,432204.17,4217739.17,BAILEN,66,0,No,0,0,0,432204.17,4217739.17
3618,R1-299,EDISTRIBUCIÓN REDES DIGITALES S.L.U.,Jaén,Bailén,432204.17,4217739.17,BAILEN,25,0,No,20.02,1.24,0,432204.17,4217739.17
3619,R1-299,EDISTRIBUCIÓN REDES DIGITALES S.L.U.,Jaén,Jaén,431165.8,4180628.18,CALVARIO,132,0,No,0,0,0,431165.8,4180628.18
3620,R1-299,EDISTRIBUCIÓN REDES DIGITALES S.L.U.,Jaén,Jaén,431165.8,4180628.18,CALVARIO,66,0,No,0,0,0,431165.8,4180628.18
3621,R1-299,EDISTRIBUCIÓN REDES DIGITALES S.L.U.,Jaén,Jaén,431165.8,4180628.18,CALVARIO,20,0,No,34.83,0,0,431165.8,4180628.18
3622,R1-299,EDISTRIBUCIÓN REDES DIGITALES S.L.U.,Jaén,Campillo de Arenas,443430.24,4155829.63,CAMPILLO,66,0,No,0,0,0,443430.24,4155829.63
3623,R1-299,EDISTRIBUCIÓN REDES DIGITALES S.L.U.,Jaén,Campillo de Arenas,443430.24,4155829.63,CAMPILLO,20,0,No,14.88,0,0,443430.24,4155829.63
3624,R1-299,EDISTRIBUCIÓN REDES DIGITALES S.L.U.,Jaén,"Carolina, La",447164.51,4236880.54,CAROLINA,66,0,No,0,0,0,447164.51,4236880.54
3625,R1-299,EDISTRIBUCIÓN REDES DIGITALES S.L.U.,Jaén,"Carolina, La",447164.51,4236880.54,CAROLINA,25,0,No,24.25,0,0,447164.51,4236880.54
3626,R1-299,EDISTRIBUCIÓN REDES DIGITALES S.L.U.,Jaén,Villanueva de la Reina,425179.08,4214266.13,CUBANA,66,0,No,0.14,0,0,425179.08,4214266.13
3627,R1-299,EDISTRIBUCIÓN REDES DIGITALES S.L.U.,Jaén,Úbeda,472539.28,4197505.95,D_ALDONZ,132,0,No,0,0,0,472539.28,4197505.95
3628,R1-299,EDISTRIBUCIÓN REDES DIGITALES S.L.U.,Jaén,Úbeda,472539.28,4197505.95,D_ALDONZ,25,0,No,20.79,1.14,0,472539.28,4197505.95
3629,R1-299,EDISTRIBUCIÓN REDES DIGITALES S.L.U.,Jaén,Andújar,412983.8,4224572.55,ENCINARE,66,0,No,0,0,0,412983.8,4224572.55
3630,R1-299,EDISTRIBUCIÓN REDES DIGITALES S.L.U.,Jaén,Andújar,412983.8,4224572.55,ENCINARE,20,0,No,2.04,0,0,412983.8,4224572.55
3631,R1-299,EDISTRIBUCIÓN REDES DIGITALES S.L.U.,Jaén,Mengíbar,430826.11,4199938.44,GEOLIT,132,0,No,0,0,0,430826.11,4199938.44
3632,R1-299,EDISTRIBUCIÓN REDES DIGITALES S.L.U.,Jaén,Mengíbar,430826.11,4199938.44,GEOLIT,20,0,No,5.01,0,0,430826.11,4199938.44
3633,R1-299,EDISTRIBUCIÓN REDES DIGITALES S.L.U.,Jaén,Guarromán,437226.16,4223089.75,GUADIEL,132,0,No,40,0,0,437226.16,4223089.75
3634,R1-299,EDISTRIBUCIÓN REDES DIGITALES S.L.U.,Jaén,Guarromán,437226.16,4223089.75,GUADIEL,25,0,No,14.72,0,0,437226.16,4223089.75
3635,R1-299,EDISTRIBUCIÓN REDES DIGITALES S.L.U.,Jaén,Segura de la Sierra,507471.61,4246090.17,GUADMENA,132,0,No,0,0,0,507471.61,4246090.17
3636,R1-299,EDISTRIBUCIÓN REDES DIGITALES S.L.U.,Jaén,Segura de la Sierra,507471.61,4246090.17,GUADMENA,25,0,No,12.06,0,0,507471.61,4246090.17
3637,R1-299,EDISTRIBUCIÓN REDES DIGITALES S.L.U.,Jaén,Andújar,407264.46,4209319.79,KOIPE,66,0,No,3.31,0,0,407264.46,4209319.79
3638,R1-299,EDISTRIBUCIÓN REDES DIGITALES S.L.U.,Jaén,Jaén,432581.09,4181619.09,LAGUNILL,66,0,No,0,0,0,432581.09,4181619.09
3639,R1-299,EDISTRIBUCIÓN REDES DIGITALES S.L.U.,Jaén,Jaén,432581.09,4181619.09,LAGUNILL,20,0,No,13.35,0,0,432581.09,4181619.09
3640,R1-299,EDISTRIBUCIÓN REDES DIGITALES S.L.U.,Jaén,Linares,446332.4,4218023.78,LINAREJO,132,0,No,0,0,0,446332.4,4218023.78
3641,R1-299,EDISTRIBUCIÓN REDES DIGITALES S.L.U.,Jaén,Linares,446332.4,4218023.78,LINAREJO,25,0,No,14.11,0,0,446332.4,4218023.78
3642,R1-299,EDISTRIBUCIÓN REDES DIGITALES S.L.U.,Jaén,Linares,446332.4,4218023.78,LINAREJO,20,0,No,16.9,0,0,446332.4,4218023.78
3643,R1-299,EDISTRIBUCIÓN REDES DIGITALES S.L.U.,Jaén,Linares,443577.88,4215066.35,LINARES,132,0,No,26.05,0,0,443577.88,4215066.35
3644,R1-299,EDISTRIBUCIÓN REDES DIGITALES S.L.U.,Jaén,Linares,443577.88,4215066.35,LINARES,25,0,No,13.95,0,0,443577.88,4215066.35
3645,R1-299,EDISTRIBUCIÓN REDES DIGITALES S.L.U.,Jaén,Linares,443577.88,4215066.35,LINARES,20,0,No,16.95,0,0,443577.88,4215066.35
3646,R1-299,EDISTRIBUCIÓN REDES DIGITALES S.L.U.,Jaén,Linares,448135.1,4211672.06,LITRA,132,0,No,1.62,0,0,448135.1,4211672.06
3647,R1-299,EDISTRIBUCIÓN REDES DIGITALES S.L.U.,Jaén,Linares,448135.1,4211672.06,LITRA,25,0,No,21.48,0,0,448135.1,4211672.06
3648,R1-299,EDISTRIBUCIÓN REDES DIGITALES S.L.U.,Jaén,Mancha Real,445097.53,4181556.86,MANCHARE,66,0,No,0,0,0,445097.53,4181556.86
3649,R1-299,EDISTRIBUCIÓN REDES DIGITALES S.L.U.,Jaén,Mancha Real,445097.53,4181556.86,MANCHARE,20,0,No,20.57,0,0,445097.53,4181556.86
3650,R1-299,EDISTRIBUCIÓN REDES DIGITALES S.L.U.,Jaén,Marmolejo,395812.63,4213095.9,MARMOLEJ,66,0,No,0,0,0,395812.63,4213095.9
3651,R1-299,EDISTRIBUCIÓN REDES DIGITALES S.L.U.,Jaén,Martos,414010.07,4176077.46,MARTOS,132,0,No,10.83,0,0,414010.07,4176077.46
3652,R1-299,EDISTRIBUCIÓN REDES DIGITALES S.L.U.,Jaén,Martos,414010.07,4176077.46,MARTOS,25,0,No,42.09,0,0,414010.07,4176077.46
3653,R1-299,EDISTRIBUCIÓN REDES DIGITALES S.L.U.,Jaén,Alcalá la Real,422173.44,4144871.93,MAZUELOS,66,0,No,0,0,0,422173.44,4144871.93
3654,R1-299,EDISTRIBUCIÓN REDES DIGITALES S.L.U.,Jaén,Alcalá la Real,422173.44,4144871.93,MAZUELOS,20,0,No,37.02,1.33,0,422173.44,4144871.93
3655,R1-299,EDISTRIBUCIÓN REDES DIGITALES S.L.U.,Jaén,Mengíbar,430448.57,4204474.5,MENGIBAR,132,0,No,11.64,0,0,430448.57,4204474.5
3656,R1-299,EDISTRIBUCIÓN REDES DIGITALES S.L.U.,Jaén,Mengíbar,430448.57,4204474.5,MENGIBAR,25,0,No,26.89,8.79,0,430448.57,4204474.5
3657,R1-299,EDISTRIBUCIÓN REDES DIGITALES S.L.U.,Jaén,Jaén,429459.97,4183835.16,OLIVARES,132,0,No,0,0,0,429459.97,4183835.16
3658,R1-299,EDISTRIBUCIÓN REDES DIGITALES S.L.U.,Jaén,Jaén,429459.97,4183835.16,OLIVARES,66,0,No,0,0,0,429459.97,4183835.16
3659,R1-299,EDISTRIBUCIÓN REDES DIGITALES S.L.U.,Jaén,Jaén,429459.97,4183835.16,OLIVARES,20,0,No,59.66,0,0,429459.97,4183835.16
3660,R1-299,EDISTRIBUCIÓN REDES DIGITALES S.L.U.,Jaén,Baeza,463722.87,4195963.54,PEDROMAR,132,0,No,0,0,0,463722.87,4195963.54
3661,R1-299,EDISTRIBUCIÓN REDES DIGITALES S.L.U.,Jaén,Baeza,463722.87,4195963.54,PEDROMAR,25,0,No,29.44,0,0,463722.87,4195963.54
3662,R1-299,EDISTRIBUCIÓN REDES DIGITALES S.L.U.,Jaén,Andújar,408604.54,4211143.7,PTA_MADR,66,0,No,0,0,0,408604.54,4211143.7
3663,R1-299,EDISTRIBUCIÓN REDES DIGITALES S.L.U.,Jaén,Andújar,408604.54,4211143.7,PTA_MADR,20,0,No,22.47,0,0,408604.54,4211143.7
3664,R1-299,EDISTRIBUCIÓN REDES DIGITALES S.L.U.,Jaén,Baeza,453363.79,4199045.7,PTE_OBIS,132,0,No,0,0,0,453363.79,4199045.7
3665,R1-299,EDISTRIBUCIÓN REDES DIGITALES S.L.U.,Jaén,Baeza,453363.79,4199045.7,PTE_OBIS,25,0,No,27.34,0,0,453363.79,4199045.7
3666,R1-299,EDISTRIBUCIÓN REDES DIGITALES S.L.U.,Jaén,Puente de Génave,512904.39,4245872.15,PUENTE_G,132,0,No,0.52,0,0,512904.39,4245872.15
3667,R1-299,EDISTRIBUCIÓN REDES DIGITALES S.L.U.,Jaén,Puente de Génave,512904.39,4245872.15,PUENTE_G,25,0,No,1.15,0,0,512904.39,4245872.15
3668,R1-299,EDISTRIBUCIÓN REDES DIGITALES S.L.U.,Jaén,Pozo Alcón,504172.34,4171845.23,PZ_ALCON,132,0,No,0,0,0,504172.34,4171845.23
3669,R1-299,EDISTRIBUCIÓN REDES DIGITALES S.L.U.,Jaén,Pozo Alcón,504172.34,4171845.23,PZ_ALCON,20,0,No,8.76,0,0,504172.34,4171845.23
3670,R1-299,EDISTRIBUCIÓN REDES DIGITALES S.L.U.,Jaén,Quesada,492451.22,4190635.38,QUESADA,132,0,No,0,0,0,492451.22,4190635.38
3671,R1-299,EDISTRIBUCIÓN REDES DIGITALES S.L.U.,Jaén,Quesada,492451.22,4190635.38,QUESADA,20,0,No,15.29,0,0,492451.22,4190635.38
3672,R1-299,EDISTRIBUCIÓN REDES DIGITALES S.L.U.,Jaén,Orcera,528326.59,4240974.28,SIERRAS,132,0,No,0,0,0,528326.59,4240974.28
3673,R1-299,EDISTRIBUCIÓN REDES DIGITALES S.L.U.,Jaén,Orcera,528326.59,4240974.28,SIERRAS,25,0,No,7.11,0,0,528326.59,4240974.28
3674,R1-299,EDISTRIBUCIÓN REDES DIGITALES S.L.U.,Jaén,Linares,448162.52,4212895.15,TRADEMA,132,0,No,6.84,0,0,448162.52,4212895.15
3675,R1-299,EDISTRIBUCIÓN REDES DIGITALES S.L.U.,Jaén,Villanueva del Arzobispo,517779.46,4225227.36,TRANCO,132,0,No,0,0,0,517779.46,4225227.36
3676,R1-299,EDISTRIBUCIÓN REDES DIGITALES S.L.U.,Jaén,Villanueva del Arzobispo,517779.46,4225227.36,TRANCO,25,0,No,6.57,0,0,517779.46,4225227.36
3677,R1-299,EDISTRIBUCIÓN REDES DIGITALES S.L.U.,Jaén,Úbeda,465770.58,4208473.23,UBEDA,132,0,No,0,0,0,465770.58,4208473.23
3678,R1-299,EDISTRIBUCIÓN REDES DIGITALES S.L.U.,Jaén,Úbeda,465770.58,4208473.23,UBEDA,25,0,No,39.54,0,0,465770.58,4208473.23
3679,R1-299,EDISTRIBUCIÓN REDES DIGITALES S.L.U.,Jaén,Jaén,430735.21,4185370.18,V_COSTAL,132,0,No,0,0,0,430735.21,4185370.18
3680,R1-299,EDISTRIBUCIÓN REDES DIGITALES S.L.U.,Jaén,Jaén,430735.21,4185370.18,V_COSTAL,20,0,No,31.77,1.9,0,430735.21,4185370.18
3681,R1-299,EDISTRIBUCIÓN REDES DIGITALES S.L.U.,Jaén,Torredonjimeno,418651.29,4180071.23,VALDIVIE,132,0,No,0,0,0,418651.29,4180071.23
3682,R1-299,EDISTRIBUCIÓN REDES DIGITALES S.L.U.,Jaén,Torredonjimeno,418651.29,4180071.23,VALDIVIE,25,0,No,38.3,0,0,418651.29,4180071.23
3683,R1-299,EDISTRIBUCIÓN REDES DIGITALES S.L.U.,Jaén,Jaén,430676.8,4181339.69,VICTORIA,66,0,No,0,0,0,430676.8,4181339.69
3684,R1-299,EDISTRIBUCIÓN REDES DIGITALES S.L.U.,Jaén,Jaén,430676.8,4181339.69,VICTORIA,20,0,No,23.17,0,0,430676.8,4181339.69
3685,R1-299,EDISTRIBUCIÓN REDES DIGITALES S.L.U.,Jaén,Vilches,454508.13,4230191.33,VILCHES,66,0,No,2.28,0,0,454508.13,4230191.33
3686,R1-299,EDISTRIBUCIÓN REDES DIGITALES S.L.U.,Jaén,Vilches,454508.13,4230191.33,VILCHES,25,0,No,11.19,0,0,454508.13,4230191.33
3687,R1-299,EDISTRIBUCIÓN REDES DIGITALES S.L.U.,Jaén,Villanueva del Arzobispo,500064.18,4223623.49,VVAARZOB,132,0,No,0.95,0,0,500064.18,4223623.49
3688,R1-299,EDISTRIBUCIÓN REDES DIGITALES S.L.U.,Jaén,Villanueva del Arzobispo,500064.18,4223623.49,VVAARZOB,25,0,No,29.25,1.69,0,500064.18,4223623.49
3689,R1-299,EDISTRIBUCIÓN REDES DIGITALES S.L.U.,Málaga,Álora,346450.28,4085273.83,ABDALAJI,66,0,No,0.03,0,0,346450.28,4085273.83
3690,R1-299,EDISTRIBUCIÓN REDES DIGITALES S.L.U.,Málaga,Villanueva de Algaidas,370600.43,4115265.83,ALGAIDA,66,0,No,1.19,0,0,370600.43,4115265.83
3691,R1-299,EDISTRIBUCIÓN REDES DIGITALES S.L.U.,Málaga,Villanueva de Algaidas,370600.43,4115265.83,ALGAIDA,20,0,No,6.53,0,0,370600.43,4115265.83
3692,R1-299,EDISTRIBUCIÓN REDES DIGITALES S.L.U.,Málaga,Alhaurín de la Torre,359235.63,4057869.8,ALHAURIN,66,0,No,0.18,0,0,359235.63,4057869.8
3693,R1-299,EDISTRIBUCIÓN REDES DIGITALES S.L.U.,Málaga,Alhaurín de la Torre,359235.63,4057869.8,ALHAURIN,20,0,No,37.21,0,0,359235.63,4057869.8
3694,R1-299,EDISTRIBUCIÓN REDES DIGITALES S.L.U.,Málaga,Antequera,361002.69,4101804.4,ANTEQUER,66,0,No,0,0,0,361002.69,4101804.4
3695,R1-299,EDISTRIBUCIÓN REDES DIGITALES S.L.U.,Málaga,Antequera,361002.69,4101804.4,ANTEQUER,20,0,No,60.52,2.39,0,361002.69,4101804.4
3696,R1-299,EDISTRIBUCIÓN REDES DIGITALES S.L.U.,Málaga,Archidona,371904.18,4105511.59,ARCHIDON,132,0,No,0,0,0,371904.18,4105511.59
3697,R1-299,EDISTRIBUCIÓN REDES DIGITALES S.L.U.,Málaga,Archidona,371904.18,4105511.59,ARCHIDON,66,0,No,0,0,0,371904.18,4105511.59
3698,R1-299,EDISTRIBUCIÓN REDES DIGITALES S.L.U.,Málaga,Archidona,371904.18,4105511.59,ARCHIDON,20,0,No,16.86,0,0,371904.18,4105511.59
3699,R1-299,EDISTRIBUCIÓN REDES DIGITALES S.L.U.,Málaga,Vélez-Málaga,400836.87,4067769.02,AXARQUIA,66,0,No,0,0,0,400836.87,4067769.02
3700,R1-299,EDISTRIBUCIÓN REDES DIGITALES S.L.U.,Málaga,Vélez-Málaga,400836.87,4067769.02,AXARQUIA,20,0,No,47.42,0.95,0,400836.87,4067769.02
3701,R1-299,EDISTRIBUCIÓN REDES DIGITALES S.L.U.,Málaga,Benahavís,316589.81,4043003.5,BENAHAVI,66,0,No,0,0,0,316589.81,4043003.5
3702,R1-299,EDISTRIBUCIÓN REDES DIGITALES S.L.U.,Málaga,Benalmádena,360286.93,4052282.28,BENALMAD,66,0,No,0,0,0,360286.93,4052282.28
3703,R1-299,EDISTRIBUCIÓN REDES DIGITALES S.L.U.,Málaga,Benalmádena,360286.93,4052282.28,BENALMAD,20,0,No,45.93,0,0,360286.93,4052282.28
3704,R1-299,EDISTRIBUCIÓN REDES DIGITALES S.L.U.,Málaga,Antequera,345781.76,4099773.32,BOBADILL,66,0,No,0.04,0,0,345781.76,4099773.32
3705,R1-299,EDISTRIBUCIÓN REDES DIGITALES S.L.U.,Málaga,Cortes de la Frontera,287127.45,4046336.15,BUITRERA,66,0,No,0,0,0,287127.45,4046336.15
3706,R1-299,EDISTRIBUCIÓN REDES DIGITALES S.L.U.,Málaga,Cortes de la Frontera,287127.45,4046336.15,BUITRERA,20,0,No,4.09,0,0,287127.45,4046336.15
3707,R1-299,EDISTRIBUCIÓN REDES DIGITALES S.L.U.,Málaga,Málaga,362159.02,4066614.22,CAMPANIL,66,0,No,0,0,0,362159.02,4066614.22
3708,R1-299,EDISTRIBUCIÓN REDES DIGITALES S.L.U.,Málaga,Málaga,362159.02,4066614.22,CAMPANIL,20,0,No,52.21,0,0,362159.02,4066614.22
3709,R1-299,EDISTRIBUCIÓN REDES DIGITALES S.L.U.,Málaga,Casares,300919.7,4031225.58,CASARES,66,0,No,0,0,0,300919.7,4031225.58
3710,R1-299,EDISTRIBUCIÓN REDES DIGITALES S.L.U.,Málaga,Casares,300919.7,4031225.58,CASARES,20,0,No,35.53,0,0,300919.7,4031225.58
3711,R1-299,EDISTRIBUCIÓN REDES DIGITALES S.L.U.,Málaga,Casabermeja,373361.56,4084869.28,CBERMEJA,132,0,No,0,0,0,373361.56,4084869.28
3712,R1-299,EDISTRIBUCIÓN REDES DIGITALES S.L.U.,Málaga,Casabermeja,373361.56,4084869.28,CBERMEJA,20,0,No,11.54,1.43,0,373361.56,4084869.28
3713,R1-299,EDISTRIBUCIÓN REDES DIGITALES S.L.U.,Málaga,Málaga,381094.18,4064741.53,CEMCALA,66,0,No,17.4,0,0,381094.18,4064741.53
3714,R1-299,EDISTRIBUCIÓN REDES DIGITALES S.L.U.,Málaga,Málaga,372794.35,4065292.79,CENTRO,66,0,No,0,0,0,372794.35,4065292.79
3715,R1-299,EDISTRIBUCIÓN REDES DIGITALES S.L.U.,Málaga,Málaga,372777.02,4066649.19,CIUDAD_J,66,0,No,0,0,0,372777.02,4066649.19
3716,R1-299,EDISTRIBUCIÓN REDES DIGITALES S.L.U.,Málaga,Málaga,366924.87,4057044.18,CIZANA,66,0,No,0,0,0,366924.87,4057044.18
3717,R1-299,EDISTRIBUCIÓN REDES DIGITALES S.L.U.,Málaga,Mijas,348289.47,4041418.71,CJOCOLOR,66,0,No,0,0,0,348289.47,4041418.71
3718,R1-299,EDISTRIBUCIÓN REDES DIGITALES S.L.U.,Málaga,Mijas,348289.47,4041418.71,CJOCOLOR,20,0,No,53.83,0,0,348289.47,4041418.71
3719,R1-299,EDISTRIBUCIÓN REDES DIGITALES S.L.U.,Málaga,Málaga,372794.35,4065292.79,CENTRO,20,0,No,54.08,0,0,372794.35,4065292.79
3720,R1-299,EDISTRIBUCIÓN REDES DIGITALES S.L.U.,Málaga,Málaga,372777.02,4066649.19,CIUDAD_J,20,0,No,50.4,1.46,0,372777.02,4066649.19
3721,R1-299,EDISTRIBUCIÓN REDES DIGITALES S.L.U.,Málaga,Málaga,366924.87,4057044.18,CIZANA,20,0,No,44.36,1.14,0,366924.87,4057044.18
3722,R1-299,EDISTRIBUCIÓN REDES DIGITALES S.L.U.,Málaga,Gaucín,284567.23,4041598.87,CORCHADO,66,0,No,0,0,0,284567.23,4041598.87
3723,R1-299,EDISTRIBUCIÓN REDES DIGITALES S.L.U.,Málaga,Gaucín,284567.23,4041598.87,CORCHADO,15,0,No,6.4,0,0,284567.23,4041598.87
3724,R1-299,EDISTRIBUCIÓN REDES DIGITALES S.L.U.,Málaga,Marbella,333502.95,4043569.08,COSTASOL,66,0,No,0,0,0,333502.95,4043569.08
3725,R1-299,EDISTRIBUCIÓN REDES DIGITALES S.L.U.,Málaga,Marbella,333502.95,4043569.08,COSTASOL,20,0,No,47.92,11.31,0,333502.95,4043569.08
3726,R1-299,EDISTRIBUCIÓN REDES DIGITALES S.L.U.,Málaga,Marbella,325640.65,4042537.48,DECOSOL,66,0,No,6.62,0,0,325640.65,4042537.48
3727,R1-299,EDISTRIBUCIÓN REDES DIGITALES S.L.U.,Málaga,Marbella,325640.65,4042537.48,DECOSOL,20,0,No,28.81,8.19,0,325640.65,4042537.48
3728,R1-299,EDISTRIBUCIÓN REDES DIGITALES S.L.U.,Málaga,Marbella,341521.34,4040733.48,ELVIRIA,66,0,No,0,0,0,341521.34,4040733.48
3729,R1-299,EDISTRIBUCIÓN REDES DIGITALES S.L.U.,Málaga,Marbella,341521.34,4040733.48,ELVIRIA,20,0,No,47.1,0,0,341521.34,4040733.48
3730,R1-299,EDISTRIBUCIÓN REDES DIGITALES S.L.U.,Málaga,Estepona,305588.45,4033520.78,ESTEPONA,66,0,No,0,0,0,305588.45,4033520.78
3731,R1-299,EDISTRIBUCIÓN REDES DIGITALES S.L.U.,Málaga,Estepona,305588.45,4033520.78,ESTEPONA,20,0,No,49.85,29.21,0,305588.45,4033520.78
3732,R1-299,EDISTRIBUCIÓN REDES DIGITALES S.L.U.,Málaga,Fuengirola,354196.16,4046232.09,FUENGIRO,66,0,No,0,0,0,354196.16,4046232.09
3733,R1-299,EDISTRIBUCIÓN REDES DIGITALES S.L.U.,Málaga,Fuengirola,354196.16,4046232.09,FUENGIRO,20,0,No,74.23,2.59,0,354196.16,4046232.09
3734,R1-299,EDISTRIBUCIÓN REDES DIGITALES S.L.U.,Málaga,Campillos,340138.84,4089605.67,GUADALTE,66,0,No,0,0,0,340138.84,4089605.67
3735,R1-299,EDISTRIBUCIÓN REDES DIGITALES S.L.U.,Málaga,Fuente de Piedra,348297.2,4109523.18,HUMILLAD,66,0,No,1.5,0,0,348297.2,4109523.18
3736,R1-299,EDISTRIBUCIÓN REDES DIGITALES S.L.U.,Málaga,Fuente de Piedra,348297.2,4109523.18,HUMILLAD,25,0,No,43.8,0,0,348297.2,4109523.18
3737,R1-299,EDISTRIBUCIÓN REDES DIGITALES S.L.U.,Málaga,Cuevas de San Marcos,377023.53,4126225.41,IZNAJAR,132,0,No,0,0,0,377023.53,4126225.41
3738,R1-299,EDISTRIBUCIÓN REDES DIGITALES S.L.U.,Málaga,Benahavís,317575.45,4040632.29,JARALILL,66,0,No,0,0,0,317575.45,4040632.29
3739,R1-299,EDISTRIBUCIÓN REDES DIGITALES S.L.U.,Málaga,Benahavís,317575.45,4040632.29,JARALILL,20,0,No,42,4.06,0,317575.45,4040632.29
3740,R1-299,EDISTRIBUCIÓN REDES DIGITALES S.L.U.,Málaga,Torremolinos,364970.99,4054865.45,MANANTIA,66,0,No,0,0,0,364970.99,4054865.45
3741,R1-299,EDISTRIBUCIÓN REDES DIGITALES S.L.U.,Málaga,Torremolinos,364970.99,4054865.45,MANANTIA,20,0,No,43.52,0,0,364970.99,4054865.45
3742,R1-299,EDISTRIBUCIÓN REDES DIGITALES S.L.U.,Málaga,Manilva,296465.16,4024681.7,MANILVA,66,0,No,0,0,0,296465.16,4024681.7
3743,R1-299,EDISTRIBUCIÓN REDES DIGITALES S.L.U.,Málaga,Manilva,296465.16,4024681.7,MANILVA,20,0,No,24.13,0,0,296465.16,4024681.7
3744,R1-299,EDISTRIBUCIÓN REDES DIGITALES S.L.U.,Málaga,Marbella,330400.1,4043064.51,MARBELLA,66,0,No,0,0,0,330400.1,4043064.51
3745,R1-299,EDISTRIBUCIÓN REDES DIGITALES S.L.U.,Málaga,Marbella,330400.1,4043064.51,MARBELLA,20,0,No,59.6,1.37,0,330400.1,4043064.51
3746,R1-299,EDISTRIBUCIÓN REDES DIGITALES S.L.U.,Málaga,Torremolinos,363556.35,4053021.53,MARYSOL,66,0,No,0,0,0,363556.35,4053021.53
3747,R1-299,EDISTRIBUCIÓN REDES DIGITALES S.L.U.,Sevilla,Brenes,245107.68,4158784.32,AGRIBETI,66,0,No,2.28,0,0,245107.68,4158784.32
3748,R1-299,EDISTRIBUCIÓN REDES DIGITALES S.L.U.,Sevilla,Brenes,245107.68,4158784.32,AGRIBETI,15,0,No,10.64,0,0,245107.68,4158784.32
3749,R1-299,EDISTRIBUCIÓN REDES DIGITALES S.L.U.,Málaga,Torremolinos,363556.35,4053021.53,MARYSOL,20,0,No,68.79,0,0,363556.35,4053021.53
3750,R1-299,EDISTRIBUCIÓN REDES DIGITALES S.L.U.,Málaga,Mijas,353060.69,4043798.2,MIJAS,66,0,No,0,0,0,353060.69,4043798.2
3751,R1-299,EDISTRIBUCIÓN REDES DIGITALES S.L.U.,Málaga,Mijas,353060.69,4043798.2,MIJAS,20,0,No,69.46,0,0,353060.69,4043798.2
3752,R1-299,EDISTRIBUCIÓN REDES DIGITALES S.L.U.,Málaga,Málaga,378623.38,4065512.9,MIRAFLOR,66,0,No,0,0,0,378623.38,4065512.9
3753,R1-299,EDISTRIBUCIÓN REDES DIGITALES S.L.U.,Málaga,Málaga,378623.38,4065512.9,MIRAFLOR,20,0,No,33.89,0,0,378623.38,4065512.9
3754,R1-299,EDISTRIBUCIÓN REDES DIGITALES S.L.U.,Málaga,Mollina,351862.54,4108661.41,MOLLINA,66,0,No,0,0,0,351862.54,4108661.41
3755,R1-299,EDISTRIBUCIÓN REDES DIGITALES S.L.U.,Málaga,Mollina,351862.54,4108661.41,MOLLINA,20,0,No,14.99,0,0,351862.54,4108661.41
3756,R1-299,EDISTRIBUCIÓN REDES DIGITALES S.L.U.,Málaga,Málaga,376012.35,4067537.91,MONTES,66,0,No,0,0,0,376012.35,4067537.91
3757,R1-299,EDISTRIBUCIÓN REDES DIGITALES S.L.U.,Málaga,Málaga,376012.35,4067537.91,MONTES,20,0,No,28.85,0,0,376012.35,4067537.91
3758,R1-299,EDISTRIBUCIÓN REDES DIGITALES S.L.U.,Málaga,Nerja,421848.2,4069083.4,NERJA,132,0,No,0,0,0,421848.2,4069083.4
3759,R1-299,EDISTRIBUCIÓN REDES DIGITALES S.L.U.,Málaga,Nerja,421848.2,4069083.4,NERJA,66,0,No,0,0,0,421848.2,4069083.4
3760,R1-299,EDISTRIBUCIÓN REDES DIGITALES S.L.U.,Málaga,Nerja,421848.2,4069083.4,NERJA,20,0,No,37.32,0,0,421848.2,4069083.4
3761,R1-299,EDISTRIBUCIÓN REDES DIGITALES S.L.U.,Málaga,Marbella,323548,4041031.67,NUEVANDA,66,0,No,0,0,0,323548,4041031.67
3762,R1-299,EDISTRIBUCIÓN REDES DIGITALES S.L.U.,Málaga,Marbella,323548,4041031.67,NUEVANDA,20,0,No,70.46,38.42,0,323548,4041031.67
3763,R1-299,EDISTRIBUCIÓN REDES DIGITALES S.L.U.,Málaga,Álora,342220.74,4086907.51,NUEVCHOR,66,0,No,0,0,0,342220.74,4086907.51
3764,R1-299,EDISTRIBUCIÓN REDES DIGITALES S.L.U.,Málaga,Ronda,309034.81,4068931.53,NUEVROND,66,0,No,0,0,0,309034.81,4068931.53
3765,R1-299,EDISTRIBUCIÓN REDES DIGITALES S.L.U.,Málaga,Ronda,309034.81,4068931.53,NUEVROND,20,0,No,17.49,0,0,309034.81,4068931.53
3766,R1-299,EDISTRIBUCIÓN REDES DIGITALES S.L.U.,Málaga,Estepona,315272.07,4037471.78,PARAISO,66,0,No,8.32,0,0,315272.07,4037471.78
3767,R1-299,EDISTRIBUCIÓN REDES DIGITALES S.L.U.,Málaga,Estepona,315272.07,4037471.78,PARAISO,20,0,No,42.87,19.68,0,315272.07,4037471.78
3768,R1-299,EDISTRIBUCIÓN REDES DIGITALES S.L.U.,Málaga,Álora,346753.36,4080835.16,PAREDONE,66,0,No,0,0,0,346753.36,4080835.16
3769,R1-299,EDISTRIBUCIÓN REDES DIGITALES S.L.U.,Málaga,Álora,346753.36,4080835.16,PAREDONE,20,0,No,13.17,0,0,346753.36,4080835.16
3770,R1-299,EDISTRIBUCIÓN REDES DIGITALES S.L.U.,Málaga,Málaga,372455.65,4064659.1,PERCHEL,66,0,No,0,0,0,372455.65,4064659.1
3771,R1-299,EDISTRIBUCIÓN REDES DIGITALES S.L.U.,Málaga,Málaga,372455.65,4064659.1,PERCHEL,20,0,No,47.67,1.43,0,372455.65,4064659.1
3772,R1-299,EDISTRIBUCIÓN REDES DIGITALES S.L.U.,Málaga,Málaga,369001.48,4062000.71,POLIGONO,66,0,No,25,0,0,369001.48,4062000.71
3773,R1-299,EDISTRIBUCIÓN REDES DIGITALES S.L.U.,Málaga,Málaga,369001.48,4062000.71,POLIGONO,20,0,No,60.15,0,0,369001.48,4062000.71
3774,R1-299,EDISTRIBUCIÓN REDES DIGITALES S.L.U.,Málaga,Antequera,347950.5,4101787.17,PTO_SECO,66,0,No,0,0,0,347950.5,4101787.17
3775,R1-299,EDISTRIBUCIÓN REDES DIGITALES S.L.U.,Málaga,Antequera,347950.5,4101787.17,PTO_SECO,20,0,No,40.02,0,0,347950.5,4101787.17
3776,R1-299,EDISTRIBUCIÓN REDES DIGITALES S.L.U.,Málaga,Málaga,368527.1,4065830.14,RAMOS,132,0,No,0,0,0,368527.1,4065830.14
3777,R1-299,EDISTRIBUCIÓN REDES DIGITALES S.L.U.,Málaga,Málaga,368527.1,4065830.14,RAMOS,66,0,No,0,0,0,368527.1,4065830.14
3778,R1-299,EDISTRIBUCIÓN REDES DIGITALES S.L.U.,Málaga,Málaga,368527.1,4065830.14,RAMOS,20,0,No,45.31,0,0,368527.1,4065830.14
3779,R1-299,EDISTRIBUCIÓN REDES DIGITALES S.L.U.,Málaga,Rincón de la Victoria,388588.55,4064652.91,RINCO_V,132,0,No,0,0,0,388588.55,4064652.91
3780,R1-299,EDISTRIBUCIÓN REDES DIGITALES S.L.U.,Málaga,Rincón de la Victoria,388588.55,4064652.91,RINCO_V,20,0,No,46.8,0,0,388588.55,4064652.91
3781,R1-299,EDISTRIBUCIÓN REDES DIGITALES S.L.U.,Málaga,Ronda,306207.1,4068517.41,RONDA,66,0,No,0,0,0,306207.1,4068517.41
3782,R1-299,EDISTRIBUCIÓN REDES DIGITALES S.L.U.,Málaga,Ronda,306207.1,4068517.41,RONDA,20,0,No,17.3,0,0,306207.1,4068517.41
3783,R1-299,EDISTRIBUCIÓN REDES DIGITALES S.L.U.,Málaga,Archidona,373141.89,4112742.18,S_ARCAS,132,0,No,0,0,0,373141.89,4112742.18
3784,R1-299,EDISTRIBUCIÓN REDES DIGITALES S.L.U.,Málaga,Málaga,370463.42,4060813.43,S_SEBAST,66,0,No,0,0,0,370463.42,4060813.43
3785,R1-299,EDISTRIBUCIÓN REDES DIGITALES S.L.U.,Málaga,Málaga,370463.42,4060813.43,S_SEBAST,20,0,No,88.62,0,0,370463.42,4060813.43
3786,R1-299,EDISTRIBUCIÓN REDES DIGITALES S.L.U.,Málaga,Tolox,331663.48,4063703.71,SAUGUSTO,66,0,No,0,0,0,331663.48,4063703.71
3787,R1-299,EDISTRIBUCIÓN REDES DIGITALES S.L.U.,Málaga,Tolox,331663.48,4063703.71,SAUGUSTO,20,0,No,16.12,0,0,331663.48,4063703.71
3788,R1-299,EDISTRIBUCIÓN REDES DIGITALES S.L.U.,Málaga,Málaga,371386.12,4064643.34,SECUNDAR,66,0,No,0,0,0,371386.12,4064643.34
3789,R1-299,EDISTRIBUCIÓN REDES DIGITALES S.L.U.,Málaga,Málaga,371386.12,4064643.34,SECUNDAR,20,0,No,67.12,0,0,371386.12,4064643.34
3790,R1-299,EDISTRIBUCIÓN REDES DIGITALES S.L.U.,Málaga,Málaga,369393.38,4064073.24,SRAFAEL,66,0,No,0,0,0,369393.38,4064073.24
3791,R1-299,EDISTRIBUCIÓN REDES DIGITALES S.L.U.,Málaga,Málaga,369393.38,4064073.24,SRAFAEL,20,0,No,38.5,0,0,369393.38,4064073.24
3792,R1-299,EDISTRIBUCIÓN REDES DIGITALES S.L.U.,Málaga,Fuengirola,357052.46,4049715.45,TORREBLA,66,0,No,0,0,0,357052.46,4049715.45
3793,R1-299,EDISTRIBUCIÓN REDES DIGITALES S.L.U.,Málaga,Fuengirola,357052.46,4049715.45,TORREBLA,20,0,No,14.19,0,0,357052.46,4049715.45
3794,R1-299,EDISTRIBUCIÓN REDES DIGITALES S.L.U.,Málaga,Vélez-Málaga,402067.78,4067248.62,TORREMAR,66,0,No,0,0,0,402067.78,4067248.62
3795,R1-299,EDISTRIBUCIÓN REDES DIGITALES S.L.U.,Málaga,Vélez-Málaga,402067.78,4067248.62,TORREMAR,20,0,No,56.36,0,0,402067.78,4067248.62
3796,R1-299,EDISTRIBUCIÓN REDES DIGITALES S.L.U.,Málaga,Torrox,415144.75,4067110.76,TORROX,132,0,No,0,0,0,415144.75,4067110.76
3797,R1-299,EDISTRIBUCIÓN REDES DIGITALES S.L.U.,Málaga,Torrox,415144.75,4067110.76,TORROX,20,0,No,35.53,0,0,415144.75,4067110.76
3798,R1-299,EDISTRIBUCIÓN REDES DIGITALES S.L.U.,Málaga,Málaga,367514.33,4064357.89,UNIVERSI,66,0,No,0,0,0,367514.33,4064357.89
3799,R1-299,EDISTRIBUCIÓN REDES DIGITALES S.L.U.,Málaga,Málaga,367514.33,4064357.89,UNIVERSI,20,0,No,67.07,0,0,367514.33,4064357.89
3800,R1-299,EDISTRIBUCIÓN REDES DIGITALES S.L.U.,Málaga,Estepona,303671.71,4032570.69,V_ROMANO,66,0,No,0,0,0,303671.71,4032570.69
3801,R1-299,EDISTRIBUCIÓN REDES DIGITALES S.L.U.,Málaga,Estepona,303671.71,4032570.69,V_ROMANO,20,0,No,21.22,19.19,0,303671.71,4032570.69
3802,R1-299,EDISTRIBUCIÓN REDES DIGITALES S.L.U.,Málaga,Alhaurín el Grande,347889.27,4062811.28,VILLFRAG,66,0,No,0,0,0,347889.27,4062811.28
3803,R1-299,EDISTRIBUCIÓN REDES DIGITALES S.L.U.,Málaga,Alhaurín el Grande,347889.27,4062811.28,VILLFRAG,20,0,No,56.38,5.56,0,347889.27,4062811.28
3804,R1-299,EDISTRIBUCIÓN REDES DIGITALES S.L.U.,Málaga,Málaga,366577.12,4062976.3,VISOS,66,0,No,0,0,0,366577.12,4062976.3
3805,R1-299,EDISTRIBUCIÓN REDES DIGITALES S.L.U.,Sevilla,"Rinconada, La",244693,4147652.05,AEROPUER,132,0,No,0,0,0,244693,4147652.05
3806,R1-299,EDISTRIBUCIÓN REDES DIGITALES S.L.U.,Sevilla,"Rinconada, La",244693,4147652.05,AEROPUER,15,0,No,25.56,0,0,244693,4147652.05
3807,R1-299,EDISTRIBUCIÓN REDES DIGITALES S.L.U.,Málaga,Málaga,366577.12,4062976.3,VISOS,20,0,No,34.94,0,0,366577.12,4062976.3
3808,R1-299,EDISTRIBUCIÓN REDES DIGITALES S.L.U.,Sevilla,Alcalá de Guadaíra,249905.02,4136016.66,AGUILA,132,0,No,0,0,0,249905.02,4136016.66
3809,R1-299,EDISTRIBUCIÓN REDES DIGITALES S.L.U.,Sevilla,Alcalá de Guadaíra,249905.02,4136016.66,AGUILA,15,0,No,28.19,0,0,249905.02,4136016.66
3810,R1-299,EDISTRIBUCIÓN REDES DIGITALES S.L.U.,Sevilla,Sevilla,234695.08,4144651.26,ALAMILLO,66,0,No,0,0,0,234695.08,4144651.26
3811,R1-299,EDISTRIBUCIÓN REDES DIGITALES S.L.U.,Sevilla,Sevilla,234695.08,4144651.26,ALAMILLO,20,0,No,32.94,0,0,234695.08,4144651.26
3812,R1-299,EDISTRIBUCIÓN REDES DIGITALES S.L.U.,Sevilla,Alcalá de Guadaíra,245616.89,4138352.74,ALCAGUAD,132,0,No,0,0,0,245616.89,4138352.74
3813,R1-299,EDISTRIBUCIÓN REDES DIGITALES S.L.U.,Sevilla,Alcalá de Guadaíra,245616.89,4138352.74,ALCAGUAD,15,0,No,9.57,0,0,245616.89,4138352.74
3814,R1-299,EDISTRIBUCIÓN REDES DIGITALES S.L.U.,Sevilla,Alcalá del Río,237099.37,4156428.59,ALCALRIO,66,0,No,0,0,0,237099.37,4156428.59
3815,R1-299,EDISTRIBUCIÓN REDES DIGITALES S.L.U.,Sevilla,Alcalá del Río,237099.37,4156428.59,ALCALRIO,15,0,No,30.96,0,0,237099.37,4156428.59
3816,R1-299,EDISTRIBUCIÓN REDES DIGITALES S.L.U.,Sevilla,Alcolea del Río,264331.73,4167232.77,ALCOLRIO,132,0,No,0,0,0,264331.73,4167232.77
3817,R1-299,EDISTRIBUCIÓN REDES DIGITALES S.L.U.,Sevilla,Alcolea del Río,264331.73,4167232.77,ALCOLRIO,66,0,No,0.82,0,0,264331.73,4167232.77
3818,R1-299,EDISTRIBUCIÓN REDES DIGITALES S.L.U.,Sevilla,Alcolea del Río,264331.73,4167232.77,ALCOLRIO,15,0,No,15.07,0,0,264331.73,4167232.77
3819,R1-299,EDISTRIBUCIÓN REDES DIGITALES S.L.U.,Sevilla,Alcalá de Guadaíra,247114.54,4141564.29,ALCORES,132,0,No,30.89,0,0,247114.54,4141564.29
3820,R1-299,EDISTRIBUCIÓN REDES DIGITALES S.L.U.,Sevilla,Alcalá de Guadaíra,247114.54,4141564.29,ALCORES,66,0,No,0,0,0,247114.54,4141564.29
3821,R1-299,EDISTRIBUCIÓN REDES DIGITALES S.L.U.,Sevilla,Alcalá de Guadaíra,247114.54,4141564.29,ALCORES,15,0,No,30.44,0,0,247114.54,4141564.29
3822,R1-299,EDISTRIBUCIÓN REDES DIGITALES S.L.U.,Sevilla,Bollullos de la Mitación,225843.43,4137571.91,ALJARAFE,66,0,No,0,0,0,225843.43,4137571.91
3823,R1-299,EDISTRIBUCIÓN REDES DIGITALES S.L.U.,Sevilla,Bollullos de la Mitación,225843.43,4137571.91,ALJARAFE,15,0,No,32.79,0,0,225843.43,4137571.91
3824,R1-299,EDISTRIBUCIÓN REDES DIGITALES S.L.U.,Sevilla,Sevilla,239002.35,4141814.96,AMATE,66,0,No,0,0,0,239002.35,4141814.96
3825,R1-299,EDISTRIBUCIÓN REDES DIGITALES S.L.U.,Sevilla,Sevilla,239002.35,4141814.96,AMATE,15,0,No,48.23,0,0,239002.35,4141814.96
3826,R1-299,EDISTRIBUCIÓN REDES DIGITALES S.L.U.,Sevilla,Paradas,274216.63,4128078.05,ARAHAL,66,0,No,0,0,0,274216.63,4128078.05
3827,R1-299,EDISTRIBUCIÓN REDES DIGITALES S.L.U.,Sevilla,Paradas,274216.63,4128078.05,ARAHAL,15,0,No,24.96,0,0,274216.63,4128078.05
3828,R1-299,EDISTRIBUCIÓN REDES DIGITALES S.L.U.,Sevilla,Alcalá de Guadaíra,244481.99,4138702.16,ARGON,66,0,No,9.62,0,0,244481.99,4138702.16
3829,R1-299,EDISTRIBUCIÓN REDES DIGITALES S.L.U.,Sevilla,Sevilla,234159.17,4142142.43,ARJONA,66,0,No,0,0,0,234159.17,4142142.43
3830,R1-299,EDISTRIBUCIÓN REDES DIGITALES S.L.U.,Sevilla,Sevilla,234159.17,4142142.43,ARJONA,20,0,No,35.28,0,0,234159.17,4142142.43
3831,R1-299,EDISTRIBUCIÓN REDES DIGITALES S.L.U.,Sevilla,Aznalcóllar,214582.2,4156311.21,AZNALCOL,132,0,No,31.81,0,0,214582.2,4156311.21
3832,R1-299,EDISTRIBUCIÓN REDES DIGITALES S.L.U.,Sevilla,Aznalcóllar,214582.2,4156311.21,AZNALCOL,15,0,No,18.77,0,0,214582.2,4156311.21
3833,R1-299,EDISTRIBUCIÓN REDES DIGITALES S.L.U.,Sevilla,Arahal,269091.91,4119103.64,BASMORON,66,0,No,1.62,0,0,269091.91,4119103.64
3834,R1-299,EDISTRIBUCIÓN REDES DIGITALES S.L.U.,Sevilla,Gerena,218531.32,4158443.95,BERROCAL,132,0,No,0,0,0,218531.32,4158443.95
3835,R1-299,EDISTRIBUCIÓN REDES DIGITALES S.L.U.,Sevilla,Bollullos de la Mitación,221518.04,4138664.34,BOLLULLM,66,0,No,0,0,0,221518.04,4138664.34
3836,R1-299,EDISTRIBUCIÓN REDES DIGITALES S.L.U.,Sevilla,Bollullos de la Mitación,221518.04,4138664.34,BOLLULLM,15,0,No,18.82,0,0,221518.04,4138664.34
3837,R1-299,EDISTRIBUCIÓN REDES DIGITALES S.L.U.,Sevilla,Bormujos,227405.53,4138213.37,BORMUJOS,66,0,No,0,0,0,227405.53,4138213.37
3838,R1-299,EDISTRIBUCIÓN REDES DIGITALES S.L.U.,Sevilla,Bormujos,227405.53,4138213.37,BORMUJOS,15,0,No,40.98,3.43,0,227405.53,4138213.37
3839,R1-299,EDISTRIBUCIÓN REDES DIGITALES S.L.U.,Sevilla,"Cabezas de San Juan, Las",237345.23,4096552.33,CABEZAS,66,0,No,0,0,0,237345.23,4096552.33
3840,R1-299,EDISTRIBUCIÓN REDES DIGITALES S.L.U.,Sevilla,"Cabezas de San Juan, Las",237345.23,4096552.33,CABEZAS,15,0,No,10.61,2.39,0,237345.23,4096552.33
3841,R1-299,EDISTRIBUCIÓN REDES DIGITALES S.L.U.,Sevilla,Guillena,223612.45,4173645.7,CALA,132,0,No,0,0,0,223612.45,4173645.7
3842,R1-299,EDISTRIBUCIÓN REDES DIGITALES S.L.U.,Sevilla,Guillena,223612.45,4173645.7,CALA,15,0,No,10.7,0,0,223612.45,4173645.7
3843,R1-299,EDISTRIBUCIÓN REDES DIGITALES S.L.U.,Sevilla,Sevilla,237948.68,4144601.75,CALONGE,132,0,No,0,0,0,237948.68,4144601.75
3844,R1-299,EDISTRIBUCIÓN REDES DIGITALES S.L.U.,Sevilla,Sevilla,237948.68,4144601.75,CALONGE,20,0,No,41.53,0,0,237948.68,4144601.75
3845,R1-299,EDISTRIBUCIÓN REDES DIGITALES S.L.U.,Sevilla,"Rinconada, La",241109.38,4152706.23,CANAMO,132,0,No,0,0,0,241109.38,4152706.23
3846,R1-299,EDISTRIBUCIÓN REDES DIGITALES S.L.U.,Sevilla,"Rinconada, La",241109.38,4152706.23,CANAMO,15,0,No,38.62,0,0,241109.38,4152706.23
3847,R1-299,EDISTRIBUCIÓN REDES DIGITALES S.L.U.,Sevilla,Cantillana,251764.79,4164175.7,CANTILLA,66,0,No,0,0,0,251764.79,4164175.7
3848,R1-299,EDISTRIBUCIÓN REDES DIGITALES S.L.U.,Sevilla,Cantillana,251764.79,4164175.7,CANTILLA,15,0,No,23.03,0,0,251764.79,4164175.7
3849,R1-299,EDISTRIBUCIÓN REDES DIGITALES S.L.U.,Sevilla,Mairena del Alcor,255134.61,4140795.13,CANTOSAL,66,0,No,0,0,0,255134.61,4140795.13
3850,R1-299,EDISTRIBUCIÓN REDES DIGITALES S.L.U.,Sevilla,Mairena del Alcor,255134.61,4140795.13,CANTOSAL,15,0,No,21.61,11.66,0,255134.61,4140795.13
3851,R1-299,EDISTRIBUCIÓN REDES DIGITALES S.L.U.,Sevilla,Camas,230842.54,4142452.62,CARAMBOL,66,0,No,0.38,0,0,230842.54,4142452.62
3852,R1-299,EDISTRIBUCIÓN REDES DIGITALES S.L.U.,Sevilla,Camas,230842.54,4142452.62,CARAMBOL,15,0,No,36.77,0,0,230842.54,4142452.62
3853,R1-299,EDISTRIBUCIÓN REDES DIGITALES S.L.U.,Sevilla,Carmona,265887.29,4150986.38,CARMONA,66,0,No,0,0,0,265887.29,4150986.38
3854,R1-299,EDISTRIBUCIÓN REDES DIGITALES S.L.U.,Sevilla,Carmona,265887.29,4150986.38,CARMONA,15,0,No,22.69,11.66,0,265887.29,4150986.38
3855,R1-299,EDISTRIBUCIÓN REDES DIGITALES S.L.U.,Sevilla,Sevilla,233313.3,4142625.4,CENTENAR,66,0,No,0.56,0,0,233313.3,4142625.4
3856,R1-299,EDISTRIBUCIÓN REDES DIGITALES S.L.U.,Sevilla,Sevilla,233313.3,4142625.4,CENTENAR,20,0,No,31.43,0,0,233313.3,4142625.4
3857,R1-299,EDISTRIBUCIÓN REDES DIGITALES S.L.U.,Sevilla,Arahal,269086.81,4124596.43,CLH_ARAH,66,0,No,3.4,0,0,269086.81,4124596.43
3858,R1-299,EDISTRIBUCIÓN REDES DIGITALES S.L.U.,Sevilla,"Coronil, El",266446.01,4107906.57,CORONIL,66,0,No,0,0,0,266446.01,4107906.57
3859,R1-299,EDISTRIBUCIÓN REDES DIGITALES S.L.U.,Sevilla,"Coronil, El",266446.01,4107906.57,CORONIL,15,0,No,8.67,0,0,266446.01,4107906.57
3860,R1-299,EDISTRIBUCIÓN REDES DIGITALES S.L.U.,Sevilla,Sevilla,236913.11,4146707.11,CROSS_SJ,132,0,No,0,0,0,236913.11,4146707.11
3861,R1-299,EDISTRIBUCIÓN REDES DIGITALES S.L.U.,Sevilla,Sevilla,236913.11,4146707.11,CROSS_SJ,20,0,No,15.92,0,0,236913.11,4146707.11
3862,R1-299,EDISTRIBUCIÓN REDES DIGITALES S.L.U.,Sevilla,Sevilla,237968.58,4142021.05,CRUZCAMP,66,0,No,0,0,0,237968.58,4142021.05
3863,R1-299,EDISTRIBUCIÓN REDES DIGITALES S.L.U.,Sevilla,Sevilla,237968.58,4142021.05,CRUZCAMP,20,0,No,31.83,0,0,237968.58,4142021.05
3864,R1-299,EDISTRIBUCIÓN REDES DIGITALES S.L.U.,Sevilla,"Cuervo de Sevilla, El",228648.93,4083556.79,CUERVO,66,0,No,0,0,0,228648.93,4083556.79
3865,R1-299,EDISTRIBUCIÓN REDES DIGITALES S.L.U.,Sevilla,"Cuervo de Sevilla, El",228648.93,4083556.79,CUERVO,15,0,No,12.79,0.01,0,228648.93,4083556.79
3866,R1-299,EDISTRIBUCIÓN REDES DIGITALES S.L.U.,Sevilla,Sevilla,234968.98,4142552.74,CUNA,66,0,No,0,0,0,234968.98,4142552.74
3867,R1-299,EDISTRIBUCIÓN REDES DIGITALES S.L.U.,Sevilla,Sevilla,237968.58,4142021.05,CRUZCAMP,15,0,No,21.63,0,0,237968.58,4142021.05
3868,R1-299,EDISTRIBUCIÓN REDES DIGITALES S.L.U.,Sevilla,Alcalá de Guadaíra,242458.09,4131916.3,DOSHMNAS,132,0,No,0.53,0,0,242458.09,4131916.3
3869,R1-299,EDISTRIBUCIÓN REDES DIGITALES S.L.U.,Sevilla,Alcalá de Guadaíra,242458.09,4131916.3,DOSHMNAS,66,0,No,7.49,0,0,242458.09,4131916.3
3870,R1-299,EDISTRIBUCIÓN REDES DIGITALES S.L.U.,Sevilla,Alcalá de Guadaíra,242458.09,4131916.3,DOSHMNAS,15,0,No,56.47,0,0,242458.09,4131916.3
3871,R1-299,EDISTRIBUCIÓN REDES DIGITALES S.L.U.,Sevilla,Alcalá de Guadaíra,247780.8,4125892.64,DRODRIGO,66,0,No,0,0,0,247780.8,4125892.64
3872,R1-299,EDISTRIBUCIÓN REDES DIGITALES S.L.U.,Sevilla,Sevilla,244761.24,4143936.19,EADSCASA,132,0,No,2.96,0,0,244761.24,4143936.19
3873,R1-299,EDISTRIBUCIÓN REDES DIGITALES S.L.U.,Sevilla,Écija,317717.12,4157320.64,ECIJA,66,0,No,0,0,0,317717.12,4157320.64
3874,R1-299,EDISTRIBUCIÓN REDES DIGITALES S.L.U.,Sevilla,Écija,317717.12,4157320.64,ECIJA,25,0,No,32.66,4.15,0,317717.12,4157320.64
3875,R1-299,EDISTRIBUCIÓN REDES DIGITALES S.L.U.,Sevilla,Sevilla,235897.27,4145344.78,EMPALME,132,0,No,0,0,0,235897.27,4145344.78
3876,R1-299,EDISTRIBUCIÓN REDES DIGITALES S.L.U.,Sevilla,Sevilla,235897.27,4145344.78,EMPALME,66,0,No,13.5,0,0,235897.27,4145344.78
3877,R1-299,EDISTRIBUCIÓN REDES DIGITALES S.L.U.,Sevilla,Sevilla,235897.27,4145344.78,EMPALME,20,0,No,55.28,0.01,0,235897.27,4145344.78
3878,R1-299,EDISTRIBUCIÓN REDES DIGITALES S.L.U.,Sevilla,Sevilla,235897.27,4145344.78,EMPALME,15,0,No,4.88,0,0,235897.27,4145344.78
3879,R1-299,EDISTRIBUCIÓN REDES DIGITALES S.L.U.,Sevilla,Sevilla,236481.9,4140818.21,ENRAMADI,66,0,No,0,0,0,236481.9,4140818.21
3880,R1-299,EDISTRIBUCIÓN REDES DIGITALES S.L.U.,Sevilla,Sevilla,236481.9,4140818.21,ENRAMADI,20,0,No,55.67,0,0,236481.9,4140818.21
3881,R1-299,EDISTRIBUCIÓN REDES DIGITALES S.L.U.,Sevilla,Dos Hermanas,239028.82,4133845.76,ENTRENUC,15,0,No,66.78,1.01,0,239028.82,4133845.76
3882,R1-299,EDISTRIBUCIÓN REDES DIGITALES S.L.U.,Sevilla,Alcalá de Guadaíra,243347.23,4139628.18,ESPALDIL,66,0,No,0,0,0,243347.23,4139628.18
3883,R1-299,EDISTRIBUCIÓN REDES DIGITALES S.L.U.,Sevilla,Alcalá de Guadaíra,243347.23,4139628.18,ESPALDIL,15,0,No,46.66,0.05,0,243347.23,4139628.18
3884,R1-299,EDISTRIBUCIÓN REDES DIGITALES S.L.U.,Sevilla,Estepa,333966.97,4129674.39,ESTEPA,66,0,No,0,0,0,333966.97,4129674.39
3885,R1-299,EDISTRIBUCIÓN REDES DIGITALES S.L.U.,Sevilla,Estepa,333966.97,4129674.39,ESTEPA,25,0,No,33.25,0,0,333966.97,4129674.39
3886,R1-299,EDISTRIBUCIÓN REDES DIGITALES S.L.U.,Sevilla,Lebrija,227298.75,4091828.4,FONTANAL,66,0,No,0,0,0,227298.75,4091828.4
3887,R1-299,EDISTRIBUCIÓN REDES DIGITALES S.L.U.,Sevilla,Lebrija,227298.75,4091828.4,FONTANAL,15,0,No,17.04,0,0,227298.75,4091828.4
3888,R1-299,EDISTRIBUCIÓN REDES DIGITALES S.L.U.,Sevilla,Dos Hermanas,235313.91,4132798.79,FUENTE_R,66,0,No,0,0,0,235313.91,4132798.79
3889,R1-299,EDISTRIBUCIÓN REDES DIGITALES S.L.U.,Sevilla,Dos Hermanas,235313.91,4132798.79,FUENTE_R,15,0,No,49.16,0,0,235313.91,4132798.79
3890,R1-299,EDISTRIBUCIÓN REDES DIGITALES S.L.U.,Sevilla,Guillena,227676.2,4156474.47,FUNDICIO,132,0,No,2.47,0,0,227676.2,4156474.47
3891,R1-299,EDISTRIBUCIÓN REDES DIGITALES S.L.U.,Sevilla,Guillena,227676.2,4156474.47,FUNDICIO,15,0,No,15.81,0,0,227676.2,4156474.47
3892,R1-299,EDISTRIBUCIÓN REDES DIGITALES S.L.U.,Sevilla,Peñaflor,286758.37,4176245.21,GRULLAS,132,0,No,60.11,0,0,286758.37,4176245.21
3893,R1-299,EDISTRIBUCIÓN REDES DIGITALES S.L.U.,Sevilla,Sevilla,234953.8,4136533.28,GUADAIRA,66,0,No,5.18,0,0,234953.8,4136533.28
3894,R1-299,EDISTRIBUCIÓN REDES DIGITALES S.L.U.,Sevilla,Sevilla,234953.8,4136533.28,GUADAIRA,15,0,No,18.98,0,0,234953.8,4136533.28
3895,R1-299,EDISTRIBUCIÓN REDES DIGITALES S.L.U.,Sevilla,Guillena,226642.69,4169952.86,GUILLENA,132,0,No,0,0,0,226642.69,4169952.86
3896,R1-299,EDISTRIBUCIÓN REDES DIGITALES S.L.U.,Sevilla,Sevilla,246540.94,4141838.29,HEINEKEN,132,0,No,3.87,0,0,246540.94,4141838.29
3897,R1-299,EDISTRIBUCIÓN REDES DIGITALES S.L.U.,Sevilla,Benacazón,212781.04,4140564.13,HUEVAR,66,0,No,9.46,0,0,212781.04,4140564.13
3898,R1-299,EDISTRIBUCIÓN REDES DIGITALES S.L.U.,Sevilla,Benacazón,212781.04,4140564.13,HUEVAR,15,0,No,16.37,0,0,212781.04,4140564.13
3899,R1-299,EDISTRIBUCIÓN REDES DIGITALES S.L.U.,Sevilla,Écija,323417.13,4153863.71,HUMOSOS,66,0,No,0.01,0,0,323417.13,4153863.71
3900,R1-299,EDISTRIBUCIÓN REDES DIGITALES S.L.U.,Sevilla,Sevilla,237529.69,4139688.47,HYTASA,66,0,No,0,0,0,237529.69,4139688.47
3901,R1-299,EDISTRIBUCIÓN REDES DIGITALES S.L.U.,Sevilla,Sevilla,237529.69,4139688.47,HYTASA,20,0,No,39.95,0,0,237529.69,4139688.47
3902,R1-299,EDISTRIBUCIÓN REDES DIGITALES S.L.U.,Sevilla,Écija,332305.26,4147370.72,I_REDOND,66,0,No,0,0,0,332305.26,4147370.72
3903,R1-299,EDISTRIBUCIÓN REDES DIGITALES S.L.U.,Sevilla,Écija,332305.26,4147370.72,I_REDOND,25,0,No,12.75,0,0,332305.26,4147370.72
3904,R1-299,EDISTRIBUCIÓN REDES DIGITALES S.L.U.,Sevilla,Isla Mayor,221050.15,4117360.78,ISLAS,66,0,No,0,0,0,221050.15,4117360.78
3905,R1-299,EDISTRIBUCIÓN REDES DIGITALES S.L.U.,Sevilla,Isla Mayor,221050.15,4117360.78,ISLAS,15,0,No,14.06,0,0,221050.15,4117360.78
3906,R1-299,EDISTRIBUCIÓN REDES DIGITALES S.L.U.,Sevilla,Salteras,229398.06,4150751.24,ITALICA,132,0,No,0,0,0,229398.06,4150751.24
3907,R1-299,EDISTRIBUCIÓN REDES DIGITALES S.L.U.,Sevilla,Salteras,229398.06,4150751.24,ITALICA,15,0,No,17.7,0,0,229398.06,4150751.24
3908,R1-299,EDISTRIBUCIÓN REDES DIGITALES S.L.U.,Sevilla,Mairena del Aljarafe,228786.4,4135850.62,LAMINILL,66,0,No,0,0,0,228786.4,4135850.62
3909,R1-299,EDISTRIBUCIÓN REDES DIGITALES S.L.U.,Sevilla,Mairena del Aljarafe,228786.4,4135850.62,LAMINILL,15,0,No,23.98,0,0,228786.4,4135850.62
3910,R1-299,EDISTRIBUCIÓN REDES DIGITALES S.L.U.,Sevilla,Lebrija,226810.82,4095354.75,LEBRIJA,66,0,No,0.21,0,0,226810.82,4095354.75
3911,R1-299,EDISTRIBUCIÓN REDES DIGITALES S.L.U.,Sevilla,Lebrija,226810.82,4095354.75,LEBRIJA,20,0,No,21.14,0.01,0,226810.82,4095354.75
3912,R1-299,EDISTRIBUCIÓN REDES DIGITALES S.L.U.,Sevilla,Lora del Río,276387.06,4171533.42,LORA,66,0,No,0,0,0,276387.06,4171533.42
3913,R1-299,EDISTRIBUCIÓN REDES DIGITALES S.L.U.,Sevilla,Lora del Río,276387.06,4171533.42,LORA,15,0,No,20.69,0,0,276387.06,4171533.42
3914,R1-299,EDISTRIBUCIÓN REDES DIGITALES S.L.U.,Sevilla,Marchena,284405.11,4133461.76,MARCHENA,66,0,No,0,0,0,284405.11,4133461.76
3915,R1-299,EDISTRIBUCIÓN REDES DIGITALES S.L.U.,Sevilla,Marchena,284405.11,4133461.76,MARCHENA,15,0,No,23.12,1.97,0,284405.11,4133461.76
3916,R1-299,EDISTRIBUCIÓN REDES DIGITALES S.L.U.,Sevilla,"Cabezas de San Juan, Las",230094.59,4107174.15,MARISMAS,66,0,No,0,0,0,230094.59,4107174.15
3917,R1-299,EDISTRIBUCIÓN REDES DIGITALES S.L.U.,Sevilla,"Cabezas de San Juan, Las",230094.59,4107174.15,MARISMAS,15,0,No,11.77,0,0,230094.59,4107174.15
3918,R1-299,EDISTRIBUCIÓN REDES DIGITALES S.L.U.,Sevilla,Fuentes de Andalucía,294132.66,4158970.7,MONCLOVA,66,0,No,3.04,0,0,294132.66,4158970.7
3919,R1-299,EDISTRIBUCIÓN REDES DIGITALES S.L.U.,Sevilla,Fuentes de Andalucía,294132.66,4158970.7,MONCLOVA,25,0,No,18.55,1.9,0,294132.66,4158970.7
3920,R1-299,EDISTRIBUCIÓN REDES DIGITALES S.L.U.,Sevilla,Utrera,251189.46,4121269.07,MORERA,66,0,No,0,0,0,251189.46,4121269.07
3921,R1-299,EDISTRIBUCIÓN REDES DIGITALES S.L.U.,Sevilla,Utrera,251189.46,4121269.07,MORERA,15,0,No,14.85,0,0,251189.46,4121269.07
3922,R1-299,EDISTRIBUCIÓN REDES DIGITALES S.L.U.,Sevilla,Morón de la Frontera,281695.14,4112427.63,MORON,66,0,No,0,0,0,281695.14,4112427.63
3923,R1-299,EDISTRIBUCIÓN REDES DIGITALES S.L.U.,Sevilla,Morón de la Frontera,281695.14,4112427.63,MORON,15,0,No,37.42,4.56,0,281695.14,4112427.63
3924,R1-299,EDISTRIBUCIÓN REDES DIGITALES S.L.U.,Sevilla,Sevilla,238028.67,4142905.16,MV_KANSA,20,0,No,3.95,0,0,238028.67,4142905.16
3925,R1-299,EDISTRIBUCIÓN REDES DIGITALES S.L.U.,Sevilla,Sevilla,237900.6,4140741.76,NERVION,20,0,No,27.33,0,0,237900.6,4140741.76
3926,R1-299,EDISTRIBUCIÓN REDES DIGITALES S.L.U.,Sevilla,Alcalá de Guadaíra,245241.59,4134681.87,OROMANA,132,0,No,0.65,0,0,245241.59,4134681.87
3927,R1-299,EDISTRIBUCIÓN REDES DIGITALES S.L.U.,Sevilla,Alcalá de Guadaíra,245241.59,4134681.87,OROMANA,15,0,No,20.92,0,0,245241.59,4134681.87
3928,R1-299,EDISTRIBUCIÓN REDES DIGITALES S.L.U.,Sevilla,Sevilla,235946.87,4142793.68,OSARIO,66,0,No,0,0,0,235946.87,4142793.68
3929,R1-299,EDISTRIBUCIÓN REDES DIGITALES S.L.U.,Sevilla,Sevilla,235946.87,4142793.68,OSARIO,20,0,No,50.78,0,0,235946.87,4142793.68
3930,R1-299,EDISTRIBUCIÓN REDES DIGITALES S.L.U.,Sevilla,Sevilla,237900.6,4140741.76,NERVION,66,0,No,0,0,0,237900.6,4140741.76
3931,R1-299,EDISTRIBUCIÓN REDES DIGITALES S.L.U.,Sevilla,Osuna,312312.2,4122528.59,OSUNA,66,0,No,0,0,0,312312.2,4122528.59
3932,R1-299,EDISTRIBUCIÓN REDES DIGITALES S.L.U.,Sevilla,Osuna,312312.2,4122528.59,OSUNA,25,0,No,47.82,0.57,0,312312.2,4122528.59
3933,R1-299,EDISTRIBUCIÓN REDES DIGITALES S.L.U.,Sevilla,"Palacios y Villafranca, Los",243869.44,4111805.28,PALACIOS,132,0,No,0,0,0,243869.44,4111805.28
3934,R1-299,EDISTRIBUCIÓN REDES DIGITALES S.L.U.,Sevilla,"Palacios y Villafranca, Los",243869.44,4111805.28,PALACIOS,66,0,No,1.39,0,0,243869.44,4111805.28
3935,R1-299,EDISTRIBUCIÓN REDES DIGITALES S.L.U.,Sevilla,"Palacios y Villafranca, Los",243869.44,4111805.28,PALACIOS,15,0,No,54.44,0,0,243869.44,4111805.28
3936,R1-299,EDISTRIBUCIÓN REDES DIGITALES S.L.U.,Sevilla,Alcalá de Guadaíra,245775.15,4140362.35,PALILLOS,66,0,No,13.41,0,0,245775.15,4140362.35
3937,R1-299,EDISTRIBUCIÓN REDES DIGITALES S.L.U.,Sevilla,Alcalá de Guadaíra,245775.15,4140362.35,PALILLOS,15,0,No,13.3,0,0,245775.15,4140362.35
3938,R1-299,EDISTRIBUCIÓN REDES DIGITALES S.L.U.,Sevilla,Sevilla,235596.27,4136785.38,PALMALTA,66,0,No,4.29,0,0,235596.27,4136785.38
3939,R1-299,EDISTRIBUCIÓN REDES DIGITALES S.L.U.,Sevilla,Sevilla,235596.27,4136785.38,PALMALTA,20,0,No,65.43,13.39,0,235596.27,4136785.38
3940,R1-299,EDISTRIBUCIÓN REDES DIGITALES S.L.U.,Sevilla,Sevilla,237098.45,4138508.25,PALMERA,66,0,No,0,0,0,237098.45,4138508.25
3941,R1-299,EDISTRIBUCIÓN REDES DIGITALES S.L.U.,Sevilla,Sevilla,237098.45,4138508.25,PALMERA,20,0,No,38.94,0,0,237098.45,4138508.25
3942,R1-299,EDISTRIBUCIÓN REDES DIGITALES S.L.U.,Sevilla,Sevilla,237098.45,4138508.25,PALMERA,15,0,No,10.95,0,0,237098.45,4138508.25
3943,R1-299,EDISTRIBUCIÓN REDES DIGITALES S.L.U.,Sevilla,Palomares del Río,229797.8,4133945.29,PALOMARE,66,0,No,0,0,0,229797.8,4133945.29
3944,R1-299,EDISTRIBUCIÓN REDES DIGITALES S.L.U.,Sevilla,Palomares del Río,229797.8,4133945.29,PALOMARE,15,0,No,38,0,0,229797.8,4133945.29
3945,R1-299,EDISTRIBUCIÓN REDES DIGITALES S.L.U.,Sevilla,"Rinconada, La",247294.74,4147313.28,PARQ_AER,132,0,No,0,0,0,247294.74,4147313.28
3946,R1-299,EDISTRIBUCIÓN REDES DIGITALES S.L.U.,Sevilla,"Rinconada, La",247294.74,4147313.28,PARQ_AER,20,0,No,15.92,0,0,247294.74,4147313.28
3947,R1-299,EDISTRIBUCIÓN REDES DIGITALES S.L.U.,Sevilla,Pilas,206742.68,4132686.22,PILAS,66,0,No,14,0,0,206742.68,4132686.22
3948,R1-299,EDISTRIBUCIÓN REDES DIGITALES S.L.U.,Sevilla,Pilas,206742.68,4132686.22,PILAS,15,0,No,16.01,0,0,206742.68,4132686.22
3949,R1-299,EDISTRIBUCIÓN REDES DIGITALES S.L.U.,Sevilla,Cazalla de la Sierra,242375.89,4200573.58,PINTADO,132,0,No,0,0,0,242375.89,4200573.58
3950,R1-299,EDISTRIBUCIÓN REDES DIGITALES S.L.U.,Sevilla,Cazalla de la Sierra,242375.89,4200573.58,PINTADO,66,0,No,0,0,0,242375.89,4200573.58
3951,R1-299,EDISTRIBUCIÓN REDES DIGITALES S.L.U.,Sevilla,Cazalla de la Sierra,242375.89,4200573.58,PINTADO,15,0,No,8.47,0,0,242375.89,4200573.58
3952,R1-299,EDISTRIBUCIÓN REDES DIGITALES S.L.U.,Sevilla,Alcalá de Guadaíra,246305.98,4138288.66,POLO,66,0,No,25.5,0,0,246305.98,4138288.66
3953,R1-299,EDISTRIBUCIÓN REDES DIGITALES S.L.U.,Sevilla,Alcalá de Guadaíra,246305.98,4138288.66,POLO,15,0,No,34.82,0,0,246305.98,4138288.66
3954,R1-299,EDISTRIBUCIÓN REDES DIGITALES S.L.U.,Sevilla,Sevilla,238524.17,4137807.42,QUINTOS,66,0,No,0.7,0,0,238524.17,4137807.42
3955,R1-299,EDISTRIBUCIÓN REDES DIGITALES S.L.U.,Sevilla,Sevilla,238524.17,4137807.42,QUINTOS,15,0,No,41.87,0,0,238524.17,4137807.42
3956,R1-299,EDISTRIBUCIÓN REDES DIGITALES S.L.U.,Sevilla,Sevilla,235728.12,4141665.16,RASTRO,66,0,No,0,0,0,235728.12,4141665.16
3957,R1-299,EDISTRIBUCIÓN REDES DIGITALES S.L.U.,Sevilla,Sevilla,235728.12,4141665.16,RASTRO,20,0,No,26.98,0,0,235728.12,4141665.16
3958,R1-299,EDISTRIBUCIÓN REDES DIGITALES S.L.U.,Sevilla,Sevilla,233146.32,4141138.77,REMEDIOS,66,0,No,0,0,0,233146.32,4141138.77
3959,R1-299,EDISTRIBUCIÓN REDES DIGITALES S.L.U.,Sevilla,Sevilla,233146.32,4141138.77,REMEDIOS,20,0,No,23.08,0,0,233146.32,4141138.77
3960,R1-299,EDISTRIBUCIÓN REDES DIGITALES S.L.U.,Sevilla,"Rinconada, La",239110.01,4151431.4,RINCONAD,132,0,No,0,0,0,239110.01,4151431.4
3961,R1-299,EDISTRIBUCIÓN REDES DIGITALES S.L.U.,Sevilla,"Rinconada, La",239110.01,4151431.4,RINCONAD,15,0,No,25.34,0,0,239110.01,4151431.4
3962,R1-299,EDISTRIBUCIÓN REDES DIGITALES S.L.U.,Sevilla,"Roda de Andalucía, La",342564.72,4119606.75,RODAANDA,66,0,No,0,0,0,342564.72,4119606.75
3963,R1-299,EDISTRIBUCIÓN REDES DIGITALES S.L.U.,Sevilla,"Roda de Andalucía, La",342564.72,4119606.75,RODAANDA,25,0,No,12.36,0,0,342564.72,4119606.75
3964,R1-299,EDISTRIBUCIÓN REDES DIGITALES S.L.U.,Sevilla,Carmona,265433.7,4154467.09,ROMERAL,66,0,No,0,0,0,265433.7,4154467.09
3965,R1-299,EDISTRIBUCIÓN REDES DIGITALES S.L.U.,Sevilla,Carmona,265433.7,4154467.09,ROMERAL,15,0,No,2.78,0,0,265433.7,4154467.09
3966,R1-299,EDISTRIBUCIÓN REDES DIGITALES S.L.U.,Sevilla,Guillena,227275.37,4160641.9,RUTPLATA,132,0,No,0,0,0,227275.37,4160641.9
3967,R1-299,EDISTRIBUCIÓN REDES DIGITALES S.L.U.,Sevilla,Guillena,227275.37,4160641.9,RUTPLATA,15,0,No,10.01,0,0,227275.37,4160641.9
3968,R1-299,EDISTRIBUCIÓN REDES DIGITALES S.L.U.,Sevilla,Sevilla,240563.33,4142142.69,S_ELVIRA,66,0,No,20,0,0,240563.33,4142142.69
3969,R1-299,EDISTRIBUCIÓN REDES DIGITALES S.L.U.,Sevilla,Sevilla,240563.33,4142142.69,S_ELVIRA,15,31.19,No,99.44,3.61,0,240563.33,4142142.69
3970,R1-299,EDISTRIBUCIÓN REDES DIGITALES S.L.U.,Sevilla,"Rinconada, La",240126.79,4152162.42,S_JOSE,132,0,No,1.36,0,0,240126.79,4152162.42
3971,R1-299,EDISTRIBUCIÓN REDES DIGITALES S.L.U.,Sevilla,San Nicolás del Puerto,266586.55,4208731.97,S_NICOLA,66,0,No,0,0,0,266586.55,4208731.97
3972,R1-299,EDISTRIBUCIÓN REDES DIGITALES S.L.U.,Sevilla,San Nicolás del Puerto,266586.55,4208731.97,S_NICOLA,15,0,No,8.88,0.06,0,266586.55,4208731.97
3973,R1-299,EDISTRIBUCIÓN REDES DIGITALES S.L.U.,Sevilla,Sevilla,237783.26,4142456.77,533486137,66,0,No,0,0,0,237783.26,4142456.77
3974,R1-299,EDISTRIBUCIÓN REDES DIGITALES S.L.U.,Sevilla,Salteras,223774.58,4149526.92,SALTERAS,66,0,No,0.45,0,0,223774.58,4149526.92
3975,R1-299,EDISTRIBUCIÓN REDES DIGITALES S.L.U.,Sevilla,Salteras,223774.58,4149526.92,SALTERAS,15,0,No,17.75,0,0,223774.58,4149526.92
3976,R1-299,EDISTRIBUCIÓN REDES DIGITALES S.L.U.,Sevilla,Sanlúcar la Mayor,216258.23,4143231.78,SANLUC_M,66,0,No,2.95,0,0,216258.23,4143231.78
3977,R1-299,EDISTRIBUCIÓN REDES DIGITALES S.L.U.,Sevilla,Sanlúcar la Mayor,216258.23,4143231.78,SANLUC_M,15,0,No,15.64,0,0,216258.23,4143231.78
3978,R1-299,EDISTRIBUCIÓN REDES DIGITALES S.L.U.,Sevilla,Valencina de la Concepción,231054.77,4146401.85,SANTIPON,132,0,No,0,0,0,231054.77,4146401.85
3979,R1-299,EDISTRIBUCIÓN REDES DIGITALES S.L.U.,Sevilla,Valencina de la Concepción,231054.77,4146401.85,SANTIPON,66,0,No,1.37,0,0,231054.77,4146401.85
3980,R1-299,EDISTRIBUCIÓN REDES DIGITALES S.L.U.,Sevilla,Valencina de la Concepción,231054.77,4146401.85,SANTIPON,15,0,No,41,0,0,231054.77,4146401.85
3981,R1-299,EDISTRIBUCIÓN REDES DIGITALES S.L.U.,Sevilla,Lebrija,237166.97,4084805.77,SEC_PELP,132,0,No,0,0,0,237166.97,4084805.77
3982,R1-299,EDISTRIBUCIÓN REDES DIGITALES S.L.U.,Sevilla,Lora del Río,275449.79,4171267.43,SETEFILL,132,0,No,5.51,0,0,275449.79,4171267.43
3983,R1-299,EDISTRIBUCIÓN REDES DIGITALES S.L.U.,Sevilla,Sevilla,234358.18,4139709.13,TABLADA,66,0,No,0,0,0,234358.18,4139709.13
3984,R1-299,EDISTRIBUCIÓN REDES DIGITALES S.L.U.,Sevilla,Sevilla,234358.18,4139709.13,TABLADA,20,0,No,44.08,0,0,234358.18,4139709.13
3985,R1-299,EDISTRIBUCIÓN REDES DIGITALES S.L.U.,Sevilla,Tomares,231553.43,4140967.98,TOMARES,66,0,No,0,0,0,231553.43,4140967.98
3986,R1-299,EDISTRIBUCIÓN REDES DIGITALES S.L.U.,Sevilla,Tomares,231553.43,4140967.98,TOMARES,15,0,No,36.9,0,0,231553.43,4140967.98
3987,R1-299,EDISTRIBUCIÓN REDES DIGITALES S.L.U.,Sevilla,Sevilla,234086.71,4136371.16,TORRECUE,66,0,No,0.05,0,0,234086.71,4136371.16
3988,R1-299,EDISTRIBUCIÓN REDES DIGITALES S.L.U.,Sevilla,Sevilla,234086.71,4136371.16,TORRECUE,20,0,No,27.6,0,0,234086.71,4136371.16
3989,R1-299,EDISTRIBUCIÓN REDES DIGITALES S.L.U.,Sevilla,Morón de la Frontera,271674.94,4109894.64,TORREJON,66,0,No,5.7,0,0,271674.94,4109894.64
3990,R1-299,EDISTRIBUCIÓN REDES DIGITALES S.L.U.,Sevilla,Morón de la Frontera,271674.94,4109894.64,TORREJON,15,0,No,0.48,0,0,271674.94,4109894.64
3991,R1-299,EDISTRIBUCIÓN REDES DIGITALES S.L.U.,Sevilla,Utrera,253947.92,4118967.21,UTRERA,66,0,No,0,0,0,253947.92,4118967.21
3992,R1-299,EDISTRIBUCIÓN REDES DIGITALES S.L.U.,Sevilla,Utrera,253947.92,4118967.21,UTRERA,15,0,No,38,0,0,253947.92,4118967.21
3993,R1-299,EDISTRIBUCIÓN REDES DIGITALES S.L.U.,Sevilla,Brenes,248523.83,4160011.85,VALLEINF,132,0,No,0.08,0,0,248523.83,4160011.85
3994,R1-299,EDISTRIBUCIÓN REDES DIGITALES S.L.U.,Sevilla,Dos Hermanas,241247.67,4127625.12,VALME,132,0,No,14.66,0,0,241247.67,4127625.12
3995,R1-299,EDISTRIBUCIÓN REDES DIGITALES S.L.U.,Sevilla,Dos Hermanas,241247.67,4127625.12,VALME,15,0,No,50.46,0,0,241247.67,4127625.12
3996,R1-299,EDISTRIBUCIÓN REDES DIGITALES S.L.U.,Sevilla,Écija,314162.63,4164278.79,VILLAR,66,0,No,0,0,0,314162.63,4164278.79
3997,R1-299,EDISTRIBUCIÓN REDES DIGITALES S.L.U.,Sevilla,Écija,314162.63,4164278.79,VILLAR,25,0,No,7.22,0,0,314162.63,4164278.79
3998,R1-299,EDISTRIBUCIÓN REDES DIGITALES S.L.U.,Sevilla,Écija,308764.37,4155607.6,VILLNREY,66,0,No,0,0,0,308764.37,4155607.6
3999,R1-299,EDISTRIBUCIÓN REDES DIGITALES S.L.U.,Sevilla,Écija,308764.37,4155607.6,VILLNREY,25,0,No,28.65,0,0,308764.37,4155607.6
4000,R1-299,EDISTRIBUCIÓN REDES DIGITALES S.L.U.,Sevilla,"Viso del Alcor, El",259764.03,4142707.82,VISO,66,0,No,0,0,0,259764.03,4142707.82
4001,R1-299,EDISTRIBUCIÓN REDES DIGITALES S.L.U.,Sevilla,"Viso del Alcor, El",259764.03,4142707.82,VISO,15,0,No,30.21,0,0,259764.03,4142707.82
4002,R1-299,EDISTRIBUCIÓN REDES DIGITALES S.L.U.,Sevilla,Tomares,230244.05,4139614.99,ZAUDIN,66,0,No,3.32,0,0,230244.05,4139614.99
4003,R1-299,EDISTRIBUCIÓN REDES DIGITALES S.L.U.,Sevilla,Tomares,230244.05,4139614.99,ZAUDIN,15,0,No,20.67,0,0,230244.05,4139614.99
4004,R1-299,EDISTRIBUCIÓN REDES DIGITALES S.L.U.,Huesca,Alcalá del Obispo,721553.15,4662582.49,AEROP-HU,45,0,No,0.29,0,0,721553.15,4662582.49
4005,R1-299,EDISTRIBUCIÓN REDES DIGITALES S.L.U.,Huesca,Alcalá del Obispo,721553.15,4662582.49,AEROP-HU,15,0,No,4.59,0,0,721553.15,4662582.49
4006,R1-299,EDISTRIBUCIÓN REDES DIGITALES S.L.U.,Huesca,Almudévar,698671.85,4657634.7,ALMUDEVAR,45,0,No,0,0,0,698671.85,4657634.7
4007,R1-299,EDISTRIBUCIÓN REDES DIGITALES S.L.U.,Huesca,Almudévar,698671.85,4657634.7,ALMUDEVAR,15,0,No,14.42,0,0,698671.85,4657634.7
4008,R1-299,EDISTRIBUCIÓN REDES DIGITALES S.L.U.,Huesca,Altorricón,783653.43,4631580.15,ALTORRICON,66,0,No,0,42.25,0,783653.43,4631580.15
4009,R1-299,EDISTRIBUCIÓN REDES DIGITALES S.L.U.,Huesca,Ansó,677657.27,4735388.87,ANSO,45,0,No,0,0,0,677657.27,4735388.87
4010,R1-299,EDISTRIBUCIÓN REDES DIGITALES S.L.U.,Huesca,Ansó,677657.27,4735388.87,ANSO,10,0,No,0.42,0,0,677657.27,4735388.87
4011,R1-299,EDISTRIBUCIÓN REDES DIGITALES S.L.U.,Huesca,Caldearenas,693728.95,4697557.99,ANZANIGO,45,0,No,0,0,0,693728.95,4697557.99
4012,R1-299,EDISTRIBUCIÓN REDES DIGITALES S.L.U.,Huesca,Caldearenas,693728.95,4697557.99,ANZANIGO,15,0,No,0.02,0,0,693728.95,4697557.99
4013,R1-299,EDISTRIBUCIÓN REDES DIGITALES S.L.U.,Huesca,Foradada del Toscar,778194.05,4702984.17,ARGONE,110,0,No,0,0,0,778194.05,4702984.17
4014,R1-299,EDISTRIBUCIÓN REDES DIGITALES S.L.U.,Huesca,Monzón,761147.85,4646434.46,ARMENTERA,132,0,No,5.31,0,0,761147.85,4646434.46
4015,R1-299,EDISTRIBUCIÓN REDES DIGITALES S.L.U.,Huesca,Monzón,761147.85,4646434.46,ARMENTERA,25,0,No,5.26,0,0,761147.85,4646434.46
4016,R1-299,EDISTRIBUCIÓN REDES DIGITALES S.L.U.,Huesca,Panticosa,726456.39,4738114.82,BAÑOS,66,0,No,0,0,0,726456.39,4738114.82
4017,R1-299,EDISTRIBUCIÓN REDES DIGITALES S.L.U.,Huesca,Berbegal,750074.09,4650000.44,BERBEGAL,45,0,No,0,0,0,750074.09,4650000.44
4018,R1-299,EDISTRIBUCIÓN REDES DIGITALES S.L.U.,Huesca,Canal de Berdún,675213.59,4718864.04,BERDUN,45,0,No,0,0,0,675213.59,4718864.04
4019,R1-299,EDISTRIBUCIÓN REDES DIGITALES S.L.U.,Huesca,Canal de Berdún,675213.59,4718864.04,BERDUN,10,0,No,1.6,0,0,675213.59,4718864.04
4020,R1-299,EDISTRIBUCIÓN REDES DIGITALES S.L.U.,Huesca,Biescas,719756.06,4723418.77,BIESCAS,132,0,No,0,0,0,719756.06,4723418.77
4021,R1-299,EDISTRIBUCIÓN REDES DIGITALES S.L.U.,Huesca,Biescas,719756.06,4723418.77,BIESCAS,11,0,No,1.31,0,0,719756.06,4723418.77
4022,R1-299,EDISTRIBUCIÓN REDES DIGITALES S.L.U.,Huesca,Binéfar,774282.28,4639139.09,BINEFAR,110,0,No,0,0,0,774282.28,4639139.09
4023,R1-299,EDISTRIBUCIÓN REDES DIGITALES S.L.U.,Huesca,Binéfar,774282.28,4639139.09,BINEFAR,25,0,No,41.5,0,0,774282.28,4639139.09
4024,R1-299,EDISTRIBUCIÓN REDES DIGITALES S.L.U.,Huesca,Barbastro,758030.26,4655297.39,BRILEN,110,0,No,11.73,0,0,758030.26,4655297.39
4025,R1-299,EDISTRIBUCIÓN REDES DIGITALES S.L.U.,Huesca,Canfranc,703266.8,4735487.87,CANALROYA,45,0,No,0,0,0,703266.8,4735487.87
4026,R1-299,EDISTRIBUCIÓN REDES DIGITALES S.L.U.,Huesca,Canfranc,703266.8,4735487.87,CANALROYA,17,0,No,1.45,0,0,703266.8,4735487.87
4027,R1-299,EDISTRIBUCIÓN REDES DIGITALES S.L.U.,Huesca,Aisa,702746.33,4739867.41,CANDANCHU,45,0,No,0,0,0,702746.33,4739867.41
4028,R1-299,EDISTRIBUCIÓN REDES DIGITALES S.L.U.,Huesca,Aisa,702746.33,4739867.41,CANDANCHU,17,0,No,5.61,1.43,0,702746.33,4739867.41
4029,R1-299,EDISTRIBUCIÓN REDES DIGITALES S.L.U.,Huesca,Estopiñán del Castillo,799239.16,4653474.37,CANELLES,132,0,No,0,0,0,799239.16,4653474.37
4030,R1-299,EDISTRIBUCIÓN REDES DIGITALES S.L.U.,Huesca,"Peñas de Riglos, Las",686307.56,4693445.34,CARCAVILLA,45,0,No,0,0,0,686307.56,4693445.34
4031,R1-299,EDISTRIBUCIÓN REDES DIGITALES S.L.U.,Huesca,"Peñas de Riglos, Las",686307.56,4693445.34,CARCAVILLA,15,0,No,1.39,0,0,686307.56,4693445.34
4032,R1-299,EDISTRIBUCIÓN REDES DIGITALES S.L.U.,Huesca,Sabiñánigo,714231.27,4711871.62,CARTIRANA,45,0,No,1.44,0,0,714231.27,4711871.62
4033,R1-299,EDISTRIBUCIÓN REDES DIGITALES S.L.U.,Huesca,Sabiñánigo,714231.27,4711871.62,CARTIRANA,15,0,No,6.78,0,0,714231.27,4711871.62
4034,R1-299,EDISTRIBUCIÓN REDES DIGITALES S.L.U.,Huesca,Canfranc,703273.9,4735234.12,CH_IP,132,0,No,100,0,0,703273.9,4735234.12
4035,R1-299,EDISTRIBUCIÓN REDES DIGITALES S.L.U.,Huesca,Canfranc,703273.9,4735234.12,CH_IP,45,0,No,0,0,0,703273.9,4735234.12
4036,R1-299,EDISTRIBUCIÓN REDES DIGITALES S.L.U.,Huesca,Jaca,700977.58,4717623.77,CH_JACA,45,0,No,0,0,0,700977.58,4717623.77
4037,R1-299,EDISTRIBUCIÓN REDES DIGITALES S.L.U.,Huesca,Sabiñánigo,715688.54,4706511.71,CH_SABIÑAN,45,0,No,0,0,0,715688.54,4706511.71
4038,R1-299,EDISTRIBUCIÓN REDES DIGITALES S.L.U.,Huesca,Sabiñánigo,715688.54,4706511.71,CH_SABIÑAN,15,0,No,0.94,0,0,715688.54,4706511.71
4039,R1-299,EDISTRIBUCIÓN REDES DIGITALES S.L.U.,Huesca,Monzón,764842.83,4646277.58,CINCA,110,0,No,0,0,0,764842.83,4646277.58
4040,R1-299,EDISTRIBUCIÓN REDES DIGITALES S.L.U.,Huesca,Monzón,764842.83,4646277.58,CINCA,25,0,No,35.3,0,0,764842.83,4646277.58
4041,R1-299,EDISTRIBUCIÓN REDES DIGITALES S.L.U.,Huesca,"Grado, El",767152.25,4666106.4,ENATE,66,0,No,0,0,0,767152.25,4666106.4
4042,R1-299,EDISTRIBUCIÓN REDES DIGITALES S.L.U.,Huesca,Sopeira,808802.3,4692212.67,ESCALES,132,0,No,0,0,0,808802.3,4692212.67
4043,R1-299,EDISTRIBUCIÓN REDES DIGITALES S.L.U.,Huesca,Aisa,694560.11,4725783.84,ESPOSA,45,0,No,0,0,0,694560.11,4725783.84
4044,R1-299,EDISTRIBUCIÓN REDES DIGITALES S.L.U.,Huesca,Aisa,694560.11,4725783.84,ESPOSA,15,0,No,0.26,0,0,694560.11,4725783.84
4045,R1-299,EDISTRIBUCIÓN REDES DIGITALES S.L.U.,Huesca,"Sotonera, La",700480.25,4676509.38,ESQUEDAS,132,0,No,100,0,0,700480.25,4676509.38
4046,R1-299,EDISTRIBUCIÓN REDES DIGITALES S.L.U.,Huesca,"Sotonera, La",700480.25,4676509.38,ESQUEDAS,15,0,No,18.68,0,0,700480.25,4676509.38
4047,R1-299,EDISTRIBUCIÓN REDES DIGITALES S.L.U.,Huesca,Fraga,777217.43,4600892.72,FRAGA,110,0,No,4.96,0,0,777217.43,4600892.72
4048,R1-299,EDISTRIBUCIÓN REDES DIGITALES S.L.U.,Huesca,Fraga,777217.43,4600892.72,FRAGA,25,0,No,41.42,0,0,777217.43,4600892.72
4049,R1-299,EDISTRIBUCIÓN REDES DIGITALES S.L.U.,Huesca,"Grado, El",767129.12,4671840.48,GRADO1,66,0,No,0,0,0,767129.12,4671840.48
4050,R1-299,EDISTRIBUCIÓN REDES DIGITALES S.L.U.,Huesca,"Grado, El",767129.12,4671840.48,GRADO1,25,0,No,4.23,0,0,767129.12,4671840.48
4051,R1-299,EDISTRIBUCIÓN REDES DIGITALES S.L.U.,Huesca,"Grado, El",767101.86,4666452.77,GRADO2,66,0,No,0,0,0,767101.86,4666452.77
4052,R1-299,EDISTRIBUCIÓN REDES DIGITALES S.L.U.,Huesca,Grañén,716504.59,4645437.91,GRAÑEN,45,0,No,0,0,0,716504.59,4645437.91
4053,R1-299,EDISTRIBUCIÓN REDES DIGITALES S.L.U.,Huesca,Grañén,716504.59,4645437.91,GRAÑEN,15,0,No,9.91,0,0,716504.59,4645437.91
4054,R1-035,"ELECTRICA DEL OESTE DISTRIBUCION, S.L.U.",Cáceres,Valdastillas,255138.26,4447773.32,S.T.R. JERTE III,13,3,No,0,0,0,255138.26,4447773.32
4055,R1-035,"ELECTRICA DEL OESTE DISTRIBUCION, S.L.U.",Cáceres,Valdastillas,255138.26,4447773.32,S.T.R. JERTE III,45,3.4,No,0,0,0,255138.26,4447773.32
4056,R1-035,"ELECTRICA DEL OESTE DISTRIBUCION, S.L.U.",Cáceres,Torre de Santa María,231755.09,4350763.44,S.T.R. TORRE DE SANTA MARIA,20,3,No,0,0,0,231755.09,4350763.44
4057,R1-035,"ELECTRICA DEL OESTE DISTRIBUCION, S.L.U.",Cáceres,Villar de Plasencia,240787.55,4447964.97,S.T.R. VILLAR DE PLASENCIA,13,0.2,No,0,0,0,240787.55,4447964.97
4058,R1-035,"ELECTRICA DEL OESTE DISTRIBUCION, S.L.U.",Cáceres,Villar de Plasencia,240787.55,4447964.97,S.T.R. VILLAR DE PLASENCIA,45,5.1,No,0,0,0,240787.55,4447964.97
4059,R1-049,ELECTRICAS PITARCH DISTRIBUCION SLU,Cáceres,Coria,199917.3,4429030.62,S.T.R. CORIA,13,2.3,No,0,0,0,199917.3,4429030.62
4060,R1-049,ELECTRICAS PITARCH DISTRIBUCION SLU,Cáceres,Coria,199917.3,4429030.62,S.T.R. CORIA,45,2.6,No,0,0,0,199917.3,4429030.62
4061,R1-049,ELECTRICAS PITARCH DISTRIBUCION SLU,Cáceres,Garrovillas de Alconétar,201049.89,4396689.77,S.T.R. GARROVILLAS,13,1.2,No,0,0,0,201049.89,4396689.77
4062,R1-049,ELECTRICAS PITARCH DISTRIBUCION SLU,Cáceres,Garrovillas de Alconétar,201049.89,4396689.77,S.T.R. GARROVILLAS,20,1.2,No,0,0,0,201049.89,4396689.77
4063,R1-049,ELECTRICAS PITARCH DISTRIBUCION SLU,Cáceres,Garrovillas de Alconétar,201049.89,4396689.77,S.T.R. GARROVILLAS,45,5.3,No,0,0,0,201049.89,4396689.77
4064,R1-049,ELECTRICAS PITARCH DISTRIBUCION SLU,Cáceres,Cáceres,210578.28,4378398.69,S.T.R. MEJOSTILLA,13,0.8,No,0,0,0,210578.28,4378398.69
4065,R1-049,ELECTRICAS PITARCH DISTRIBUCION SLU,Cáceres,Cáceres,210578.28,4378398.69,S.T.R. MEJOSTILLA,45,16.9,No,0,0,0,210578.28,4378398.69
4066,R1-049,ELECTRICAS PITARCH DISTRIBUCION SLU,Cáceres,Portezuelo,202249.51,4413110.45,S.T.R. PORTEZUELO,13,1.6,No,0,0,0,202249.51,4413110.45
4067,R1-049,ELECTRICAS PITARCH DISTRIBUCION SLU,Cáceres,Portezuelo,202249.51,4413110.45,S.T.R. PORTEZUELO,45,3.3,No,0,0,0,202249.51,4413110.45
4068,R1-049,ELECTRICAS PITARCH DISTRIBUCION SLU,Cáceres,Sierra de Fuentes,219711.08,4371036.79,S.T.R. SIERRA DE FUENTES,13,0.4,No,0,0,0,219711.08,4371036.79
4069,R1-049,ELECTRICAS PITARCH DISTRIBUCION SLU,Cáceres,Sierra de Fuentes,219711.08,4371036.79,S.T.R. SIERRA DE FUENTES,45,13.3,No,0,0,0,219711.08,4371036.79
4070,R1-049,ELECTRICAS PITARCH DISTRIBUCION SLU,Cáceres,Torremocha,225531.02,4360567.77,S.T.R. TORREMOCHA,13,2.5,No,0,0,0,225531.02,4360567.77
4071,R1-049,ELECTRICAS PITARCH DISTRIBUCION SLU,Cáceres,Torremocha,225531.02,4360567.77,S.T.R. TORREMOCHA,20,2.5,No,0,0,0,225531.02,4360567.77
4072,R1-049,ELECTRICAS PITARCH DISTRIBUCION SLU,Cáceres,Torremocha,225531.02,4360567.77,S.T.R. TORREMOCHA,45,6.1,No,0,0,0,225531.02,4360567.77
4073,R1-049,ELECTRICAS PITARCH DISTRIBUCION SLU,Cáceres,Alcántara,167646.44,4404137.21,STR ALCÁNTARA,20,4.6,No,0,0,0,167646.44,4404137.21
4074,R1-023,"HIDROELÉCTRICA DEL GUADIELA I, SA",Cuenca,Albendea,552727,4481062,S5.RUIDERA,15,0,No,0,0,0,552727,4481062
4075,R1-023,"HIDROELÉCTRICA DEL GUADIELA I, SA",Cuenca,Alcantud,560648,4487140,S4.TORILES,66,0,No,0,0,0,560648,4487140
4076,R1-023,"HIDROELÉCTRICA DEL GUADIELA I, SA",Cuenca,Alcantud,560648,4487140,S4.TORILES,15,0,No,0,0,0,560648,4487140
4077,R1-023,"HIDROELÉCTRICA DEL GUADIELA I, SA",Cuenca,Carrascosa,565256,4489155,S2.HERRERIA,66,0,No,0,0,0,565256,4489155
4078,R1-023,"HIDROELÉCTRICA DEL GUADIELA I, SA",Cuenca,"Pozuelo, El",561518,4496607,S3.POZUELO,66,0,No,0,0,0,561518,4496607
4079,R1-023,"HIDROELÉCTRICA DEL GUADIELA I, SA",Cuenca,"Pozuelo, El",561518,4496607,S3.POZUELO,15,0,No,0,0,0,561518,4496607
4080,R1-001,"i-DE REDES ELÉCTRICAS INTELIGENTES, S.A.U",Araba/Álava,Vitoria-Gasteiz,520700.22,4742667.92,ST JUNDIZ,30,0,No,126.69,18,1,520700.22,4742667.92
4081,R1-001,"i-DE REDES ELÉCTRICAS INTELIGENTES, S.A.U",Araba/Álava,Laudio/Llodio,503887.62,4776766.39,ST LLODIO,13,0,No,8.43,0,0,503887.62,4776766.39
4082,R1-001,"i-DE REDES ELÉCTRICAS INTELIGENTES, S.A.U",Araba/Álava,Laudio/Llodio,503887.62,4776766.39,ST LLODIO,132,0,No,60,0,1,503887.62,4776766.39
4083,R1-001,"i-DE REDES ELÉCTRICAS INTELIGENTES, S.A.U",Araba/Álava,Laudio/Llodio,503887.62,4776766.39,ST LLODIO,132,0,No,0,0,1,503887.62,4776766.39
4084,R1-001,"i-DE REDES ELÉCTRICAS INTELIGENTES, S.A.U",Araba/Álava,Laudio/Llodio,503887.62,4776766.39,ST LLODIO,30,0,No,46.97,0,0,503887.62,4776766.39
4085,R1-001,"i-DE REDES ELÉCTRICAS INTELIGENTES, S.A.U",Araba/Álava,Vitoria-Gasteiz,532410.9,4747983.41,ST VITORIA,30,0,No,107.82,0,1,532410.9,4747983.41
4086,R1-001,"i-DE REDES ELÉCTRICAS INTELIGENTES, S.A.U",Araba/Álava,Amurrio,499626.11,4767026.61,STR AMURRIO,13,0,No,5.13,0,0,499626.11,4767026.61
4087,R1-001,"i-DE REDES ELÉCTRICAS INTELIGENTES, S.A.U",Araba/Álava,Amurrio,499626.11,4767026.61,STR AMURRIO,30,0,No,0,0,0,499626.11,4767026.61
4088,R1-001,"i-DE REDES ELÉCTRICAS INTELIGENTES, S.A.U",Araba/Álava,Amurrio,499626.11,4767026.61,STR AMURRIO,13,0,No,2.44,0,0,499626.11,4767026.61
4089,R1-001,"i-DE REDES ELÉCTRICAS INTELIGENTES, S.A.U",Araba/Álava,Amurrio,499626.11,4767026.61,STR AMURRIO,30,0,No,0,0,0,499626.11,4767026.61
4090,R1-001,"i-DE REDES ELÉCTRICAS INTELIGENTES, S.A.U",Araba/Álava,Campezo/Kanpezu,549993.35,4724948.49,STR ANTONANA,13,0,No,2.4,0,0,549993.35,4724948.49
4091,R1-001,"i-DE REDES ELÉCTRICAS INTELIGENTES, S.A.U",Araba/Álava,Campezo/Kanpezu,549993.35,4724948.49,STR ANTONANA,30,0,No,0,0,0,549993.35,4724948.49
4092,R1-001,"i-DE REDES ELÉCTRICAS INTELIGENTES, S.A.U",Araba/Álava,Campezo/Kanpezu,549993.35,4724948.49,STR ANTONANA,13,0,No,0.99,0,0,549993.35,4724948.49
4093,R1-001,"i-DE REDES ELÉCTRICAS INTELIGENTES, S.A.U",Araba/Álava,Campezo/Kanpezu,549993.35,4724948.49,STR ANTONANA,30,0,No,0,0,0,549993.35,4724948.49
4094,R1-001,"i-DE REDES ELÉCTRICAS INTELIGENTES, S.A.U",Araba/Álava,Vitoria-Gasteiz,528078.39,4743974.36,STR ARANA,13,0,No,9.77,0,0,528078.39,4743974.36
4095,R1-001,"i-DE REDES ELÉCTRICAS INTELIGENTES, S.A.U",Araba/Álava,Vitoria-Gasteiz,528078.39,4743974.36,STR ARANA,30,0,No,0,0,1,528078.39,4743974.36
4096,R1-001,"i-DE REDES ELÉCTRICAS INTELIGENTES, S.A.U",Araba/Álava,Vitoria-Gasteiz,528078.39,4743974.36,STR ARANA,13,0,No,11.18,0,0,528078.39,4743974.36
4097,R1-001,"i-DE REDES ELÉCTRICAS INTELIGENTES, S.A.U",Araba/Álava,Vitoria-Gasteiz,528078.39,4743974.36,STR ARANA,30,0,No,0,0,1,528078.39,4743974.36
4098,R1-001,"i-DE REDES ELÉCTRICAS INTELIGENTES, S.A.U",Araba/Álava,Artziniega,490113.08,4774804.56,STR ARCENIEGA,13,0,No,2.31,0,0,490113.08,4774804.56
4099,R1-001,"i-DE REDES ELÉCTRICAS INTELIGENTES, S.A.U",Araba/Álava,Artziniega,490113.08,4774804.56,STR ARCENIEGA,30,0,No,0,0,0,490113.08,4774804.56
4100,R1-001,"i-DE REDES ELÉCTRICAS INTELIGENTES, S.A.U",Araba/Álava,Asparrena,556105.41,4747138.17,STR ASPARRENA,13,0,No,0.72,0,0,556105.41,4747138.17
4101,R1-001,"i-DE REDES ELÉCTRICAS INTELIGENTES, S.A.U",Araba/Álava,Asparrena,556105.41,4747138.17,STR ASPARRENA,30,0,No,0,0,0,556105.41,4747138.17
4102,R1-001,"i-DE REDES ELÉCTRICAS INTELIGENTES, S.A.U",Araba/Álava,Laguardia,542127.73,4704680.3,STR CASABLANCA,13,0,No,8.5,0,0,542127.73,4704680.3
4103,R1-001,"i-DE REDES ELÉCTRICAS INTELIGENTES, S.A.U",Araba/Álava,Laguardia,542127.73,4704680.3,STR CASABLANCA,66,0,No,0,0,1,542127.73,4704680.3
4104,R1-001,"i-DE REDES ELÉCTRICAS INTELIGENTES, S.A.U",Araba/Álava,Laguardia,542127.73,4704680.3,STR CASABLANCA,13,0,No,5.31,0,0,542127.73,4704680.3
4105,R1-001,"i-DE REDES ELÉCTRICAS INTELIGENTES, S.A.U",Araba/Álava,Laguardia,542127.73,4704680.3,STR CASABLANCA,66,0,No,0,0,1,542127.73,4704680.3
4106,R1-001,"i-DE REDES ELÉCTRICAS INTELIGENTES, S.A.U",Araba/Álava,Lantarón,496017.94,4735000.59,STR ENTRAMBASAGUAS,13,0,No,0,0,0,496017.94,4735000.59
4107,R1-001,"i-DE REDES ELÉCTRICAS INTELIGENTES, S.A.U",Araba/Álava,Lantarón,496017.94,4735000.59,STR ENTRAMBASAGUAS,30,0,No,0,0,0,496017.94,4735000.59
4108,R1-001,"i-DE REDES ELÉCTRICAS INTELIGENTES, S.A.U",Araba/Álava,Vitoria-Gasteiz,527888.39,4746441.51,STR GAMARRA,13,0,No,7,0,0,527888.39,4746441.51
4109,R1-001,"i-DE REDES ELÉCTRICAS INTELIGENTES, S.A.U",Araba/Álava,Vitoria-Gasteiz,527888.39,4746441.51,STR GAMARRA,30,0,No,0,0,1,527888.39,4746441.51
4110,R1-001,"i-DE REDES ELÉCTRICAS INTELIGENTES, S.A.U",Araba/Álava,Vitoria-Gasteiz,527888.39,4746441.51,STR GAMARRA,13,0,No,9.63,0,0,527888.39,4746441.51
4111,R1-001,"i-DE REDES ELÉCTRICAS INTELIGENTES, S.A.U",Araba/Álava,Vitoria-Gasteiz,527888.39,4746441.51,STR GAMARRA,30,0,No,0,0,1,527888.39,4746441.51
4112,R1-001,"i-DE REDES ELÉCTRICAS INTELIGENTES, S.A.U",Araba/Álava,Laudio/Llodio,502421.89,4776085.27,STR GOIKOETXE,13,0,No,2.21,0,0,502421.89,4776085.27
4113,R1-001,"i-DE REDES ELÉCTRICAS INTELIGENTES, S.A.U",Araba/Álava,Laudio/Llodio,502421.89,4776085.27,STR GOIKOETXE,30,0,No,0,0,0,502421.89,4776085.27
4114,R1-001,"i-DE REDES ELÉCTRICAS INTELIGENTES, S.A.U",Araba/Álava,Laudio/Llodio,502421.89,4776085.27,STR GOIKOETXE,13,0,No,3.25,0,0,502421.89,4776085.27
4115,R1-001,"i-DE REDES ELÉCTRICAS INTELIGENTES, S.A.U",Araba/Álava,Laudio/Llodio,502421.89,4776085.27,STR GOIKOETXE,30,0,No,0,0,0,502421.89,4776085.27
4116,R1-001,"i-DE REDES ELÉCTRICAS INTELIGENTES, S.A.U",Araba/Álava,Laguardia,533257.09,4711473.5,STR LAGUARDIA,13,0,No,6.06,0,0,533257.09,4711473.5
4117,R1-001,"i-DE REDES ELÉCTRICAS INTELIGENTES, S.A.U",Araba/Álava,Laguardia,533257.09,4711473.5,STR LAGUARDIA,66,0,No,0,0,1,533257.09,4711473.5
4118,R1-001,"i-DE REDES ELÉCTRICAS INTELIGENTES, S.A.U",Araba/Álava,Iruña Oka/Iruña de Oca,517336.32,4740536.62,STR NANCLARES,13,0,No,3.39,0,0,517336.32,4740536.62
4119,R1-001,"i-DE REDES ELÉCTRICAS INTELIGENTES, S.A.U",Araba/Álava,Iruña Oka/Iruña de Oca,517336.32,4740536.62,STR NANCLARES,30,0,No,0,0,1,517336.32,4740536.62
4120,R1-001,"i-DE REDES ELÉCTRICAS INTELIGENTES, S.A.U",Araba/Álava,Vitoria-Gasteiz,527362.42,4741439.28,STR OLARIZU,13,0,No,2.98,0,0,527362.42,4741439.28
4121,R1-001,"i-DE REDES ELÉCTRICAS INTELIGENTES, S.A.U",Araba/Álava,Vitoria-Gasteiz,527362.42,4741439.28,STR OLARIZU,30,0,No,0,0,1,527362.42,4741439.28
4122,R1-001,"i-DE REDES ELÉCTRICAS INTELIGENTES, S.A.U",Araba/Álava,Vitoria-Gasteiz,527362.42,4741439.28,STR OLARIZU,13,0,No,8.18,0,0,527362.42,4741439.28
4123,R1-001,"i-DE REDES ELÉCTRICAS INTELIGENTES, S.A.U",Araba/Álava,Vitoria-Gasteiz,527362.42,4741439.28,STR OLARIZU,30,0,No,0,0,1,527362.42,4741439.28
4124,R1-001,"i-DE REDES ELÉCTRICAS INTELIGENTES, S.A.U",Araba/Álava,Agurain/Salvatierra,549537.91,4743770.47,STR SALVATIERRA,13,0,No,3.6,0,0,549537.91,4743770.47
4125,R1-001,"i-DE REDES ELÉCTRICAS INTELIGENTES, S.A.U",Araba/Álava,Agurain/Salvatierra,549537.91,4743770.47,STR SALVATIERRA,30,0,No,0,0,1,549537.91,4743770.47
4126,R1-001,"i-DE REDES ELÉCTRICAS INTELIGENTES, S.A.U",Araba/Álava,Zuia,510198.82,4756402.84,STR URKABUSTAIZ,13,0,No,2.43,0,0,510198.82,4756402.84
4127,R1-001,"i-DE REDES ELÉCTRICAS INTELIGENTES, S.A.U",Araba/Álava,Zuia,510198.82,4756402.84,STR URKABUSTAIZ,30,0,No,0,0,0,510198.82,4756402.84
4128,R1-001,"i-DE REDES ELÉCTRICAS INTELIGENTES, S.A.U",Araba/Álava,Legutio,529313.92,4757938.92,STR VILLARREAL,13,0,No,1.59,0,0,529313.92,4757938.92
4129,R1-001,"i-DE REDES ELÉCTRICAS INTELIGENTES, S.A.U",Araba/Álava,Legutio,529313.92,4757938.92,STR VILLARREAL,30,0,No,0,0,1,529313.92,4757938.92
4130,R1-001,"i-DE REDES ELÉCTRICAS INTELIGENTES, S.A.U",Albacete,Albacete,595760.12,4319519.01,ST ALBACETE,132,0,No,0,0,0,595760.12,4319519.01
4131,R1-001,"i-DE REDES ELÉCTRICAS INTELIGENTES, S.A.U",Albacete,Albacete,595760.12,4319519.01,ST ALBACETE,66,0,No,2.5,0,0,595760.12,4319519.01
4132,R1-001,"i-DE REDES ELÉCTRICAS INTELIGENTES, S.A.U",Albacete,Albacete,595760.12,4319519.01,ST ALBACETE,20,0,No,42.79,0,0,595760.12,4319519.01
4133,R1-001,"i-DE REDES ELÉCTRICAS INTELIGENTES, S.A.U",Albacete,Albacete,595760.12,4319519.01,ST ALBACETE,20,0,No,55.06,3.6,0,595760.12,4319519.01
4134,R1-001,"i-DE REDES ELÉCTRICAS INTELIGENTES, S.A.U",Albacete,Albacete,595760.12,4319519.01,ST ALBACETE,20,0,No,45.32,0,0,595760.12,4319519.01
4135,R1-001,"i-DE REDES ELÉCTRICAS INTELIGENTES, S.A.U",Albacete,Almansa,665988.08,4302113.75,ST ALMANSA,132,0,No,160,0,0,665988.08,4302113.75
4136,R1-001,"i-DE REDES ELÉCTRICAS INTELIGENTES, S.A.U",Albacete,Almansa,665988.08,4302113.75,ST ALMANSA,66,0,No,22.46,0,0,665988.08,4302113.75
4137,R1-001,"i-DE REDES ELÉCTRICAS INTELIGENTES, S.A.U",Albacete,Almansa,665988.08,4302113.75,ST ALMANSA,66,0,No,23,0,0,665988.08,4302113.75
4138,R1-001,"i-DE REDES ELÉCTRICAS INTELIGENTES, S.A.U",Albacete,Almansa,665988.08,4302113.75,ST ALMANSA,20,0,No,13.79,0,0,665988.08,4302113.75
4139,R1-001,"i-DE REDES ELÉCTRICAS INTELIGENTES, S.A.U",Albacete,Almansa,665988.08,4302113.75,ST ALMANSA,20,0,No,12.1,0,0,665988.08,4302113.75
4140,R1-001,"i-DE REDES ELÉCTRICAS INTELIGENTES, S.A.U",Albacete,Barrax,572916.18,4321416.97,ST BARRAX,132,0,No,0,0,0,572916.18,4321416.97
4141,R1-001,"i-DE REDES ELÉCTRICAS INTELIGENTES, S.A.U",Albacete,Barrax,572916.18,4321416.97,ST BARRAX,20,0,No,26.3,0.42,0,572916.18,4321416.97
4142,R1-001,"i-DE REDES ELÉCTRICAS INTELIGENTES, S.A.U",Albacete,Barrax,572916.18,4321416.97,ST BARRAX,20,0,No,29.43,0,0,572916.18,4321416.97
4143,R1-001,"i-DE REDES ELÉCTRICAS INTELIGENTES, S.A.U",Albacete,Casas-Ibáñez,631866.24,4348318.27,ST CASAS IBANEZ,132,0,No,0,0,0,631866.24,4348318.27
4144,R1-001,"i-DE REDES ELÉCTRICAS INTELIGENTES, S.A.U",Albacete,Casas-Ibáñez,631866.24,4348318.27,ST CASAS IBANEZ,66,0,No,0.25,0,0,631866.24,4348318.27
4145,R1-001,"i-DE REDES ELÉCTRICAS INTELIGENTES, S.A.U",Albacete,Casas-Ibáñez,631866.24,4348318.27,ST CASAS IBANEZ,20,0,No,8.23,0,0,631866.24,4348318.27
4146,R1-001,"i-DE REDES ELÉCTRICAS INTELIGENTES, S.A.U",Albacete,Casas-Ibáñez,631866.24,4348318.27,ST CASAS IBANEZ,20,0,No,11.16,0,0,631866.24,4348318.27
4147,R1-001,"i-DE REDES ELÉCTRICAS INTELIGENTES, S.A.U",Albacete,"Bonillo, El",540975.48,4311327,ST EL BONILLO,132,0,No,0.25,0,0,540975.48,4311327
4148,R1-001,"i-DE REDES ELÉCTRICAS INTELIGENTES, S.A.U",Albacete,"Bonillo, El",540975.48,4311327,ST EL BONILLO,20,0,No,9.02,0.35,0,540975.48,4311327
4149,R1-001,"i-DE REDES ELÉCTRICAS INTELIGENTES, S.A.U",Albacete,"Bonillo, El",540975.48,4311327,ST EL BONILLO,20,0,No,6.08,0,0,540975.48,4311327
4150,R1-001,"i-DE REDES ELÉCTRICAS INTELIGENTES, S.A.U",Albacete,Yeste,567635.86,4250383.7,ST FUENSANTA,132,0,No,0,0,0,567635.86,4250383.7
4151,R1-001,"i-DE REDES ELÉCTRICAS INTELIGENTES, S.A.U",Albacete,Yeste,567635.86,4250383.7,ST FUENSANTA,20,0,No,9.05,0,0,567635.86,4250383.7
4152,R1-001,"i-DE REDES ELÉCTRICAS INTELIGENTES, S.A.U",Albacete,Hellín,613189.81,4265388.23,ST HELLIN,132,0,No,0,0,0,613189.81,4265388.23
4153,R1-001,"i-DE REDES ELÉCTRICAS INTELIGENTES, S.A.U",Albacete,Hellín,613189.81,4265388.23,ST HELLIN,20,0,No,40.56,0,0,613189.81,4265388.23
4154,R1-001,"i-DE REDES ELÉCTRICAS INTELIGENTES, S.A.U",Albacete,Hellín,613189.81,4265388.23,ST HELLIN,20,0,No,27.3,0,0,613189.81,4265388.23
4155,R1-001,"i-DE REDES ELÉCTRICAS INTELIGENTES, S.A.U",Albacete,"Gineta, La",585184.06,4329933.43,ST LA GINETA,20,0,No,13.38,0,0,585184.06,4329933.43
4156,R1-001,"i-DE REDES ELÉCTRICAS INTELIGENTES, S.A.U",Albacete,"Gineta, La",585184.06,4329933.43,ST LA GINETA,20,0,No,22.52,0,0,585184.06,4329933.43
4157,R1-001,"i-DE REDES ELÉCTRICAS INTELIGENTES, S.A.U",Albacete,"Gineta, La",585184.06,4329933.43,ST LA GINETA,132,0,No,0,0,0,585184.06,4329933.43
4158,R1-001,"i-DE REDES ELÉCTRICAS INTELIGENTES, S.A.U",Albacete,"Roda, La",574251.67,4338856.97,ST LA RODA,132,0,No,0,0,0,574251.67,4338856.97
4159,R1-001,"i-DE REDES ELÉCTRICAS INTELIGENTES, S.A.U",Albacete,"Roda, La",574251.67,4338856.97,ST LA RODA,20,0,No,28.78,2,0,574251.67,4338856.97
4160,R1-001,"i-DE REDES ELÉCTRICAS INTELIGENTES, S.A.U",Albacete,"Roda, La",574251.67,4338856.97,ST LA RODA,20,0,No,51.22,0,0,574251.67,4338856.97
4161,R1-001,"i-DE REDES ELÉCTRICAS INTELIGENTES, S.A.U",Albacete,Villarrobledo,528190.61,4325189.29,ST LANTERNOSO,132,0,No,0,0,0,528190.61,4325189.29
4162,R1-001,"i-DE REDES ELÉCTRICAS INTELIGENTES, S.A.U",Albacete,Mahora,607712.06,4341860.55,ST MAHORA,132,0,No,0,0,0,607712.06,4341860.55
4163,R1-001,"i-DE REDES ELÉCTRICAS INTELIGENTES, S.A.U",Albacete,Mahora,607712.06,4341860.55,ST MAHORA,20,0,No,34.87,0,0,607712.06,4341860.55
4164,R1-001,"i-DE REDES ELÉCTRICAS INTELIGENTES, S.A.U",Albacete,Mahora,607712.06,4341860.55,ST MAHORA,20,0,No,16.9,0,0,607712.06,4341860.55
4165,R1-001,"i-DE REDES ELÉCTRICAS INTELIGENTES, S.A.U",Albacete,Lezuza,561595.39,4313032.63,ST PARDALES,132,0,No,0,0,0,561595.39,4313032.63
4166,R1-001,"i-DE REDES ELÉCTRICAS INTELIGENTES, S.A.U",Albacete,Albacete,596086.81,4310370.3,ST PARQUE AERONAUTICO,132,0,No,0,0,0,596086.81,4310370.3
4167,R1-001,"i-DE REDES ELÉCTRICAS INTELIGENTES, S.A.U",Albacete,Albacete,596086.81,4310370.3,ST PARQUE AERONAUTICO,20,0,No,41.04,0,0,596086.81,4310370.3
4168,R1-001,"i-DE REDES ELÉCTRICAS INTELIGENTES, S.A.U",Albacete,Albacete,596086.81,4310370.3,ST PARQUE AERONAUTICO,20,0,No,36.9,0,0,596086.81,4310370.3
4169,R1-001,"i-DE REDES ELÉCTRICAS INTELIGENTES, S.A.U",Albacete,Pozohondo,594944.07,4287987.23,ST POZOHONDO NORTE,132,0,No,0,0,0,594944.07,4287987.23
4170,R1-001,"i-DE REDES ELÉCTRICAS INTELIGENTES, S.A.U",Albacete,Pozohondo,594944.07,4287987.23,ST POZOHONDO NORTE,66,0,No,4.28,0,0,594944.07,4287987.23
4171,R1-001,"i-DE REDES ELÉCTRICAS INTELIGENTES, S.A.U",Albacete,Albacete,603778.11,4322254.99,ST ROMICA,132,0,No,199.02,0,0,603778.11,4322254.99
4172,R1-001,"i-DE REDES ELÉCTRICAS INTELIGENTES, S.A.U",Albacete,Albacete,603778.11,4322254.99,ST ROMICA,20,0,No,66.38,7.63,0,603778.11,4322254.99
4173,R1-001,"i-DE REDES ELÉCTRICAS INTELIGENTES, S.A.U",Albacete,Albacete,603778.11,4322254.99,ST ROMICA,20,0,No,54.28,0,0,603778.11,4322254.99
4174,R1-001,"i-DE REDES ELÉCTRICAS INTELIGENTES, S.A.U",Albacete,Pozohondo,599707.96,4279594.37,ST SABINA,132,0,No,0,0,0,599707.96,4279594.37
4175,R1-001,"i-DE REDES ELÉCTRICAS INTELIGENTES, S.A.U",Albacete,Albacete,587173.08,4310604.35,ST SANTANAS,132,0,No,0,0,0,587173.08,4310604.35
4176,R1-001,"i-DE REDES ELÉCTRICAS INTELIGENTES, S.A.U",Albacete,Albacete,587173.08,4310604.35,ST SANTANAS,20,0,No,12.44,0,0,587173.08,4310604.35
4177,R1-001,"i-DE REDES ELÉCTRICAS INTELIGENTES, S.A.U",Albacete,Albacete,587173.08,4310604.35,ST SANTANAS,20,0,No,14.86,0,0,587173.08,4310604.35
4178,R1-001,"i-DE REDES ELÉCTRICAS INTELIGENTES, S.A.U",Albacete,Socovos,596931.65,4240157.77,ST SOCOVOS,132,0,No,0,0,0,596931.65,4240157.77
4179,R1-001,"i-DE REDES ELÉCTRICAS INTELIGENTES, S.A.U",Albacete,Tobarra,608631.74,4272582,ST TOBARRA,132,0,No,0,0,0,608631.74,4272582
4180,R1-001,"i-DE REDES ELÉCTRICAS INTELIGENTES, S.A.U",Albacete,Tobarra,608631.74,4272582,ST TOBARRA,20,0,No,18.81,0,0,608631.74,4272582
4181,R1-001,"i-DE REDES ELÉCTRICAS INTELIGENTES, S.A.U",Albacete,Villarrobledo,534609.14,4348440.85,ST VILLARROBLEDO,132,0,No,4.4,0,0,534609.14,4348440.85
4182,R1-001,"i-DE REDES ELÉCTRICAS INTELIGENTES, S.A.U",Albacete,Villarrobledo,534609.14,4348440.85,ST VILLARROBLEDO,66,0,No,0.26,0,0,534609.14,4348440.85
4183,R1-001,"i-DE REDES ELÉCTRICAS INTELIGENTES, S.A.U",Albacete,Villarrobledo,534609.14,4348440.85,ST VILLARROBLEDO,20,0,No,36.42,0,0,534609.14,4348440.85
4184,R1-001,"i-DE REDES ELÉCTRICAS INTELIGENTES, S.A.U",Albacete,Villarrobledo,534609.14,4348440.85,ST VILLARROBLEDO,20,0,No,31.05,0,0,534609.14,4348440.85
4185,R1-001,"i-DE REDES ELÉCTRICAS INTELIGENTES, S.A.U",Albacete,Alpera,651462.52,4311563.35,STR ALPERA ID,66,0,No,0,0,0,651462.52,4311563.35
4186,R1-001,"i-DE REDES ELÉCTRICAS INTELIGENTES, S.A.U",Albacete,Bonete,643075.2,4305322.15,STR BONETE,66,0,No,0,0,0,643075.2,4305322.15
4187,R1-001,"i-DE REDES ELÉCTRICAS INTELIGENTES, S.A.U",Albacete,Bonete,643075.2,4305322.15,STR BONETE,20,0,No,8.62,0,0,643075.2,4305322.15
4188,R1-001,"i-DE REDES ELÉCTRICAS INTELIGENTES, S.A.U",Albacete,Bonete,643075.2,4305322.15,STR BONETE,20,0,No,4.82,0,0,643075.2,4305322.15
4189,R1-001,"i-DE REDES ELÉCTRICAS INTELIGENTES, S.A.U",Albacete,Caudete,677345.78,4286767.84,STR CAUDETE,66,0,No,0,0,0,677345.78,4286767.84
4190,R1-001,"i-DE REDES ELÉCTRICAS INTELIGENTES, S.A.U",Albacete,Caudete,677345.78,4286767.84,STR CAUDETE,20,0,No,16.3,0,0,677345.78,4286767.84
4191,R1-001,"i-DE REDES ELÉCTRICAS INTELIGENTES, S.A.U",Albacete,Caudete,677345.78,4286767.84,STR CAUDETE,20,0,No,18.34,0,0,677345.78,4286767.84
4192,R1-299,EDISTRIBUCIÓN REDES DIGITALES S.L.U.,Cádiz,Jerez de la Frontera,224460.2,4068472.99,ABELLO,66,0,No,3.53,0,0,224460.2,4068472.99
4193,R1-299,EDISTRIBUCIÓN REDES DIGITALES S.L.U.,Cádiz,Jerez de la Frontera,223340.42,4065908.25,ABIERTAS,66,0,No,0,0,0,223340.42,4065908.25
4194,R1-299,EDISTRIBUCIÓN REDES DIGITALES S.L.U.,Cádiz,Jerez de la Frontera,223340.42,4065908.25,ABIERTAS,15,0,No,22.29,0,0,223340.42,4065908.25
4195,R1-299,EDISTRIBUCIÓN REDES DIGITALES S.L.U.,Cádiz,Jerez de la Frontera,224025.81,4069288.82,AGROALIM,66,0,No,0,0,0,224025.81,4069288.82
4196,R1-299,EDISTRIBUCIÓN REDES DIGITALES S.L.U.,Cádiz,Jerez de la Frontera,224025.81,4069288.82,AGROALIM,15,0,No,16.32,3.16,0,224025.81,4069288.82
4197,R1-299,EDISTRIBUCIÓN REDES DIGITALES S.L.U.,Cádiz,San Roque,289998.63,4013346.47,ALCAIDES,66,0,No,0,0,0,289998.63,4013346.47
4198,R1-299,EDISTRIBUCIÓN REDES DIGITALES S.L.U.,Cádiz,San Roque,289998.63,4013346.47,ALCAIDES,20,0,No,21.9,0,0,289998.63,4013346.47
4199,R1-299,EDISTRIBUCIÓN REDES DIGITALES S.L.U.,Cádiz,San Roque,285094.55,4006884.88,ALGECIRA,66,0,No,148.57,0,0,285094.55,4006884.88
4200,R1-299,EDISTRIBUCIÓN REDES DIGITALES S.L.U.,Cádiz,San Roque,285094.55,4006884.88,ALGECIRA,15,0,No,20.8,4.75,0,285094.55,4006884.88
4201,R1-299,EDISTRIBUCIÓN REDES DIGITALES S.L.U.,Cádiz,Algodonales,284645.08,4083664.84,ALGODONA,66,0,No,0,0,0,284645.08,4083664.84
4202,R1-299,EDISTRIBUCIÓN REDES DIGITALES S.L.U.,Cádiz,Algodonales,284645.08,4083664.84,ALGODONA,20,0,No,4.64,0,0,284645.08,4083664.84
4203,R1-299,EDISTRIBUCIÓN REDES DIGITALES S.L.U.,Cádiz,Jerez de la Frontera,205782.07,4070351.52,ALIJAR,66,0,No,0,0,0,205782.07,4070351.52
4204,R1-299,EDISTRIBUCIÓN REDES DIGITALES S.L.U.,Cádiz,Arcos de la Frontera,247867.49,4070740.81,ARCOS,66,0,No,0,0,0,247867.49,4070740.81
4205,R1-299,EDISTRIBUCIÓN REDES DIGITALES S.L.U.,Cádiz,Arcos de la Frontera,247867.49,4070740.81,ARCOS,15,0,No,17.97,0,0,247867.49,4070740.81
4206,R1-299,EDISTRIBUCIÓN REDES DIGITALES S.L.U.,Cádiz,Jerez de la Frontera,217652.88,4066024.75,AREASUR,66,0,No,0,0,0,217652.88,4066024.75
4207,R1-299,EDISTRIBUCIÓN REDES DIGITALES S.L.U.,Cádiz,Jerez de la Frontera,217652.88,4066024.75,AREASUR,15,0,No,14.94,0,0,217652.88,4066024.75
4208,R1-299,EDISTRIBUCIÓN REDES DIGITALES S.L.U.,Cádiz,Rota,198307.96,4060313.07,ARVINA,66,0,No,0,0,0,198307.96,4060313.07
4209,R1-299,EDISTRIBUCIÓN REDES DIGITALES S.L.U.,Cádiz,Rota,198307.96,4060313.07,ARVINA,15,0,No,24.58,0,0,198307.96,4060313.07
4210,R1-299,EDISTRIBUCIÓN REDES DIGITALES S.L.U.,Cádiz,Tarifa,245793.23,4001220.77,ATLANTER,66,0,No,0,0,0,245793.23,4001220.77
4211,R1-299,EDISTRIBUCIÓN REDES DIGITALES S.L.U.,Cádiz,Tarifa,245793.23,4001220.77,ATLANTER,20,0,No,20,0,0,245793.23,4001220.77
4212,R1-299,EDISTRIBUCIÓN REDES DIGITALES S.L.U.,Cádiz,San Fernando,212532.2,4040591.98,BAHIASUR,66,0,No,0,0,0,212532.2,4040591.98
4213,R1-299,EDISTRIBUCIÓN REDES DIGITALES S.L.U.,Cádiz,San Fernando,212532.2,4040591.98,BAHIASUR,20,0,No,22.98,0.61,0,212532.2,4040591.98
4214,R1-299,EDISTRIBUCIÓN REDES DIGITALES S.L.U.,Cádiz,Jerez de la Frontera,239666.01,4060323.72,BARCAFLR,66,0,No,0,0,0,239666.01,4060323.72
4215,R1-299,EDISTRIBUCIÓN REDES DIGITALES S.L.U.,Cádiz,Jerez de la Frontera,239666.01,4060323.72,BARCAFLR,15,0,No,9.59,0,0,239666.01,4060323.72
4216,R1-299,EDISTRIBUCIÓN REDES DIGITALES S.L.U.,Cádiz,"Barrios, Los",282360.75,4007123.9,BARRIOS,20,0,No,53.04,0,0,282360.75,4007123.9
4217,R1-299,EDISTRIBUCIÓN REDES DIGITALES S.L.U.,Cádiz,Conil de la Frontera,218161.78,4025998.83,BARROSA,66,0,No,0,0,0,218161.78,4025998.83
4218,R1-299,EDISTRIBUCIÓN REDES DIGITALES S.L.U.,Cádiz,Conil de la Frontera,218161.78,4025998.83,BARROSA,20,0,No,22.78,0,0,218161.78,4025998.83
4219,R1-299,EDISTRIBUCIÓN REDES DIGITALES S.L.U.,Cádiz,Arcos de la Frontera,253456.91,4075238.38,BORNOS,66,0,No,0,0,0,253456.91,4075238.38
4220,R1-299,EDISTRIBUCIÓN REDES DIGITALES S.L.U.,Cádiz,Arcos de la Frontera,253456.91,4075238.38,BORNOS,20,0,No,1.88,1.19,0,253456.91,4075238.38
4221,R1-299,EDISTRIBUCIÓN REDES DIGITALES S.L.U.,Cádiz,Arcos de la Frontera,253456.91,4075238.38,BORNOS,15,0,No,12.67,0,0,253456.91,4075238.38
4222,R1-299,EDISTRIBUCIÓN REDES DIGITALES S.L.U.,Cádiz,"Bosque, El",275191.35,4071234.6,BOSQUE,66,0,No,0,0,0,275191.35,4071234.6
4223,R1-299,EDISTRIBUCIÓN REDES DIGITALES S.L.U.,Cádiz,"Bosque, El",275191.35,4071234.6,BOSQUE,20,0,No,4.36,0,0,275191.35,4071234.6
4224,R1-299,EDISTRIBUCIÓN REDES DIGITALES S.L.U.,Cádiz,Cádiz,207558.4,4044886.18,CADIZ,132,0,No,48.64,0,0,207558.4,4044886.18
4225,R1-299,EDISTRIBUCIÓN REDES DIGITALES S.L.U.,Cádiz,"Barrios, Los",279539.31,4010543.81,CANUELO,66,0,No,37.53,60,0,279539.31,4010543.81
4226,R1-299,EDISTRIBUCIÓN REDES DIGITALES S.L.U.,Cádiz,Jerez de la Frontera,220971.3,4057072.11,CARTUJA,66,0,No,38.93,10,0,220971.3,4057072.11
4227,R1-299,EDISTRIBUCIÓN REDES DIGITALES S.L.U.,Cádiz,Jerez de la Frontera,220971.3,4057072.11,CARTUJA,15,0,No,17.98,0,0,220971.3,4057072.11
4228,R1-299,EDISTRIBUCIÓN REDES DIGITALES S.L.U.,Cádiz,Chiclana de la Frontera,218886.26,4033918.24,CHICLANA,66,0,No,0,0,0,218886.26,4033918.24
4229,R1-299,EDISTRIBUCIÓN REDES DIGITALES S.L.U.,Cádiz,Chiclana de la Frontera,218886.26,4033918.24,CHICLANA,20,0,No,55.91,0.01,0,218886.26,4033918.24
4230,R1-299,EDISTRIBUCIÓN REDES DIGITALES S.L.U.,Cádiz,Chipiona,196651.99,4070539.83,CHIPIONA,66,0,No,0,0,0,196651.99,4070539.83
4231,R1-299,EDISTRIBUCIÓN REDES DIGITALES S.L.U.,Cádiz,Chipiona,196651.99,4070539.83,CHIPIONA,15,0,No,17.65,0,0,196651.99,4070539.83
4232,R1-299,EDISTRIBUCIÓN REDES DIGITALES S.L.U.,Cádiz,Conil de la Frontera,224745.22,4020492.76,CONIL,66,0,No,0,0,0,224745.22,4020492.76
4233,R1-299,EDISTRIBUCIÓN REDES DIGITALES S.L.U.,Cádiz,Conil de la Frontera,224745.22,4020492.76,CONIL,20,0,No,7.05,0,0,224745.22,4020492.76
4234,R1-299,EDISTRIBUCIÓN REDES DIGITALES S.L.U.,Cádiz,Cádiz,207373.82,4043327.37,CORTADUR,66,0,No,5.29,0,0,207373.82,4043327.37
4235,R1-299,EDISTRIBUCIÓN REDES DIGITALES S.L.U.,Cádiz,San Roque,286458.55,4005703.54,CRINAVIS,66,0,No,0,0,0,286458.55,4005703.54
4236,R1-299,EDISTRIBUCIÓN REDES DIGITALES S.L.U.,Cádiz,San Roque,286458.55,4005703.54,CRINAVIS,20,0,No,43.38,0,0,286458.55,4005703.54
4237,R1-299,EDISTRIBUCIÓN REDES DIGITALES S.L.U.,Cádiz,Tarifa,264861,3990502.46,CUBILLO,66,0,No,0,0,0,264861,3990502.46
4238,R1-299,EDISTRIBUCIÓN REDES DIGITALES S.L.U.,Cádiz,Tarifa,264861,3990502.46,CUBILLO,20,0,No,47.47,0,0,264861,3990502.46
4239,R1-299,EDISTRIBUCIÓN REDES DIGITALES S.L.U.,Cádiz,San Roque,283700.48,4009410.04,EASTMAN,66,0,No,3.94,0,0,283700.48,4009410.04
4240,R1-299,EDISTRIBUCIÓN REDES DIGITALES S.L.U.,Cádiz,Jerez de la Frontera,220439.66,4061203.29,EBRO,66,0,No,2.36,0,0,220439.66,4061203.29
4241,R1-299,EDISTRIBUCIÓN REDES DIGITALES S.L.U.,Cádiz,Algeciras,278764.57,4001860.01,ESTRECHO,66,0,No,0,0,0,278764.57,4001860.01
4242,R1-299,EDISTRIBUCIÓN REDES DIGITALES S.L.U.,Cádiz,Algeciras,278764.57,4001860.01,ESTRECHO,15,0,No,26.32,0,0,278764.57,4001860.01
4243,R1-299,EDISTRIBUCIÓN REDES DIGITALES S.L.U.,Cádiz,"Barrios, Los",278275.97,4005660.82,FRESNO,66,0,No,0,0,0,278275.97,4005660.82
4244,R1-299,EDISTRIBUCIÓN REDES DIGITALES S.L.U.,Cádiz,"Barrios, Los",278275.97,4005660.82,FRESNO,15,0,No,19.14,0,0,278275.97,4005660.82
4245,R1-299,EDISTRIBUCIÓN REDES DIGITALES S.L.U.,Cádiz,Algeciras,278846.48,3998874.7,GETARES,66,0,No,0,0,0,278846.48,3998874.7
4246,R1-299,EDISTRIBUCIÓN REDES DIGITALES S.L.U.,Cádiz,Algeciras,278846.48,3998874.7,GETARES,20,0,No,24.04,0,0,278846.48,3998874.7
4247,R1-299,EDISTRIBUCIÓN REDES DIGITALES S.L.U.,Cádiz,Algeciras,278846.48,3998874.7,GETARES,15,0,No,10.66,0,0,278846.48,3998874.7
4248,R1-299,EDISTRIBUCIÓN REDES DIGITALES S.L.U.,Cádiz,Arcos de la Frontera,250404.01,4061888.84,GUADALCA,66,0,No,0,0,0,250404.01,4061888.84
4249,R1-299,EDISTRIBUCIÓN REDES DIGITALES S.L.U.,Cádiz,Arcos de la Frontera,250404.01,4061888.84,GUADALCA,20,0,No,5.52,0,0,250404.01,4061888.84
4250,R1-299,EDISTRIBUCIÓN REDES DIGITALES S.L.U.,Cádiz,"Puerto de Santa María, El",208288.58,4060755.13,HINOJERA,66,0,No,0,0,0,208288.58,4060755.13
4251,R1-299,EDISTRIBUCIÓN REDES DIGITALES S.L.U.,Cádiz,"Puerto de Santa María, El",208288.58,4060755.13,HINOJERA,15,0,No,21.24,0,0,208288.58,4060755.13
4252,R1-299,EDISTRIBUCIÓN REDES DIGITALES S.L.U.,Cádiz,San José del Valle,271042.8,4060295.14,HURONES,66,0,No,0,0,0,271042.8,4060295.14
4253,R1-299,EDISTRIBUCIÓN REDES DIGITALES S.L.U.,Cádiz,San José del Valle,271042.8,4060295.14,HURONES,15,0,No,0.07,0,0,271042.8,4060295.14
4254,R1-299,EDISTRIBUCIÓN REDES DIGITALES S.L.U.,Cádiz,Algeciras,281252.67,4000335.77,ISLAVERD,66,0,No,35.04,0,0,281252.67,4000335.77
4255,R1-299,EDISTRIBUCIÓN REDES DIGITALES S.L.U.,Cádiz,Algeciras,281252.67,4000335.77,ISLAVERD,15,0,No,41.65,0,0,281252.67,4000335.77
4256,R1-299,EDISTRIBUCIÓN REDES DIGITALES S.L.U.,Cádiz,Jerez de la Frontera,220941.65,4064531.88,JEREZFRO,66,0,No,0,0,0,220941.65,4064531.88
4257,R1-299,EDISTRIBUCIÓN REDES DIGITALES S.L.U.,Cádiz,Jerez de la Frontera,220941.65,4064531.88,JEREZFRO,15,0,No,53.45,19.69,0,220941.65,4064531.88
4258,R1-299,EDISTRIBUCIÓN REDES DIGITALES S.L.U.,Cádiz,Tarifa,269088.84,3991684.8,KWTARIFA,66,0,No,0,0,0,269088.84,3991684.8
4259,R1-299,EDISTRIBUCIÓN REDES DIGITALES S.L.U.,Cádiz,San Roque,289492.79,4015212.93,LASMESAS,66,0,No,0,0,0,289492.79,4015212.93
4260,R1-299,EDISTRIBUCIÓN REDES DIGITALES S.L.U.,Cádiz,San Roque,289492.79,4015212.93,LASMESAS,20,0,No,4.8,0,0,289492.79,4015212.93
4261,R1-299,EDISTRIBUCIÓN REDES DIGITALES S.L.U.,Cádiz,Jerez de la Frontera,219959.03,4062594.43,LOSNEGRO,66,0,No,0,0,0,219959.03,4062594.43
4262,R1-299,EDISTRIBUCIÓN REDES DIGITALES S.L.U.,Cádiz,Jerez de la Frontera,219959.03,4062594.43,LOSNEGRO,15,0,No,26.19,1.46,0,219959.03,4062594.43
4263,R1-299,EDISTRIBUCIÓN REDES DIGITALES S.L.U.,Cádiz,Jerez de la Frontera,232542.6,4061913.01,MAJADILL,132,0,No,0.43,0,0,232542.6,4061913.01
4264,R1-299,EDISTRIBUCIÓN REDES DIGITALES S.L.U.,Cádiz,Puerto Real,224770.52,4041579.15,MARQUESA,66,0,No,0,0,0,224770.52,4041579.15
4265,R1-299,EDISTRIBUCIÓN REDES DIGITALES S.L.U.,Cádiz,Puerto Real,210399.56,4045972.25,MATAGORD,66,0,No,0,0,0,210399.56,4045972.25
4266,R1-299,EDISTRIBUCIÓN REDES DIGITALES S.L.U.,Cádiz,Puerto Real,210399.56,4045972.25,MATAGORD,20,0,No,12.74,0,0,210399.56,4045972.25
4267,R1-299,EDISTRIBUCIÓN REDES DIGITALES S.L.U.,Cádiz,Medina Sidonia,237714.08,4039800.9,MEDINA_S,66,0,No,0,0,0,237714.08,4039800.9
4268,R1-299,EDISTRIBUCIÓN REDES DIGITALES S.L.U.,Cádiz,Medina Sidonia,237714.08,4039800.9,MEDINA_S,15,0,No,17.49,0,0,237714.08,4039800.9
4269,R1-299,EDISTRIBUCIÓN REDES DIGITALES S.L.U.,Cádiz,Algeciras,278077.77,4004691.22,MENACHA,66,0,No,0,0,0,278077.77,4004691.22
4270,R1-299,EDISTRIBUCIÓN REDES DIGITALES S.L.U.,Cádiz,Algeciras,278077.77,4004691.22,MENACHA,15,0,No,18.96,0,0,278077.77,4004691.22
4271,R1-299,EDISTRIBUCIÓN REDES DIGITALES S.L.U.,Cádiz,San Roque,281690.14,4012771.78,MERCANCI,66,0,No,0,0,0,281690.14,4012771.78
4272,R1-299,EDISTRIBUCIÓN REDES DIGITALES S.L.U.,Cádiz,San Roque,281690.14,4012771.78,MERCANCI,15,0,No,15.98,0,0,281690.14,4012771.78
4273,R1-299,EDISTRIBUCIÓN REDES DIGITALES S.L.U.,Cádiz,Jerez de la Frontera,219690.84,4066994.99,MONTEALT,66,0,No,0,0,0,219690.84,4066994.99
4274,R1-299,EDISTRIBUCIÓN REDES DIGITALES S.L.U.,Cádiz,Jerez de la Frontera,219690.84,4066994.99,MONTEALT,15,0,No,30.51,0,0,219690.84,4066994.99
4275,R1-299,EDISTRIBUCIÓN REDES DIGITALES S.L.U.,Cádiz,Jerez de la Frontera,228582.58,4066950.31,MONTECAS,66,0,No,0,0,0,228582.58,4066950.31
4276,R1-299,EDISTRIBUCIÓN REDES DIGITALES S.L.U.,Cádiz,Jerez de la Frontera,228582.58,4066950.31,MONTECAS,15,0,No,3.23,0,0,228582.58,4066950.31
4277,R1-299,EDISTRIBUCIÓN REDES DIGITALES S.L.U.,Cádiz,Olvera,300665.52,4089769.21,OLVERA,66,0,No,0,0,0,300665.52,4089769.21
4278,R1-299,EDISTRIBUCIÓN REDES DIGITALES S.L.U.,Cádiz,Olvera,300665.52,4089769.21,OLVERA,33,0,No,8.89,0,0,300665.52,4089769.21
4279,R1-299,EDISTRIBUCIÓN REDES DIGITALES S.L.U.,Cádiz,San Roque,283067.21,4009356.18,OXIGENO,66,0,No,4.81,0,0,283067.21,4009356.18
4280,R1-299,EDISTRIBUCIÓN REDES DIGITALES S.L.U.,Cádiz,Tarifa,266893.12,3993945.58,PESUR,66,0,No,0,0,0,266893.12,3993945.58
4281,R1-299,EDISTRIBUCIÓN REDES DIGITALES S.L.U.,Cádiz,San Roque,283223.76,4014171.94,PINARREY,66,0,No,50,0,0,283223.76,4014171.94
4282,R1-299,EDISTRIBUCIÓN REDES DIGITALES S.L.U.,Cádiz,"Puerto de Santa María, El",209365.64,4056270.38,PLATERO,66,0,No,0,0,0,209365.64,4056270.38
4283,R1-299,EDISTRIBUCIÓN REDES DIGITALES S.L.U.,Cádiz,"Puerto de Santa María, El",209365.64,4056270.38,PLATERO,15,0,No,39.61,0,0,209365.64,4056270.38
4284,R1-299,EDISTRIBUCIÓN REDES DIGITALES S.L.U.,Cádiz,Puerto Real,217400.79,4046092.55,PTO_REAL,132,0,No,0,0,0,217400.79,4046092.55
4285,R1-299,EDISTRIBUCIÓN REDES DIGITALES S.L.U.,Cádiz,Puerto Real,217400.79,4046092.55,PTO_REAL,20,0,No,22.01,0,0,217400.79,4046092.55
4286,R1-299,EDISTRIBUCIÓN REDES DIGITALES S.L.U.,Cádiz,"Puerto de Santa María, El",204986.2,4063405.77,PTO_SMAR,66,0,No,26.42,0,0,204986.2,4063405.77
4287,R1-299,EDISTRIBUCIÓN REDES DIGITALES S.L.U.,Cádiz,Sanlúcar de Barrameda,201789.95,4072251.72,REMCAUDA,66,0,No,0,0,0,201789.95,4072251.72
4288,R1-299,EDISTRIBUCIÓN REDES DIGITALES S.L.U.,Cádiz,Sanlúcar de Barrameda,201789.95,4072251.72,REMCAUDA,15,0,No,2.67,0,0,201789.95,4072251.72
4289,R1-299,EDISTRIBUCIÓN REDES DIGITALES S.L.U.,Córdoba,Baena,383797.49,4163847.59,BAENA,132,0,No,1.57,0,0,383797.49,4163847.59
4290,R1-299,EDISTRIBUCIÓN REDES DIGITALES S.L.U.,Córdoba,Baena,383797.49,4163847.59,BAENA,25,0,No,34.02,0,0,383797.49,4163847.59
4291,R1-299,EDISTRIBUCIÓN REDES DIGITALES S.L.U.,Cádiz,Puerto Real,217400.79,4046092.55,PTO_REAL,66,0,No,24.44,0,0,217400.79,4046092.55
4292,R1-299,EDISTRIBUCIÓN REDES DIGITALES S.L.U.,Cádiz,Rota,196168.88,4064499.69,ROTA,66,0,No,4.8,0,0,196168.88,4064499.69
4293,R1-299,EDISTRIBUCIÓN REDES DIGITALES S.L.U.,Cádiz,Rota,196168.88,4064499.69,ROTA,15,0,No,21.46,0,0,196168.88,4064499.69
4294,R1-299,EDISTRIBUCIÓN REDES DIGITALES S.L.U.,Cádiz,Sanlúcar de Barrameda,202343.57,4074319.19,S_BARRAM,66,0,No,0,0,0,202343.57,4074319.19
4295,R1-299,EDISTRIBUCIÓN REDES DIGITALES S.L.U.,Cádiz,Sanlúcar de Barrameda,202343.57,4074319.19,S_BARRAM,15,0,No,42.58,0,0,202343.57,4074319.19
4296,R1-299,EDISTRIBUCIÓN REDES DIGITALES S.L.U.,Cádiz,Jerez de la Frontera,217118.07,4064246.31,S_DOMING,66,0,No,0,0,0,217118.07,4064246.31
4297,R1-299,EDISTRIBUCIÓN REDES DIGITALES S.L.U.,Cádiz,Jerez de la Frontera,217118.07,4064246.31,S_DOMING,15,0,No,26.84,0,0,217118.07,4064246.31
4298,R1-299,EDISTRIBUCIÓN REDES DIGITALES S.L.U.,Cádiz,San Fernando,214286.18,4041642.74,S_FERNAN,66,0,No,0,0,0,214286.18,4041642.74
4299,R1-299,EDISTRIBUCIÓN REDES DIGITALES S.L.U.,Cádiz,San Fernando,214286.18,4041642.74,S_FERNAN,20,0,No,39.8,0,0,214286.18,4041642.74
4300,R1-299,EDISTRIBUCIÓN REDES DIGITALES S.L.U.,Cádiz,San Roque,281537.94,4010173.25,S_ROQUE,66,0,No,0,0,0,281537.94,4010173.25
4301,R1-299,EDISTRIBUCIÓN REDES DIGITALES S.L.U.,Cádiz,San Roque,281537.94,4010173.25,S_ROQUE,15,0,No,23.04,0.01,0,281537.94,4010173.25
4302,R1-299,EDISTRIBUCIÓN REDES DIGITALES S.L.U.,Cádiz,"Puerto de Santa María, El",214786.74,4055490.42,SALINAS,66,0,No,0,0,0,214786.74,4055490.42
4303,R1-299,EDISTRIBUCIÓN REDES DIGITALES S.L.U.,Cádiz,"Puerto de Santa María, El",214786.74,4055490.42,SALINAS,15,0,No,11.44,0,0,214786.74,4055490.42
4304,R1-299,EDISTRIBUCIÓN REDES DIGITALES S.L.U.,Cádiz,San Roque,292925.08,4019293.81,SOTOGRAN,66,0,No,0,0,0,292925.08,4019293.81
4305,R1-299,EDISTRIBUCIÓN REDES DIGITALES S.L.U.,Cádiz,San Roque,292925.08,4019293.81,SOTOGRAN,20,0,No,33.77,0,0,292925.08,4019293.81
4306,R1-299,EDISTRIBUCIÓN REDES DIGITALES S.L.U.,Cádiz,Arcos de la Frontera,246485.74,4066493.87,TABLELLI,66,0,No,0,0,0,246485.74,4066493.87
4307,R1-299,EDISTRIBUCIÓN REDES DIGITALES S.L.U.,Cádiz,San Fernando,211530.69,4039149.28,TIROJANE,66,0,No,10,0,0,211530.69,4039149.28
4308,R1-299,EDISTRIBUCIÓN REDES DIGITALES S.L.U.,Cádiz,San Fernando,211530.69,4039149.28,TIROJANE,20,0,No,20.01,0,0,211530.69,4039149.28
4309,R1-299,EDISTRIBUCIÓN REDES DIGITALES S.L.U.,Cádiz,Puerto Real,211521.19,4046351.91,TROCADER,66,0,No,0,0,0,211521.19,4046351.91
4310,R1-299,EDISTRIBUCIÓN REDES DIGITALES S.L.U.,Cádiz,Puerto Real,211521.19,4046351.91,TROCADER,20,0,No,19.74,0,0,211521.19,4046351.91
4311,R1-299,EDISTRIBUCIÓN REDES DIGITALES S.L.U.,Cádiz,Benaocaz,280118.39,4063766.73,UBRIQUE,66,0,No,0,0,0,280118.39,4063766.73
4312,R1-299,EDISTRIBUCIÓN REDES DIGITALES S.L.U.,Cádiz,Benaocaz,280118.39,4063766.73,UBRIQUE,20,0,No,11.97,0,0,280118.39,4063766.73
4313,R1-299,EDISTRIBUCIÓN REDES DIGITALES S.L.U.,Cádiz,"Puerto de Santa María, El",212068.2,4054083.92,VALDELAG,66,0,No,0,0,0,212068.2,4054083.92
4314,R1-299,EDISTRIBUCIÓN REDES DIGITALES S.L.U.,Cádiz,"Puerto de Santa María, El",212068.2,4054083.92,VALDELAG,15,0,No,12.11,0,0,212068.2,4054083.92
4315,R1-299,EDISTRIBUCIÓN REDES DIGITALES S.L.U.,Cádiz,"Puerto de Santa María, El",213065.22,4057595.33,VALENCIA,66,0,No,0,0,0,213065.22,4057595.33
4316,R1-299,EDISTRIBUCIÓN REDES DIGITALES S.L.U.,Cádiz,"Puerto de Santa María, El",213065.22,4057595.33,VALENCIA,15,0,No,39.99,0,0,213065.22,4057595.33
4317,R1-299,EDISTRIBUCIÓN REDES DIGITALES S.L.U.,Cádiz,Vejer de la Frontera,233043.84,4017255.45,VEJER,66,0,No,0,0,0,233043.84,4017255.45
4318,R1-299,EDISTRIBUCIÓN REDES DIGITALES S.L.U.,Cádiz,Vejer de la Frontera,233043.84,4017255.45,VEJER,20,0,No,36.91,0,0,233043.84,4017255.45
4319,R1-299,EDISTRIBUCIÓN REDES DIGITALES S.L.U.,Cádiz,Villamartín,263154.21,4082162.56,VILLMART,66,0,No,0,0,0,263154.21,4082162.56
4320,R1-299,EDISTRIBUCIÓN REDES DIGITALES S.L.U.,Cádiz,Villamartín,263154.21,4082162.56,VILLMART,20,0,No,11.88,0,0,263154.21,4082162.56
4321,R1-299,EDISTRIBUCIÓN REDES DIGITALES S.L.U.,Cádiz,Villamartín,263154.21,4082162.56,VILLMART,15,0,No,5.74,0,0,263154.21,4082162.56
4322,R1-299,EDISTRIBUCIÓN REDES DIGITALES S.L.U.,Cádiz,Vejer de la Frontera,231569.84,4020934.3,ZUMAJOS,66,0,No,48.02,0,0,231569.84,4020934.3
4323,R1-299,EDISTRIBUCIÓN REDES DIGITALES S.L.U.,Córdoba,Montoro,373421.56,4208988.68,ARENOSO,66,0,No,2.66,0,0,373421.56,4208988.68
4324,R1-299,EDISTRIBUCIÓN REDES DIGITALES S.L.U.,Córdoba,Córdoba,359687.61,4198998.88,CANSINOS,66,0,No,0,0,0,359687.61,4198998.88
4325,R1-299,EDISTRIBUCIÓN REDES DIGITALES S.L.U.,Córdoba,Córdoba,359687.61,4198998.88,CANSINOS,20,0,No,15.79,0,0,359687.61,4198998.88
4326,R1-299,EDISTRIBUCIÓN REDES DIGITALES S.L.U.,Córdoba,Cardeña,384188.08,4237062.42,CARDENAS,66,0,No,0.86,0,0,384188.08,4237062.42
4327,R1-299,EDISTRIBUCIÓN REDES DIGITALES S.L.U.,Córdoba,"Carlota, La",330368.18,4172016.76,CARLOTA,66,0,No,0,0,0,330368.18,4172016.76
4328,R1-299,EDISTRIBUCIÓN REDES DIGITALES S.L.U.,Córdoba,"Carlota, La",330368.18,4172016.76,CARLOTA,15,0,No,55.6,0,0,330368.18,4172016.76
4329,R1-299,EDISTRIBUCIÓN REDES DIGITALES S.L.U.,Córdoba,"Carpio, El",368209.66,4203059.21,CARPIO,66,0,No,1.2,0,0,368209.66,4203059.21
4330,R1-299,EDISTRIBUCIÓN REDES DIGITALES S.L.U.,Córdoba,"Carpio, El",368209.66,4203059.21,CARPIO,25,0,No,24.57,0,0,368209.66,4203059.21
4331,R1-299,EDISTRIBUCIÓN REDES DIGITALES S.L.U.,Córdoba,Córdoba,340591.22,4191622.86,CASILLAS,132,0,No,0,0,0,340591.22,4191622.86
4332,R1-299,EDISTRIBUCIÓN REDES DIGITALES S.L.U.,Córdoba,Córdoba,340591.22,4191622.86,CASILLAS,66,0,No,0.57,0,0,340591.22,4191622.86
4333,R1-299,EDISTRIBUCIÓN REDES DIGITALES S.L.U.,Córdoba,Córdoba,340591.22,4191622.86,CASILLAS,20,0,No,39.15,2.84,0,340591.22,4191622.86
4334,R1-299,EDISTRIBUCIÓN REDES DIGITALES S.L.U.,Córdoba,Córdoba,345418.93,4196433.11,CEPANSA,66,0,No,0,0,0,345418.93,4196433.11
4335,R1-299,EDISTRIBUCIÓN REDES DIGITALES S.L.U.,Córdoba,Córdoba,345418.93,4196433.11,CEPANSA,20,0,No,20.79,0,0,345418.93,4196433.11
4336,R1-299,EDISTRIBUCIÓN REDES DIGITALES S.L.U.,Córdoba,Puente Genil,345132.72,4137353.48,CORDBILL,66,0,No,0,0,0,345132.72,4137353.48
4337,R1-299,EDISTRIBUCIÓN REDES DIGITALES S.L.U.,Córdoba,Puente Genil,345132.72,4137353.48,CORDBILL,25,0,No,30.86,0,0,345132.72,4137353.48
4338,R1-299,EDISTRIBUCIÓN REDES DIGITALES S.L.U.,Córdoba,Córdoba,343496.79,4195684.96,CRUZJUAR,66,0,No,0,0,0,343496.79,4195684.96
4339,R1-299,EDISTRIBUCIÓN REDES DIGITALES S.L.U.,Córdoba,Córdoba,343496.79,4195684.96,CRUZJUAR,20,0,No,49.56,0,0,343496.79,4195684.96
4340,R1-299,EDISTRIBUCIÓN REDES DIGITALES S.L.U.,Córdoba,Pozoblanco,340210.91,4247023.96,DANIEL_T,132,0,No,23.28,0,0,340210.91,4247023.96
4341,R1-299,EDISTRIBUCIÓN REDES DIGITALES S.L.U.,Córdoba,Cabra,367737.86,4148134.27,EGABRENS,132,0,No,0.76,0,0,367737.86,4148134.27
4342,R1-299,EDISTRIBUCIÓN REDES DIGITALES S.L.U.,Córdoba,Espejo,360803.72,4168194.5,ESPEJO,132,0,No,0,0,0,360803.72,4168194.5
4343,R1-299,EDISTRIBUCIÓN REDES DIGITALES S.L.U.,Córdoba,Espejo,360803.72,4168194.5,ESPEJO,66,0,No,0,0,0,360803.72,4168194.5
4344,R1-299,EDISTRIBUCIÓN REDES DIGITALES S.L.U.,Córdoba,Espejo,360803.72,4168194.5,ESPEJO,25,0,No,40.87,0,0,360803.72,4168194.5
4345,R1-299,EDISTRIBUCIÓN REDES DIGITALES S.L.U.,Córdoba,Puente Genil,347303.04,4135924.75,GENILCAB,132,0,No,0.14,0,0,347303.04,4135924.75
4346,R1-299,EDISTRIBUCIÓN REDES DIGITALES S.L.U.,Córdoba,Córdoba,342192.84,4194684,GRANCAPI,66,0,No,0,0,0,342192.84,4194684
4347,R1-299,EDISTRIBUCIÓN REDES DIGITALES S.L.U.,Córdoba,Córdoba,342192.84,4194684,GRANCAPI,20,0,No,42.41,0,0,342192.84,4194684
4348,R1-299,EDISTRIBUCIÓN REDES DIGITALES S.L.U.,Córdoba,Hinojosa del Duque,313947.39,4262081.22,HINOJOSA,66,0,No,0,0,0,313947.39,4262081.22
4349,R1-299,EDISTRIBUCIÓN REDES DIGITALES S.L.U.,Córdoba,Hinojosa del Duque,313947.39,4262081.22,HINOJOSA,20,0,No,7.75,0,0,313947.39,4262081.22
4350,R1-299,EDISTRIBUCIÓN REDES DIGITALES S.L.U.,Córdoba,Córdoba,340350.82,4196005.49,HUERTFIG,66,0,No,0,0,0,340350.82,4196005.49
4351,R1-299,EDISTRIBUCIÓN REDES DIGITALES S.L.U.,Córdoba,Córdoba,340350.82,4196005.49,HUERTFIG,20,0,No,29.87,0,0,340350.82,4196005.49
4352,R1-299,EDISTRIBUCIÓN REDES DIGITALES S.L.U.,Córdoba,Lucena,352842.76,4129007.23,JAUJA,66,0,No,0,0,0,352842.76,4129007.23
4353,R1-299,EDISTRIBUCIÓN REDES DIGITALES S.L.U.,Córdoba,Lucena,352842.76,4129007.23,JAUJA,25,0,No,14.29,0,0,352842.76,4129007.23
4354,R1-299,EDISTRIBUCIÓN REDES DIGITALES S.L.U.,Córdoba,Córdoba,349693.42,4197959.22,LANCHA,132,44.48,No,11.99,50,0,349693.42,4197959.22
4355,R1-299,EDISTRIBUCIÓN REDES DIGITALES S.L.U.,Córdoba,Córdoba,349693.42,4197959.22,LANCHA,66,0,No,12,0,0,349693.42,4197959.22
4356,R1-299,EDISTRIBUCIÓN REDES DIGITALES S.L.U.,Córdoba,Córdoba,349693.42,4197959.22,LANCHA,20,0,No,31.8,0,0,349693.42,4197959.22
4357,R1-299,EDISTRIBUCIÓN REDES DIGITALES S.L.U.,Córdoba,Lucena,369121.72,4143132.13,LUCENA,132,0,No,0,0,0,369121.72,4143132.13
4358,R1-299,EDISTRIBUCIÓN REDES DIGITALES S.L.U.,Córdoba,Lucena,369121.72,4143132.13,LUCENA,66,0,No,0.37,0,0,369121.72,4143132.13
4359,R1-299,EDISTRIBUCIÓN REDES DIGITALES S.L.U.,Córdoba,Lucena,369121.72,4143132.13,LUCENA,25,0,No,38.53,1.9,0,369121.72,4143132.13
4360,R1-299,EDISTRIBUCIÓN REDES DIGITALES S.L.U.,Córdoba,Almodóvar del Río,326137.37,4189358.41,MOCHOS,66,0,No,0,0,0,326137.37,4189358.41
4361,R1-299,EDISTRIBUCIÓN REDES DIGITALES S.L.U.,Córdoba,Almodóvar del Río,326137.37,4189358.41,MOCHOS,15,0,No,8.99,0,0,326137.37,4189358.41
4362,R1-299,EDISTRIBUCIÓN REDES DIGITALES S.L.U.,Córdoba,Montilla,351991.22,4163382.55,MONTILLA,66,0,No,12.24,25,0,351991.22,4163382.55
4363,R1-299,EDISTRIBUCIÓN REDES DIGITALES S.L.U.,Córdoba,Montilla,351991.22,4163382.55,MONTILLA,25,0,No,19.19,0,0,351991.22,4163382.55
4364,R1-299,EDISTRIBUCIÓN REDES DIGITALES S.L.U.,Córdoba,Montilla,351991.22,4163382.55,MONTILLA,15,0,No,17,0,0,351991.22,4163382.55
4365,R1-299,EDISTRIBUCIÓN REDES DIGITALES S.L.U.,Córdoba,Hornachuelos,305820.92,4184779.65,MORATALL,132,0,No,0.19,0,0,305820.92,4184779.65
4366,R1-299,EDISTRIBUCIÓN REDES DIGITALES S.L.U.,Córdoba,Córdoba,340706.52,4193875.16,OUTOKUMP,66,0,No,6.87,0,0,340706.52,4193875.16
4367,R1-299,EDISTRIBUCIÓN REDES DIGITALES S.L.U.,Córdoba,"Carpio, El",369479.51,4202940.05,PABELLON,132,0,No,4.76,0,0,369479.51,4202940.05
4368,R1-299,EDISTRIBUCIÓN REDES DIGITALES S.L.U.,Córdoba,Hornachuelos,298476.74,4179514.64,PALMARIO,66,0,No,0,0,0,298476.74,4179514.64
4369,R1-299,EDISTRIBUCIÓN REDES DIGITALES S.L.U.,Córdoba,Hornachuelos,298476.74,4179514.64,PALMARIO,15,0,No,29.22,0,0,298476.74,4179514.64
4370,R1-299,EDISTRIBUCIÓN REDES DIGITALES S.L.U.,Córdoba,Lucena,365936.93,4139456.29,PALOMAS,66,0,No,1.33,0,0,365936.93,4139456.29
4371,R1-299,EDISTRIBUCIÓN REDES DIGITALES S.L.U.,Córdoba,Lucena,365936.93,4139456.29,PALOMAS,25,0,No,26.45,0.86,0,365936.93,4139456.29
4372,R1-299,EDISTRIBUCIÓN REDES DIGITALES S.L.U.,Córdoba,Puente Genil,339482.64,4146576.25,PATAMULO,132,0,No,4.07,0,0,339482.64,4146576.25
4373,R1-299,EDISTRIBUCIÓN REDES DIGITALES S.L.U.,Córdoba,Peñarroya-Pueblonuevo,300943.12,4240956.31,PENARROY,66,0,No,0.2,0,0,300943.12,4240956.31
4374,R1-299,EDISTRIBUCIÓN REDES DIGITALES S.L.U.,Córdoba,Peñarroya-Pueblonuevo,300943.12,4240956.31,PENARROY,20,0,No,15.71,0,0,300943.12,4240956.31
4375,R1-299,EDISTRIBUCIÓN REDES DIGITALES S.L.U.,Córdoba,Córdoba,340907.27,4194780.15,PONIENTE,66,0,No,0,0,0,340907.27,4194780.15
4376,R1-299,EDISTRIBUCIÓN REDES DIGITALES S.L.U.,Córdoba,Córdoba,340907.27,4194780.15,PONIENTE,20,0,No,67.94,0,0,340907.27,4194780.15
4377,R1-299,EDISTRIBUCIÓN REDES DIGITALES S.L.U.,Córdoba,Posadas,315142.71,4186580.16,POSADAS,132,0,No,0,0,0,315142.71,4186580.16
4378,R1-299,EDISTRIBUCIÓN REDES DIGITALES S.L.U.,Córdoba,Posadas,315142.71,4186580.16,POSADAS,66,0,No,3.42,0,0,315142.71,4186580.16
4379,R1-299,EDISTRIBUCIÓN REDES DIGITALES S.L.U.,Córdoba,Posadas,315142.71,4186580.16,POSADAS,15,0,No,26.06,0,0,315142.71,4186580.16
4380,R1-299,EDISTRIBUCIÓN REDES DIGITALES S.L.U.,Córdoba,Priego de Córdoba,394322.74,4143587.4,PRIEGO,25,0,No,25.66,0,0,394322.74,4143587.4
4381,R1-299,EDISTRIBUCIÓN REDES DIGITALES S.L.U.,Córdoba,Peñarroya-Pueblonuevo,300943.12,4240956.31,PENARROY,15,0,No,3.93,2.38,0,300943.12,4240956.31
4382,R1-299,EDISTRIBUCIÓN REDES DIGITALES S.L.U.,Córdoba,Priego de Córdoba,394322.74,4143587.4,PRIEGO,66,0,No,0,0,0,394322.74,4143587.4
4383,R1-299,EDISTRIBUCIÓN REDES DIGITALES S.L.U.,Córdoba,Aguilar de la Frontera,349691.22,4146992.34,PROCERAN,66,0,No,0.26,0,0,349691.22,4146992.34
4384,R1-299,EDISTRIBUCIÓN REDES DIGITALES S.L.U.,Córdoba,Aguilar de la Frontera,349691.22,4146992.34,PROCERAN,15,0,No,14.04,3.93,0,349691.22,4146992.34
4385,R1-299,EDISTRIBUCIÓN REDES DIGITALES S.L.U.,Córdoba,Espiel,330615.15,4219872.78,PTE_NUEV,132,0,No,0,0,0,330615.15,4219872.78
4386,R1-299,EDISTRIBUCIÓN REDES DIGITALES S.L.U.,Córdoba,Espiel,330615.15,4219872.78,PTE_NUEV,66,0,No,0,0,0,330615.15,4219872.78
4387,R1-299,EDISTRIBUCIÓN REDES DIGITALES S.L.U.,Córdoba,Espiel,330615.15,4219872.78,PTE_NUEV,20,0,No,10.09,4.94,0,330615.15,4219872.78
4388,R1-299,EDISTRIBUCIÓN REDES DIGITALES S.L.U.,Córdoba,Posadas,311442.64,4186057.4,RIVERO,132,0,No,6.43,0,0,311442.64,4186057.4
4389,R1-299,EDISTRIBUCIÓN REDES DIGITALES S.L.U.,Córdoba,Córdoba,345686.55,4193981.44,SANTUARI,66,0,No,0,59.14,0,345686.55,4193981.44
4390,R1-299,EDISTRIBUCIÓN REDES DIGITALES S.L.U.,Córdoba,Córdoba,345686.55,4193981.44,SANTUARI,20,0,No,47.52,0,0,345686.55,4193981.44
4391,R1-299,EDISTRIBUCIÓN REDES DIGITALES S.L.U.,Córdoba,Villanueva del Duque,325102.93,4248888.18,SOLDADO,66,0,No,0,0,0,325102.93,4248888.18
4392,R1-299,EDISTRIBUCIÓN REDES DIGITALES S.L.U.,Córdoba,Villanueva del Duque,325102.93,4248888.18,SOLDADO,20,0,No,2.77,0,0,325102.93,4248888.18
4393,R1-299,EDISTRIBUCIÓN REDES DIGITALES S.L.U.,Córdoba,Córdoba,356902.46,4202148.5,SRAFAELN,66,0,No,4.28,0,0,356902.46,4202148.5
4394,R1-299,EDISTRIBUCIÓN REDES DIGITALES S.L.U.,Córdoba,Córdoba,343204.99,4191181.79,TORRECIL,66,0,No,0,0,0,343204.99,4191181.79
4395,R1-299,EDISTRIBUCIÓN REDES DIGITALES S.L.U.,Córdoba,Córdoba,343204.99,4191181.79,TORRECIL,20,0,No,32.6,0.01,0,343204.99,4191181.79
4396,R1-299,EDISTRIBUCIÓN REDES DIGITALES S.L.U.,Córdoba,Palenciana,360408.97,4122255.92,VETEJAR,66,0,No,1.36,0,0,360408.97,4122255.92
4397,R1-299,EDISTRIBUCIÓN REDES DIGITALES S.L.U.,Córdoba,Palenciana,360408.97,4122255.92,VETEJAR,25,0,No,5,0,0,360408.97,4122255.92
4398,R1-299,EDISTRIBUCIÓN REDES DIGITALES S.L.U.,Córdoba,Villa del Río,384740.78,4205409.53,VILLARIO,66,0,No,0,0,0,384740.78,4205409.53
4399,R1-299,EDISTRIBUCIÓN REDES DIGITALES S.L.U.,Córdoba,Villa del Río,384740.78,4205409.53,VILLARIO,25,0,No,36.84,0,0,384740.78,4205409.53
4400,R1-299,EDISTRIBUCIÓN REDES DIGITALES S.L.U.,Córdoba,Villafranca de Córdoba,359519.91,4202123.53,VILLFRAN,66,0,No,0,0,0,359519.91,4202123.53
4401,R1-299,EDISTRIBUCIÓN REDES DIGITALES S.L.U.,Córdoba,Córdoba,331733.93,4190927.77,VIRRUBIA,66,0,No,0,0,0,331733.93,4190927.77
4402,R1-299,EDISTRIBUCIÓN REDES DIGITALES S.L.U.,Córdoba,Córdoba,331733.93,4190927.77,VIRRUBIA,20,0,No,16.69,0,0,331733.93,4190927.77
4403,R1-299,EDISTRIBUCIÓN REDES DIGITALES S.L.U.,Granada,Dúrcal,450518.48,4095960.98,DURCAL,20,0,No,15.96,0,0,450518.48,4095960.98
4404,R1-299,EDISTRIBUCIÓN REDES DIGITALES S.L.U.,Granada,Granada,448858.17,4116820.49,FARGUE,132,0,No,0,0,0,448858.17,4116820.49
4405,R1-299,EDISTRIBUCIÓN REDES DIGITALES S.L.U.,Granada,Granada,448858.17,4116820.49,FARGUE,66,0,No,0,0,0,448858.17,4116820.49
4406,R1-299,EDISTRIBUCIÓN REDES DIGITALES S.L.U.,Granada,Granada,448858.17,4116820.49,FARGUE,20,0,No,30.78,0,0,448858.17,4116820.49
4407,R1-299,EDISTRIBUCIÓN REDES DIGITALES S.L.U.,Granada,"Gabias, Las",440460.57,4111293.26,GABIAS,66,0,No,0,0,0,440460.57,4111293.26
4408,R1-299,EDISTRIBUCIÓN REDES DIGITALES S.L.U.,Córdoba,Córdoba,331733.93,4190927.77,VIRRUBIA,15,0,No,16.77,0,0,331733.93,4190927.77
4409,R1-299,EDISTRIBUCIÓN REDES DIGITALES S.L.U.,Córdoba,Villanueva de Córdoba,357096.52,4243421.74,VVACORDO,66,0,No,0,0,0,357096.52,4243421.74
4410,R1-299,EDISTRIBUCIÓN REDES DIGITALES S.L.U.,Córdoba,Villanueva de Córdoba,357096.52,4243421.74,VVACORDO,20,0,No,5.13,0,0,357096.52,4243421.74
4411,R1-299,EDISTRIBUCIÓN REDES DIGITALES S.L.U.,Granada,Guadix,492078.67,4131615.81,ACCITANA,66,0,No,0,0,0,492078.67,4131615.81
4412,R1-299,EDISTRIBUCIÓN REDES DIGITALES S.L.U.,Granada,Guadix,492078.67,4131615.81,ACCITANA,20,0,No,32.91,0,0,492078.67,4131615.81
4413,R1-299,EDISTRIBUCIÓN REDES DIGITALES S.L.U.,Granada,Aldeire,493947.67,4119509.3,ALDEIRE,66,0,No,12.5,0,0,493947.67,4119509.3
4414,R1-299,EDISTRIBUCIÓN REDES DIGITALES S.L.U.,Granada,Aldeire,493947.67,4119509.3,ALDEIRE,20,0,No,4.22,0,0,493947.67,4119509.3
4415,R1-299,EDISTRIBUCIÓN REDES DIGITALES S.L.U.,Granada,Alhama de Granada,411800.18,4095185.28,ALHAMA,66,0,No,0,0,0,411800.18,4095185.28
4416,R1-299,EDISTRIBUCIÓN REDES DIGITALES S.L.U.,Granada,Alhama de Granada,411800.18,4095185.28,ALHAMA,20,0,No,13.48,0,0,411800.18,4095185.28
4417,R1-299,EDISTRIBUCIÓN REDES DIGITALES S.L.U.,Granada,Almuñécar,438159.01,4068870.49,ALMUNECA,66,0,No,0,0,0,438159.01,4068870.49
4418,R1-299,EDISTRIBUCIÓN REDES DIGITALES S.L.U.,Granada,Almuñécar,438159.01,4068870.49,ALMUNECA,20,0,No,34.05,0,0,438159.01,4068870.49
4419,R1-299,EDISTRIBUCIÓN REDES DIGITALES S.L.U.,Granada,Atarfe,438138.13,4120077.49,ATARFE,66,0,No,3.13,0,0,438138.13,4120077.49
4420,R1-299,EDISTRIBUCIÓN REDES DIGITALES S.L.U.,Granada,Atarfe,438138.13,4120077.49,ATARFE,20,0,No,64.77,0,0,438138.13,4120077.49
4421,R1-299,EDISTRIBUCIÓN REDES DIGITALES S.L.U.,Granada,Baza,521328.06,4149809.36,BAZA,132,0,No,30,0,0,521328.06,4149809.36
4422,R1-299,EDISTRIBUCIÓN REDES DIGITALES S.L.U.,Granada,Baza,521328.06,4149809.36,BAZA,66,0,No,0,0,0,521328.06,4149809.36
4423,R1-299,EDISTRIBUCIÓN REDES DIGITALES S.L.U.,Granada,Baza,521328.06,4149809.36,BAZA,20,0,No,21.18,0,0,521328.06,4149809.36
4424,R1-299,EDISTRIBUCIÓN REDES DIGITALES S.L.U.,Granada,Granada,447808.71,4113657.81,BOMBA,66,0,No,0,0,0,447808.71,4113657.81
4425,R1-299,EDISTRIBUCIÓN REDES DIGITALES S.L.U.,Granada,Granada,447808.71,4113657.81,BOMBA,20,0,No,45.01,0,0,447808.71,4113657.81
4426,R1-299,EDISTRIBUCIÓN REDES DIGITALES S.L.U.,Granada,Granada,444896.45,4114597,CAMINORO,66,0,No,0,0,0,444896.45,4114597
4427,R1-299,EDISTRIBUCIÓN REDES DIGITALES S.L.U.,Granada,Granada,444896.45,4114597,CAMINORO,20,0,No,64.4,0,0,444896.45,4114597
4428,R1-299,EDISTRIBUCIÓN REDES DIGITALES S.L.U.,Granada,Armilla,445981.61,4111132.07,CAMPUS,66,0,No,1.19,0,0,445981.61,4111132.07
4429,R1-299,EDISTRIBUCIÓN REDES DIGITALES S.L.U.,Granada,Armilla,445981.61,4111132.07,CAMPUS,20,0,No,46.54,0,0,445981.61,4111132.07
4430,R1-299,EDISTRIBUCIÓN REDES DIGITALES S.L.U.,Granada,Pinos Genil,457041.64,4112714.62,CANALES,20,0,No,9.78,0,0,457041.64,4112714.62
4431,R1-299,EDISTRIBUCIÓN REDES DIGITALES S.L.U.,Granada,Atarfe,435606.03,4124844.99,CAPARACE,132,0,No,0,0,0,435606.03,4124844.99
4432,R1-299,EDISTRIBUCIÓN REDES DIGITALES S.L.U.,Granada,Motril,451549.1,4065161.3,CELULOSA,66,0,No,0,0,0,451549.1,4065161.3
4433,R1-299,EDISTRIBUCIÓN REDES DIGITALES S.L.U.,Granada,Motril,451549.1,4065161.3,CELULOSA,20,0,No,37.44,0,0,451549.1,4065161.3
4434,R1-299,EDISTRIBUCIÓN REDES DIGITALES S.L.U.,Granada,Carataunas,467138.92,4085266.76,CH.DUQUE,66,0,No,0,0,0,467138.92,4085266.76
4435,R1-299,EDISTRIBUCIÓN REDES DIGITALES S.L.U.,Granada,Gualchos,462976.52,4066109.53,CONJURO,66,0,No,0,0,0,462976.52,4066109.53
4436,R1-299,EDISTRIBUCIÓN REDES DIGITALES S.L.U.,Granada,Darro,477094.02,4131556.98,DARRO,66,0,No,0,0,0,477094.02,4131556.98
4437,R1-299,EDISTRIBUCIÓN REDES DIGITALES S.L.U.,Granada,Darro,477094.02,4131556.98,DARRO,20,0,No,9.42,0,0,477094.02,4131556.98
4438,R1-299,EDISTRIBUCIÓN REDES DIGITALES S.L.U.,Granada,Dúrcal,450518.48,4095960.98,DURCAL,66,0,No,0,0,0,450518.48,4095960.98
4439,R1-299,EDISTRIBUCIÓN REDES DIGITALES S.L.U.,Granada,"Gabias, Las",440460.57,4111293.26,GABIAS,20,0,No,47.88,0,0,440460.57,4111293.26
4440,R1-299,EDISTRIBUCIÓN REDES DIGITALES S.L.U.,Granada,Granada,443573.99,4114808.57,GRELVA,66,0,No,0,0,0,443573.99,4114808.57
4441,R1-299,EDISTRIBUCIÓN REDES DIGITALES S.L.U.,Granada,Guadix,488493.11,4129117.13,GUADIX,66,0,No,0,0,0,488493.11,4129117.13
4442,R1-299,EDISTRIBUCIÓN REDES DIGITALES S.L.U.,Granada,Guadix,488493.11,4129117.13,GUADIX,20,0,No,23.97,0,0,488493.11,4129117.13
4443,R1-299,EDISTRIBUCIÓN REDES DIGITALES S.L.U.,Granada,Gualchos,466311.74,4065924.65,GUALCHOS,66,0,No,0,0,0,466311.74,4065924.65
4444,R1-299,EDISTRIBUCIÓN REDES DIGITALES S.L.U.,Granada,Gualchos,466311.74,4065924.65,GUALCHOS,20,0,No,12.89,0,0,466311.74,4065924.65
4445,R1-299,EDISTRIBUCIÓN REDES DIGITALES S.L.U.,Granada,Huéscar,540214.03,4183486.89,HUESCAR,66,0,No,0,0,0,540214.03,4183486.89
4446,R1-299,EDISTRIBUCIÓN REDES DIGITALES S.L.U.,Granada,Huéscar,540214.03,4183486.89,HUESCAR,20,0,No,9.29,0,0,540214.03,4183486.89
4447,R1-299,EDISTRIBUCIÓN REDES DIGITALES S.L.U.,Granada,Vélez de Benaudalla,453842.56,4077308.78,IZBOR,66,0,No,0,0,0,453842.56,4077308.78
4448,R1-299,EDISTRIBUCIÓN REDES DIGITALES S.L.U.,Granada,Iznalloz,452890.24,4137239.79,IZNALLOZ,66,0,No,0,0,0,452890.24,4137239.79
4449,R1-299,EDISTRIBUCIÓN REDES DIGITALES S.L.U.,Granada,Iznalloz,452890.24,4137239.79,IZNALLOZ,20,0,No,13.63,0,0,452890.24,4137239.79
4450,R1-299,EDISTRIBUCIÓN REDES DIGITALES S.L.U.,Granada,Zújar,514693.34,4159510.98,JABALCON,132,0,No,23.83,0,0,514693.34,4159510.98
4451,R1-299,EDISTRIBUCIÓN REDES DIGITALES S.L.U.,Granada,Zújar,514693.34,4159510.98,JABALCON,20,0,No,5.53,0,0,514693.34,4159510.98
4452,R1-299,EDISTRIBUCIÓN REDES DIGITALES S.L.U.,Granada,Albolote,442556.7,4121289.8,JUNCARIL,66,0,No,7.55,0,0,442556.7,4121289.8
4453,R1-299,EDISTRIBUCIÓN REDES DIGITALES S.L.U.,Granada,Albolote,442556.7,4121289.8,JUNCARIL,20,0,No,28.93,0,0,442556.7,4121289.8
4454,R1-299,EDISTRIBUCIÓN REDES DIGITALES S.L.U.,Granada,Nigüelas,450801.65,4090853.15,LECRIN,66,0,No,0,0,0,450801.65,4090853.15
4455,R1-299,EDISTRIBUCIÓN REDES DIGITALES S.L.U.,Granada,Loja,395755.05,4115741.05,LOJA,132,0,No,0,0,0,395755.05,4115741.05
4456,R1-299,EDISTRIBUCIÓN REDES DIGITALES S.L.U.,Granada,Loja,395755.05,4115741.05,LOJA,66,0,No,0,0,0,395755.05,4115741.05
4457,R1-299,EDISTRIBUCIÓN REDES DIGITALES S.L.U.,Granada,Loja,395755.05,4115741.05,LOJA,20,0,No,27.17,0,0,395755.05,4115741.05
4458,R1-299,EDISTRIBUCIÓN REDES DIGITALES S.L.U.,Granada,Motril,451618.89,4065303.91,MOTRIL,132,0,No,67.93,0,0,451618.89,4065303.91
4459,R1-299,EDISTRIBUCIÓN REDES DIGITALES S.L.U.,Granada,Motril,451618.89,4065303.91,MOTRIL,66,0,No,0,0,0,451618.89,4065303.91
4460,R1-299,EDISTRIBUCIÓN REDES DIGITALES S.L.U.,Granada,Órgiva,462476.32,4083290.25,ORGIVA,132,0,No,0,0,0,462476.32,4083290.25
4461,R1-299,EDISTRIBUCIÓN REDES DIGITALES S.L.U.,Granada,Órgiva,462476.32,4083290.25,ORGIVA,66,0,No,0,0,0,462476.32,4083290.25
4462,R1-299,EDISTRIBUCIÓN REDES DIGITALES S.L.U.,Granada,Órgiva,462476.32,4083290.25,ORGIVA,20,0,No,8.88,0,0,462476.32,4083290.25
4463,R1-299,EDISTRIBUCIÓN REDES DIGITALES S.L.U.,Granada,Villa de Otura,444977.83,4104605.29,OTURA,66,0,No,0,0,0,444977.83,4104605.29
4464,R1-299,EDISTRIBUCIÓN REDES DIGITALES S.L.U.,Granada,Villa de Otura,444977.83,4104605.29,OTURA,20,0,No,33,0,0,444977.83,4104605.29
4465,R1-299,EDISTRIBUCIÓN REDES DIGITALES S.L.U.,Granada,Pampaneira,467732.75,4088469.66,PAMPANEI,66,0,No,0,0,0,467732.75,4088469.66
4466,R1-299,EDISTRIBUCIÓN REDES DIGITALES S.L.U.,Granada,Pampaneira,467732.75,4088469.66,PAMPANEI,20,0,No,4.17,0,0,467732.75,4088469.66
4467,R1-299,EDISTRIBUCIÓN REDES DIGITALES S.L.U.,Granada,Villanueva Mesía,409807.27,4121222.07,PETRA,132,0,No,0,0,0,409807.27,4121222.07
4468,R1-299,EDISTRIBUCIÓN REDES DIGITALES S.L.U.,Granada,Villanueva Mesía,409807.27,4121222.07,PETRA,20,0,No,28.52,7.51,0,409807.27,4121222.07
4469,R1-299,EDISTRIBUCIÓN REDES DIGITALES S.L.U.,Granada,Pedro Martínez,479233.67,4150743.44,PMARTINE,66,0,No,0,0,0,479233.67,4150743.44
4470,R1-299,EDISTRIBUCIÓN REDES DIGITALES S.L.U.,Granada,Pedro Martínez,479233.67,4150743.44,PMARTINE,20,0,No,6.6,0,0,479233.67,4150743.44
4471,R1-299,EDISTRIBUCIÓN REDES DIGITALES S.L.U.,Granada,Monachil,464323.34,4105430.74,PRADOLLA,66,0,No,0,0,0,464323.34,4105430.74
4472,R1-299,EDISTRIBUCIÓN REDES DIGITALES S.L.U.,Granada,Monachil,464323.34,4105430.74,PRADOLLA,20,0,No,15.82,0,0,464323.34,4105430.74
4473,R1-299,EDISTRIBUCIÓN REDES DIGITALES S.L.U.,Granada,Pulianas,445841.11,4119120.93,PULIANAS,66,0,No,0,0,0,445841.11,4119120.93
4474,R1-299,EDISTRIBUCIÓN REDES DIGITALES S.L.U.,Granada,Pulianas,445841.11,4119120.93,PULIANAS,20,0,No,68.51,0,0,445841.11,4119120.93
4475,R1-299,EDISTRIBUCIÓN REDES DIGITALES S.L.U.,Granada,Granada,446844.26,4115639.95,S_ANTONI,66,0,No,0,0,0,446844.26,4115639.95
4476,R1-299,EDISTRIBUCIÓN REDES DIGITALES S.L.U.,Granada,Granada,446844.26,4115639.95,S_ANTONI,20,0,No,58.02,0,0,446844.26,4115639.95
4477,R1-299,EDISTRIBUCIÓN REDES DIGITALES S.L.U.,Granada,Motril,450668.51,4066802.08,S_ISABEL,66,0,No,0,0,0,450668.51,4066802.08
4478,R1-299,EDISTRIBUCIÓN REDES DIGITALES S.L.U.,Granada,Motril,450668.51,4066802.08,S_ISABEL,20,0,No,26.72,0.38,0,450668.51,4066802.08
4479,R1-299,EDISTRIBUCIÓN REDES DIGITALES S.L.U.,Granada,Santa Fe,434524.5,4115495.85,SANTA_FE,66,0,No,0,0,0,434524.5,4115495.85
4480,R1-299,EDISTRIBUCIÓN REDES DIGITALES S.L.U.,Granada,Santa Fe,434524.5,4115495.85,SANTA_FE,20,0,No,27.71,0,0,434524.5,4115495.85
4481,R1-299,EDISTRIBUCIÓN REDES DIGITALES S.L.U.,Granada,Pinos Puente,432693.59,4122401.98,SIERRASU,66,0,No,0,0,0,432693.59,4122401.98
4482,R1-299,EDISTRIBUCIÓN REDES DIGITALES S.L.U.,Granada,Pinos Puente,432693.59,4122401.98,SIERRASU,20,0,No,22.59,0,0,432693.59,4122401.98
4483,R1-299,EDISTRIBUCIÓN REDES DIGITALES S.L.U.,Granada,"Pinar, El",453820.96,4085898.45,TABLATE,66,0,No,0,0,0,453820.96,4085898.45
4484,R1-299,EDISTRIBUCIÓN REDES DIGITALES S.L.U.,Granada,"Pinar, El",453820.96,4085898.45,TABLATE,20,0,No,6.3,0,0,453820.96,4085898.45
4485,R1-299,EDISTRIBUCIÓN REDES DIGITALES S.L.U.,Granada,Padul,438667.61,4094141.85,VALCAIRE,132,0,No,0,20,0,438667.61,4094141.85
4486,R1-299,EDISTRIBUCIÓN REDES DIGITALES S.L.U.,Granada,Granada,447332.88,4111010.47,ZAIDIN,66,0,No,0,0,0,447332.88,4111010.47
4487,R1-299,EDISTRIBUCIÓN REDES DIGITALES S.L.U.,Granada,Granada,447332.88,4111010.47,ZAIDIN,20,0,No,62.95,0,0,447332.88,4111010.47
4488,R1-299,EDISTRIBUCIÓN REDES DIGITALES S.L.U.,Huelva,Almonte,185786.01,4131012.64,ALMONTE,66,0,No,0,0,0,185786.01,4131012.64
4489,R1-299,EDISTRIBUCIÓN REDES DIGITALES S.L.U.,Huelva,Almonte,185786.01,4131012.64,ALMONTE,15,0,No,2.34,0,0,185786.01,4131012.64
4490,R1-299,EDISTRIBUCIÓN REDES DIGITALES S.L.U.,Huelva,Huelva,158053.15,4136488.7,ALQUERIA,66,0,No,0,0,0,158053.15,4136488.7
4491,R1-299,EDISTRIBUCIÓN REDES DIGITALES S.L.U.,Huelva,Huelva,158053.15,4136488.7,ALQUERIA,15,0,No,9.75,0,0,158053.15,4136488.7
4492,R1-299,EDISTRIBUCIÓN REDES DIGITALES S.L.U.,Huelva,Lepe,124423.92,4128516.74,533384804,66,0,No,0,0,0,124423.92,4128516.74
4493,R1-299,EDISTRIBUCIÓN REDES DIGITALES S.L.U.,Huelva,Lepe,124423.92,4128516.74,533384804,15,0,No,9.94,0,0,124423.92,4128516.74
4494,R1-299,EDISTRIBUCIÓN REDES DIGITALES S.L.U.,Huelva,Ayamonte,111296.93,4128222,AYAMONTE,66,0,No,18.61,0,0,111296.93,4128222
4495,R1-299,EDISTRIBUCIÓN REDES DIGITALES S.L.U.,Huelva,Ayamonte,111296.93,4128222,AYAMONTE,15,0,No,26.46,0,0,111296.93,4128222
4496,R1-299,EDISTRIBUCIÓN REDES DIGITALES S.L.U.,Huelva,Punta Umbría,142516.41,4125716.03,BOTA,66,0,No,0,0,0,142516.41,4125716.03
4497,R1-299,EDISTRIBUCIÓN REDES DIGITALES S.L.U.,Huelva,Punta Umbría,142516.41,4125716.03,BOTA,15,0,No,38.71,0,0,142516.41,4125716.03
4498,R1-299,EDISTRIBUCIÓN REDES DIGITALES S.L.U.,Huelva,Calañas,158182.29,4173966.91,CALANAS,66,0,No,38,0,0,158182.29,4173966.91
4499,R1-299,EDISTRIBUCIÓN REDES DIGITALES S.L.U.,Huelva,Calañas,158182.29,4173966.91,CALANAS,15,0,No,12.32,0,0,158182.29,4173966.91
4500,R1-299,EDISTRIBUCIÓN REDES DIGITALES S.L.U.,Huelva,Cartaya,135584.76,4136102.08,CARTAYA,66,0,No,0,0,0,135584.76,4136102.08
4501,R1-001,"i-DE REDES ELÉCTRICAS INTELIGENTES, S.A.U",Valladolid,Peñafiel,407902.74,4607553.73,STR PENAFIEL II,13,0,No,4.5,2.02,0,407902.74,4607553.73
4502,R1-001,"i-DE REDES ELÉCTRICAS INTELIGENTES, S.A.U",Valladolid,Peñafiel,407902.74,4607553.73,STR PENAFIEL II,45,0,No,1.3,0,0,407902.74,4607553.73
4503,R1-001,"i-DE REDES ELÉCTRICAS INTELIGENTES, S.A.U",Valladolid,Valladolid,355517.52,4608945.6,STR POLIGONO ARGALES,45,0,No,0,0,0,355517.52,4608945.6
4504,R1-001,"i-DE REDES ELÉCTRICAS INTELIGENTES, S.A.U",Valladolid,Valladolid,355517.52,4608945.6,STR POLIGONO ARGALES,45,0,No,0,0,0,355517.52,4608945.6
4505,R1-001,"i-DE REDES ELÉCTRICAS INTELIGENTES, S.A.U",Valladolid,Valladolid,355517.52,4608945.6,STR POLIGONO ARGALES,13,0,No,9.65,0,0,355517.52,4608945.6
4506,R1-001,"i-DE REDES ELÉCTRICAS INTELIGENTES, S.A.U",Valladolid,Valladolid,355517.52,4608945.6,STR POLIGONO ARGALES,13,0,No,11.7,0,0,355517.52,4608945.6
4507,R1-001,"i-DE REDES ELÉCTRICAS INTELIGENTES, S.A.U",Valladolid,Quintanilla de Onésimo,385827.99,4608958.47,STR QUINTANI ONESIMO,45,0,No,0,0,0,385827.99,4608958.47
4508,R1-001,"i-DE REDES ELÉCTRICAS INTELIGENTES, S.A.U",Valladolid,Quintanilla de Onésimo,385827.99,4608958.47,STR QUINTANI ONESIMO,13,0,No,5.23,0,0,385827.99,4608958.47
4509,R1-001,"i-DE REDES ELÉCTRICAS INTELIGENTES, S.A.U",Valladolid,Valladolid,357609.13,4610918,STR SAN ISIDRO,13,0,No,6.36,0,0,357609.13,4610918
4510,R1-001,"i-DE REDES ELÉCTRICAS INTELIGENTES, S.A.U",Valladolid,Valladolid,357609.13,4610918,STR SAN ISIDRO,45,0,No,0,0,0,357609.13,4610918
4511,R1-001,"i-DE REDES ELÉCTRICAS INTELIGENTES, S.A.U",Valladolid,Serrada,343644.72,4591747.41,STR SERRADA,13,0,No,3.94,0,0,343644.72,4591747.41
4512,R1-001,"i-DE REDES ELÉCTRICAS INTELIGENTES, S.A.U",Valladolid,Serrada,343644.72,4591747.41,STR SERRADA,45,0,No,0,0,0,343644.72,4591747.41
4513,R1-001,"i-DE REDES ELÉCTRICAS INTELIGENTES, S.A.U",Valladolid,Tordesillas,332870.2,4595361.73,STR TORDESILLAS VEGA,13,0,No,3.55,0,0,332870.2,4595361.73
4514,R1-001,"i-DE REDES ELÉCTRICAS INTELIGENTES, S.A.U",Valladolid,Tordesillas,332870.2,4595361.73,STR TORDESILLAS VEGA,45,0,No,0,0,0,332870.2,4595361.73
4515,R1-001,"i-DE REDES ELÉCTRICAS INTELIGENTES, S.A.U",Valladolid,Tudela de Duero,369052.42,4604537.46,STR TUDELA DE DUERO,13,0,No,9.65,0,0,369052.42,4604537.46
4516,R1-001,"i-DE REDES ELÉCTRICAS INTELIGENTES, S.A.U",Valladolid,Tudela de Duero,369052.42,4604537.46,STR TUDELA DE DUERO,45,4.8,No,0.9,0,0,369052.42,4604537.46
4517,R1-001,"i-DE REDES ELÉCTRICAS INTELIGENTES, S.A.U",Valladolid,Pedrosa del Rey,315909.03,4598140.09,STR VILLAESTER,13,0,No,3,0,0,315909.03,4598140.09
4518,R1-001,"i-DE REDES ELÉCTRICAS INTELIGENTES, S.A.U",Valladolid,Pedrosa del Rey,315909.03,4598140.09,STR VILLAESTER,45,0,No,0.4,0,0,315909.03,4598140.09
4519,R1-001,"i-DE REDES ELÉCTRICAS INTELIGENTES, S.A.U",Valladolid,Villafuerte,389204.79,4621407.63,STR VILLAFUERTE,13,0,No,1.66,0,0,389204.79,4621407.63
4520,R1-001,"i-DE REDES ELÉCTRICAS INTELIGENTES, S.A.U",Valladolid,Villafuerte,389204.79,4621407.63,STR VILLAFUERTE,45,0,No,0,0,0,389204.79,4621407.63
4521,R1-001,"i-DE REDES ELÉCTRICAS INTELIGENTES, S.A.U",Valladolid,Villalón de Campos,331182.11,4662794.41,STR VILLALON,13,0,No,1.8,0,0,331182.11,4662794.41
4522,R1-001,"i-DE REDES ELÉCTRICAS INTELIGENTES, S.A.U",Valladolid,Villalón de Campos,331182.11,4662794.41,STR VILLALON,45,0,No,0,0,0,331182.11,4662794.41
4523,R1-001,"i-DE REDES ELÉCTRICAS INTELIGENTES, S.A.U",Valladolid,Villardefrades,312072.44,4620869.84,STR VILLARDEFRADES,13,0,No,3.58,0,0,312072.44,4620869.84
4524,R1-001,"i-DE REDES ELÉCTRICAS INTELIGENTES, S.A.U",Valladolid,Villardefrades,312072.44,4620869.84,STR VILLARDEFRADES,45,0,No,0,0,0,312072.44,4620869.84
4525,R1-001,"i-DE REDES ELÉCTRICAS INTELIGENTES, S.A.U",Valladolid,Valladolid,357469,4609908.86,STR ZAMBRANA,13,0,No,6.99,0,0,357469,4609908.86
4526,R1-001,"i-DE REDES ELÉCTRICAS INTELIGENTES, S.A.U",Valladolid,Valladolid,357469,4609908.86,STR ZAMBRANA,45,0,No,0,0,0,357469,4609908.86
4527,R1-001,"i-DE REDES ELÉCTRICAS INTELIGENTES, S.A.U",Valladolid,Valladolid,357469,4609908.86,STR ZAMBRANA,45,0,No,0,0,0,357469,4609908.86
4528,R1-001,"i-DE REDES ELÉCTRICAS INTELIGENTES, S.A.U",Valladolid,Valladolid,357469,4609908.86,STR ZAMBRANA,13,0,No,3.1,0,0,357469,4609908.86
4529,R1-001,"i-DE REDES ELÉCTRICAS INTELIGENTES, S.A.U",Bizkaia,Sondika,505982.39,4791912.45,SM ARTXANDA,132,0,No,0,0,1,505982.39,4791912.45
4530,R1-001,"i-DE REDES ELÉCTRICAS INTELIGENTES, S.A.U",Bizkaia,Sondika,505982.39,4791912.45,SM ARTXANDA,132,0,No,0,0,1,505982.39,4791912.45
4531,R1-001,"i-DE REDES ELÉCTRICAS INTELIGENTES, S.A.U",Bizkaia,Abadiño,532759.94,4776356.68,ST ABADIANO,132,0,No,55.33,0,1,532759.94,4776356.68
4532,R1-001,"i-DE REDES ELÉCTRICAS INTELIGENTES, S.A.U",Bizkaia,Abadiño,532759.94,4776356.68,ST ABADIANO,30,0,No,105.7,0,0,532759.94,4776356.68
4533,R1-001,"i-DE REDES ELÉCTRICAS INTELIGENTES, S.A.U",Bizkaia,Abanto y Ciérvana-Abanto Zierbena,492922.95,4797290.55,ST ABANTO,132,0,No,110.34,0,0,492922.95,4797290.55
4534,R1-001,"i-DE REDES ELÉCTRICAS INTELIGENTES, S.A.U",Bizkaia,Abanto y Ciérvana-Abanto Zierbena,492922.95,4797290.55,ST ABANTO,132,0,No,0,0,0,492922.95,4797290.55
4535,R1-001,"i-DE REDES ELÉCTRICAS INTELIGENTES, S.A.U",Bizkaia,Abanto y Ciérvana-Abanto Zierbena,492922.95,4797290.55,ST ABANTO,30,0,No,70.85,3,0,492922.95,4797290.55
4536,R1-001,"i-DE REDES ELÉCTRICAS INTELIGENTES, S.A.U",Bizkaia,Bilbao,501430.7,4788233.7,ST ALONSOTEGI,132,0,No,118.58,0,0,501430.7,4788233.7
4537,R1-001,"i-DE REDES ELÉCTRICAS INTELIGENTES, S.A.U",Bizkaia,Bilbao,501430.7,4788233.7,ST ALONSOTEGI,30,0,No,19.54,0,0,501430.7,4788233.7
4538,R1-001,"i-DE REDES ELÉCTRICAS INTELIGENTES, S.A.U",Bizkaia,Lemoiz,509429.73,4808497.02,ST ARMINTZA,132,0,No,0.45,0,0,509429.73,4808497.02
4539,R1-001,"i-DE REDES ELÉCTRICAS INTELIGENTES, S.A.U",Bizkaia,Erandio,503892,4793796.46,ST ASUA,13,0,No,17.52,3.97,0,503892,4793796.46
4540,R1-001,"i-DE REDES ELÉCTRICAS INTELIGENTES, S.A.U",Bizkaia,Erandio,503892,4793796.46,ST ASUA,13,0,No,9.99,0,0,503892,4793796.46
4541,R1-001,"i-DE REDES ELÉCTRICAS INTELIGENTES, S.A.U",Bizkaia,Erandio,503892,4793796.46,ST ASUA,132,0,No,0,0,1,503892,4793796.46
4542,R1-001,"i-DE REDES ELÉCTRICAS INTELIGENTES, S.A.U",Bizkaia,Erandio,503892,4793796.46,ST ASUA,132,0,No,29.5,0,1,503892,4793796.46
4543,R1-001,"i-DE REDES ELÉCTRICAS INTELIGENTES, S.A.U",Bizkaia,Erandio,503892,4793796.46,ST ASUA,30,0,No,33.57,0,0,503892,4793796.46
4544,R1-001,"i-DE REDES ELÉCTRICAS INTELIGENTES, S.A.U",Bizkaia,Basauri,508515.71,4785343.32,ST BASAURI,132,0,No,28.66,0,1,508515.71,4785343.32
4545,R1-001,"i-DE REDES ELÉCTRICAS INTELIGENTES, S.A.U",Bizkaia,Basauri,508515.71,4785343.32,ST BASAURI,13,0,No,2.58,0,0,508515.71,4785343.32
4546,R1-001,"i-DE REDES ELÉCTRICAS INTELIGENTES, S.A.U",Bizkaia,Basauri,508515.71,4785343.32,ST BASAURI,13,0,No,2.66,0,0,508515.71,4785343.32
4547,R1-001,"i-DE REDES ELÉCTRICAS INTELIGENTES, S.A.U",Bizkaia,Basauri,508515.71,4785343.32,ST BASAURI,30,0,No,21.71,0,0,508515.71,4785343.32
4548,R1-001,"i-DE REDES ELÉCTRICAS INTELIGENTES, S.A.U",Bizkaia,Zeanuri,521549.49,4769677.92,ST CH BARAZAR,132,0,No,0,0,0,521549.49,4769677.92
4549,R1-001,"i-DE REDES ELÉCTRICAS INTELIGENTES, S.A.U",Bizkaia,Zeanuri,521549.49,4769677.92,ST CH BARAZAR,13,0,No,0.42,0,0,521549.49,4769677.92
4550,R1-001,"i-DE REDES ELÉCTRICAS INTELIGENTES, S.A.U",Bizkaia,Bilbao,503884.39,4791633.43,ST DEUSTO,13,0,No,24.17,0,0,503884.39,4791633.43
4551,R1-001,"i-DE REDES ELÉCTRICAS INTELIGENTES, S.A.U",Bizkaia,Bilbao,503884.39,4791633.43,ST DEUSTO,13,0,No,9.82,0,0,503884.39,4791633.43
4552,R1-001,"i-DE REDES ELÉCTRICAS INTELIGENTES, S.A.U",Bizkaia,Bilbao,503884.39,4791633.43,ST DEUSTO,132,0,No,0,0,1,503884.39,4791633.43
4553,R1-001,"i-DE REDES ELÉCTRICAS INTELIGENTES, S.A.U",Bizkaia,Bilbao,503884.39,4791633.43,ST DEUSTO,132,0,No,0,0,1,503884.39,4791633.43
4554,R1-001,"i-DE REDES ELÉCTRICAS INTELIGENTES, S.A.U",Bizkaia,Amorebieta-Etxano,524589.39,4782671.83,ST EUBA,132,0,No,0,0,1,524589.39,4782671.83
4555,R1-001,"i-DE REDES ELÉCTRICAS INTELIGENTES, S.A.U",Bizkaia,Amorebieta-Etxano,524589.39,4782671.83,ST EUBA,132,0,No,0,0,1,524589.39,4782671.83
4556,R1-001,"i-DE REDES ELÉCTRICAS INTELIGENTES, S.A.U",Bizkaia,Amorebieta-Etxano,524589.39,4782671.83,ST EUBA,30,0,No,30.73,0,0,524589.39,4782671.83
4557,R1-001,"i-DE REDES ELÉCTRICAS INTELIGENTES, S.A.U",Bizkaia,Getxo,500158.72,4799014.97,ST FADURA,132,0,No,0,0,1,500158.72,4799014.97
4558,R1-001,"i-DE REDES ELÉCTRICAS INTELIGENTES, S.A.U",Bizkaia,Getxo,500158.72,4799014.97,ST FADURA,132,0,No,0,0,1,500158.72,4799014.97
4559,R1-001,"i-DE REDES ELÉCTRICAS INTELIGENTES, S.A.U",Bizkaia,Getxo,500158.72,4799014.97,ST FADURA,13,0,No,8.06,0,0,500158.72,4799014.97
4560,R1-001,"i-DE REDES ELÉCTRICAS INTELIGENTES, S.A.U",Bizkaia,Getxo,500158.72,4799014.97,ST FADURA,13,0,No,11.69,0,0,500158.72,4799014.97
4561,R1-001,"i-DE REDES ELÉCTRICAS INTELIGENTES, S.A.U",Bizkaia,Galdakao,510895.91,4787354.09,ST GALDAKAO,132,0,No,0,0,1,510895.91,4787354.09
4562,R1-001,"i-DE REDES ELÉCTRICAS INTELIGENTES, S.A.U",Bizkaia,Galdakao,510895.91,4787354.09,ST GALDAKAO,132,0,No,0,0,1,510895.91,4787354.09
4563,R1-001,"i-DE REDES ELÉCTRICAS INTELIGENTES, S.A.U",Bizkaia,Galdakao,510895.91,4787354.09,ST GALDAKAO,30,0,No,45.02,0,0,510895.91,4787354.09
4564,R1-001,"i-DE REDES ELÉCTRICAS INTELIGENTES, S.A.U",Bizkaia,Gatika,509697.1,4799642.07,ST GATIKA,132,0,No,0,0,1,509697.1,4799642.07
4565,R1-001,"i-DE REDES ELÉCTRICAS INTELIGENTES, S.A.U",Bizkaia,Ajangiz,526851.98,4796089.39,ST GERNIKA,13,0,No,4.28,0,0,526851.98,4796089.39
4566,R1-001,"i-DE REDES ELÉCTRICAS INTELIGENTES, S.A.U",Bizkaia,Ajangiz,526851.98,4796089.39,ST GERNIKA,30,0,No,0,0,0,526851.98,4796089.39
4567,R1-001,"i-DE REDES ELÉCTRICAS INTELIGENTES, S.A.U",Bizkaia,Ajangiz,526851.98,4796089.39,ST GERNIKA,13,0,No,7.59,0,0,526851.98,4796089.39
4568,R1-001,"i-DE REDES ELÉCTRICAS INTELIGENTES, S.A.U",Bizkaia,Ajangiz,526851.98,4796089.39,ST GERNIKA,30,0,No,0,0,0,526851.98,4796089.39
4569,R1-001,"i-DE REDES ELÉCTRICAS INTELIGENTES, S.A.U",Bizkaia,Güeñes,491541.45,4783446.12,ST LA JARA,30,0,No,76.62,0,1,491541.45,4783446.12
4570,R1-001,"i-DE REDES ELÉCTRICAS INTELIGENTES, S.A.U",Bizkaia,Bilbao,505394.31,4787834.58,ST LARRASKITU,132,0,No,0,0,0,505394.31,4787834.58
4571,R1-001,"i-DE REDES ELÉCTRICAS INTELIGENTES, S.A.U",Bizkaia,Bilbao,505394.31,4787834.58,ST LARRASKITU,13,0,No,23.34,0,0,505394.31,4787834.58
4572,R1-001,"i-DE REDES ELÉCTRICAS INTELIGENTES, S.A.U",Bizkaia,Bilbao,505394.31,4787834.58,ST LARRASKITU,13,0,No,18.6,0,0,505394.31,4787834.58
4573,R1-001,"i-DE REDES ELÉCTRICAS INTELIGENTES, S.A.U",Bizkaia,Bilbao,505394.31,4787834.58,ST LARRASKITU,13,0,No,22.14,0,0,505394.31,4787834.58
4574,R1-001,"i-DE REDES ELÉCTRICAS INTELIGENTES, S.A.U",Bizkaia,Bilbao,505394.31,4787834.58,ST LARRASKITU,30,0,No,17.69,0,0,505394.31,4787834.58
4575,R1-001,"i-DE REDES ELÉCTRICAS INTELIGENTES, S.A.U",Bizkaia,Leioa,501689.98,4797204.34,ST LEJONA,132,0,No,0,0,1,501689.98,4797204.34
4576,R1-001,"i-DE REDES ELÉCTRICAS INTELIGENTES, S.A.U",Bizkaia,Leioa,501689.98,4797204.34,ST LEJONA,132,0,No,0,0,1,501689.98,4797204.34
4577,R1-001,"i-DE REDES ELÉCTRICAS INTELIGENTES, S.A.U",Bizkaia,Leioa,501689.98,4797204.34,ST LEJONA,30,0,No,30.27,0,0,501689.98,4797204.34
4578,R1-001,"i-DE REDES ELÉCTRICAS INTELIGENTES, S.A.U",Bizkaia,Lemoa,519615,4784389.42,ST LEMOA,132,0,No,0,0,1,519615,4784389.42
4579,R1-001,"i-DE REDES ELÉCTRICAS INTELIGENTES, S.A.U",Bizkaia,Lemoa,519615,4784389.42,ST LEMOA,132,0,No,0,0,1,519615,4784389.42
4580,R1-001,"i-DE REDES ELÉCTRICAS INTELIGENTES, S.A.U",Bizkaia,Lemoa,519615,4784389.42,ST LEMOA,30,0,No,66,0,0,519615,4784389.42
4581,R1-001,"i-DE REDES ELÉCTRICAS INTELIGENTES, S.A.U",Bizkaia,Bilbao,505229.27,4790525.43,ST MAZARREDO,132,0,No,0,0,1,505229.27,4790525.43
4582,R1-001,"i-DE REDES ELÉCTRICAS INTELIGENTES, S.A.U",Bizkaia,Bilbao,505229.27,4790525.43,ST MAZARREDO,132,0,No,0,0,1,505229.27,4790525.43
4583,R1-001,"i-DE REDES ELÉCTRICAS INTELIGENTES, S.A.U",Bizkaia,Bilbao,505229.27,4790525.43,ST MAZARREDO,13,0,No,12.66,0,0,505229.27,4790525.43
4584,R1-001,"i-DE REDES ELÉCTRICAS INTELIGENTES, S.A.U",Bizkaia,Bilbao,505229.27,4790525.43,ST MAZARREDO,13,0,No,10.35,0,0,505229.27,4790525.43
4585,R1-001,"i-DE REDES ELÉCTRICAS INTELIGENTES, S.A.U",Bizkaia,Bilbao,505229.27,4790525.43,ST MAZARREDO,13,0,No,9.91,0,0,505229.27,4790525.43
4586,R1-001,"i-DE REDES ELÉCTRICAS INTELIGENTES, S.A.U",Bizkaia,Bilbao,505229.27,4790525.43,ST MAZARREDO,13,0,No,14.39,0,0,505229.27,4790525.43
4587,R1-001,"i-DE REDES ELÉCTRICAS INTELIGENTES, S.A.U",Bizkaia,Bilbao,505229.27,4790525.43,ST MAZARREDO,30,0,No,0,0,0,505229.27,4790525.43
4588,R1-001,"i-DE REDES ELÉCTRICAS INTELIGENTES, S.A.U",Bizkaia,Mungia,514455.71,4799861.89,ST MUNGIA,132,0,No,0,0,1,514455.71,4799861.89
4589,R1-001,"i-DE REDES ELÉCTRICAS INTELIGENTES, S.A.U",Bizkaia,Mungia,514455.71,4799861.89,ST MUNGIA,132,0,No,0,0,1,514455.71,4799861.89
4590,R1-001,"i-DE REDES ELÉCTRICAS INTELIGENTES, S.A.U",Bizkaia,Mungia,514455.71,4799861.89,ST MUNGIA,30,0,No,46.18,0,0,514455.71,4799861.89
4591,R1-001,"i-DE REDES ELÉCTRICAS INTELIGENTES, S.A.U",Bizkaia,Ortuella,496942.48,4795719.74,ST ORTUELLA,132,0,No,30,0,0,496942.48,4795719.74
4592,R1-001,"i-DE REDES ELÉCTRICAS INTELIGENTES, S.A.U",Bizkaia,Ortuella,496942.48,4795719.74,ST ORTUELLA,13,0,No,9.99,0,0,496942.48,4795719.74
4593,R1-001,"i-DE REDES ELÉCTRICAS INTELIGENTES, S.A.U",Bizkaia,Ortuella,496942.48,4795719.74,ST ORTUELLA,13,0,No,11.2,0,0,496942.48,4795719.74
4594,R1-001,"i-DE REDES ELÉCTRICAS INTELIGENTES, S.A.U",Bizkaia,Ortuella,496942.48,4795719.74,ST ORTUELLA,30,0,No,47.84,0,0,496942.48,4795719.74
4595,R1-001,"i-DE REDES ELÉCTRICAS INTELIGENTES, S.A.U",Bizkaia,Barakaldo,499835.69,4792496.04,ST RETUERTO,132,0,No,30,0,0,499835.69,4792496.04
4596,R1-001,"i-DE REDES ELÉCTRICAS INTELIGENTES, S.A.U",Bizkaia,Barakaldo,499835.69,4792496.04,ST RETUERTO,30,0,No,44.83,0,0,499835.69,4792496.04
4597,R1-001,"i-DE REDES ELÉCTRICAS INTELIGENTES, S.A.U",Bizkaia,Santurtzi,495747.2,4798371.15,ST SANTURCE,30,0,No,73.85,16,1,495747.2,4798371.15
4598,R1-001,"i-DE REDES ELÉCTRICAS INTELIGENTES, S.A.U",Bizkaia,Bilbao,507775.5,4788465.24,ST TXURDINAGA,132,0,No,0,0,1,507775.5,4788465.24
4599,R1-001,"i-DE REDES ELÉCTRICAS INTELIGENTES, S.A.U",Bizkaia,Bilbao,507775.5,4788465.24,ST TXURDINAGA,132,0,No,0,0,1,507775.5,4788465.24
4600,R1-001,"i-DE REDES ELÉCTRICAS INTELIGENTES, S.A.U",Bizkaia,Bilbao,507775.5,4788465.24,ST TXURDINAGA,13,0,No,12.11,0,0,507775.5,4788465.24
4601,R1-001,"i-DE REDES ELÉCTRICAS INTELIGENTES, S.A.U",Bizkaia,Bilbao,507775.5,4788465.24,ST TXURDINAGA,13,0,No,7.72,0,0,507775.5,4788465.24
4602,R1-001,"i-DE REDES ELÉCTRICAS INTELIGENTES, S.A.U",Bizkaia,Bilbao,507775.5,4788465.24,ST TXURDINAGA,13,0,No,6.49,0,0,507775.5,4788465.24
4603,R1-001,"i-DE REDES ELÉCTRICAS INTELIGENTES, S.A.U",Bizkaia,Bilbao,507775.5,4788465.24,ST TXURDINAGA,13,0,No,7.71,0,0,507775.5,4788465.24
4604,R1-001,"i-DE REDES ELÉCTRICAS INTELIGENTES, S.A.U",Bizkaia,Zaldibar,538191.63,4780361.74,ST ZALDIBAR,30,0,No,25.77,0,0,538191.63,4780361.74
4605,R1-001,"i-DE REDES ELÉCTRICAS INTELIGENTES, S.A.U",Bizkaia,Zaldibar,538191.63,4780361.74,ST ZALDIBAR,132,0,No,0,0,1,538191.63,4780361.74
4606,R1-001,"i-DE REDES ELÉCTRICAS INTELIGENTES, S.A.U",Bizkaia,Zaldibar,538191.63,4780361.74,ST ZALDIBAR,132,0,No,0,0,1,538191.63,4780361.74
4607,R1-001,"i-DE REDES ELÉCTRICAS INTELIGENTES, S.A.U",Bizkaia,Zamudio,511025.72,4794277.98,ST ZAMUDIO,30,0,No,157.16,0,1,511025.72,4794277.98
4608,R1-001,"i-DE REDES ELÉCTRICAS INTELIGENTES, S.A.U",Bizkaia,Sestao,499001.9,4795483.89,STR ABATXOLO,13,0,No,6.29,0,0,499001.9,4795483.89
4609,R1-001,"i-DE REDES ELÉCTRICAS INTELIGENTES, S.A.U",Bizkaia,Sestao,499001.9,4795483.89,STR ABATXOLO,30,0,No,0,0,0,499001.9,4795483.89
4610,R1-001,"i-DE REDES ELÉCTRICAS INTELIGENTES, S.A.U",Bizkaia,Sestao,499001.9,4795483.89,STR ABATXOLO,13,0,No,7.74,0,0,499001.9,4795483.89
4611,R1-001,"i-DE REDES ELÉCTRICAS INTELIGENTES, S.A.U",Bizkaia,Sestao,499001.9,4795483.89,STR ABATXOLO,30,0,No,0,0,0,499001.9,4795483.89
4612,R1-001,"i-DE REDES ELÉCTRICAS INTELIGENTES, S.A.U",Bizkaia,Amorebieta-Etxano,522306.6,4784265.1,STR AMOREBIETA,13,0,No,4.26,0,0,522306.6,4784265.1
4613,R1-001,"i-DE REDES ELÉCTRICAS INTELIGENTES, S.A.U",Bizkaia,Amorebieta-Etxano,522306.6,4784265.1,STR AMOREBIETA,30,0,No,0,0,0,522306.6,4784265.1
4614,R1-001,"i-DE REDES ELÉCTRICAS INTELIGENTES, S.A.U",Bizkaia,Amorebieta-Etxano,522306.6,4784265.1,STR AMOREBIETA,13,0,No,4.42,0,0,522306.6,4784265.1
4615,R1-001,"i-DE REDES ELÉCTRICAS INTELIGENTES, S.A.U",Bizkaia,Amorebieta-Etxano,522306.6,4784265.1,STR AMOREBIETA,30,0,No,0,0,0,522306.6,4784265.1
4616,R1-001,"i-DE REDES ELÉCTRICAS INTELIGENTES, S.A.U",Bizkaia,Artzentales,479325.52,4787792.71,STR ARCENTALES,13,0,No,0.53,0,0,479325.52,4787792.71
4617,R1-001,"i-DE REDES ELÉCTRICAS INTELIGENTES, S.A.U",Bizkaia,Artzentales,479325.52,4787792.71,STR ARCENTALES,30,0,No,0,0,1,479325.52,4787792.71
4618,R1-001,"i-DE REDES ELÉCTRICAS INTELIGENTES, S.A.U",Bizkaia,Basauri,509956.27,4787470.13,STR ARIZ,13,0,No,3.9,0,0,509956.27,4787470.13
4619,R1-001,"i-DE REDES ELÉCTRICAS INTELIGENTES, S.A.U",Bizkaia,Basauri,509956.27,4787470.13,STR ARIZ,30,0,No,0,0,0,509956.27,4787470.13
4620,R1-001,"i-DE REDES ELÉCTRICAS INTELIGENTES, S.A.U",Bizkaia,Basauri,509956.27,4787470.13,STR ARIZ,13,0,No,5.27,0,0,509956.27,4787470.13
4621,R1-001,"i-DE REDES ELÉCTRICAS INTELIGENTES, S.A.U",Bizkaia,Basauri,509956.27,4787470.13,STR ARIZ,30,0,No,0,0,0,509956.27,4787470.13
4622,R1-001,"i-DE REDES ELÉCTRICAS INTELIGENTES, S.A.U",Bizkaia,Basauri,509482.68,4786629.23,STR ARTUNDUAGA,13,0,No,4.14,0,0,509482.68,4786629.23
4623,R1-001,"i-DE REDES ELÉCTRICAS INTELIGENTES, S.A.U",Bizkaia,Basauri,509482.68,4786629.23,STR ARTUNDUAGA,30,0,No,0,0,0,509482.68,4786629.23
4624,R1-001,"i-DE REDES ELÉCTRICAS INTELIGENTES, S.A.U",Bizkaia,Basauri,509482.68,4786629.23,STR ARTUNDUAGA,13,0,No,5.38,0,0,509482.68,4786629.23
4625,R1-001,"i-DE REDES ELÉCTRICAS INTELIGENTES, S.A.U",Bizkaia,Basauri,509482.68,4786629.23,STR ARTUNDUAGA,30,0,No,0,0,0,509482.68,4786629.23
4626,R1-001,"i-DE REDES ELÉCTRICAS INTELIGENTES, S.A.U",Bizkaia,Aulesti,534790.93,4793688.03,STR AULESTI,13,0,No,1.05,0,0,534790.93,4793688.03
4627,R1-001,"i-DE REDES ELÉCTRICAS INTELIGENTES, S.A.U",Bizkaia,Aulesti,534790.93,4793688.03,STR AULESTI,30,0,No,0,0,0,534790.93,4793688.03
4628,R1-001,"i-DE REDES ELÉCTRICAS INTELIGENTES, S.A.U",Bizkaia,Bakio,515075.36,4806169.15,STR BAKIO,13,0,No,0.33,0,0,515075.36,4806169.15
4629,R1-001,"i-DE REDES ELÉCTRICAS INTELIGENTES, S.A.U",Bizkaia,Bakio,515075.36,4806169.15,STR BAKIO,30,0,No,0,0,0,515075.36,4806169.15
4630,R1-001,"i-DE REDES ELÉCTRICAS INTELIGENTES, S.A.U",Bizkaia,Bakio,515075.36,4806169.15,STR BAKIO,13,0,No,0.3,0,0,515075.36,4806169.15
4631,R1-001,"i-DE REDES ELÉCTRICAS INTELIGENTES, S.A.U",Bizkaia,Bakio,515075.36,4806169.15,STR BAKIO,30,0,No,0,0,0,515075.36,4806169.15
4632,R1-001,"i-DE REDES ELÉCTRICAS INTELIGENTES, S.A.U",Bizkaia,Balmaseda,483502.28,4781381.27,STR BALMASEDA,13,0,No,2.42,0,0,483502.28,4781381.27
4633,R1-001,"i-DE REDES ELÉCTRICAS INTELIGENTES, S.A.U",Bizkaia,Balmaseda,483502.28,4781381.27,STR BALMASEDA,30,0,No,0,0,1,483502.28,4781381.27
4634,R1-001,"i-DE REDES ELÉCTRICAS INTELIGENTES, S.A.U",Bizkaia,Balmaseda,483502.28,4781381.27,STR BALMASEDA,13,0,No,1.24,0,0,483502.28,4781381.27
4635,R1-001,"i-DE REDES ELÉCTRICAS INTELIGENTES, S.A.U",Bizkaia,Balmaseda,483502.28,4781381.27,STR BALMASEDA,30,0,No,0,0,1,483502.28,4781381.27
4636,R1-001,"i-DE REDES ELÉCTRICAS INTELIGENTES, S.A.U",Bizkaia,Lemoiz,509785.83,4808497.93,STR BASORDAS,13,0,No,1.12,0,0,509785.83,4808497.93
4637,R1-001,"i-DE REDES ELÉCTRICAS INTELIGENTES, S.A.U",Bizkaia,Lemoiz,509785.83,4808497.93,STR BASORDAS,30,0,No,0,0,0,509785.83,4808497.93
4638,R1-001,"i-DE REDES ELÉCTRICAS INTELIGENTES, S.A.U",Bizkaia,Bedia,516356.63,4783856.56,STR BEDIA,13,0,No,4.04,0,0,516356.63,4783856.56
4639,R1-001,"i-DE REDES ELÉCTRICAS INTELIGENTES, S.A.U",Bizkaia,Bedia,516356.63,4783856.56,STR BEDIA,30,0,No,0,0,0,516356.63,4783856.56
4640,R1-001,"i-DE REDES ELÉCTRICAS INTELIGENTES, S.A.U",Bizkaia,Bedia,516356.63,4783856.56,STR BEDIA,13,0,No,2.1,0,0,516356.63,4783856.56
4641,R1-001,"i-DE REDES ELÉCTRICAS INTELIGENTES, S.A.U",Bizkaia,Bedia,516356.63,4783856.56,STR BEDIA,30,0,No,0,0,0,516356.63,4783856.56
4642,R1-001,"i-DE REDES ELÉCTRICAS INTELIGENTES, S.A.U",Bizkaia,Berango,500102.89,4800931.6,STR BERANGO,13,0,No,5.6,0,0,500102.89,4800931.6
4643,R1-001,"i-DE REDES ELÉCTRICAS INTELIGENTES, S.A.U",Bizkaia,Berango,500102.89,4800931.6,STR BERANGO,30,0,No,0,0,0,500102.89,4800931.6
4644,R1-001,"i-DE REDES ELÉCTRICAS INTELIGENTES, S.A.U",Bizkaia,Berango,500102.89,4800931.6,STR BERANGO,13,0,No,6.58,0,0,500102.89,4800931.6
4645,R1-001,"i-DE REDES ELÉCTRICAS INTELIGENTES, S.A.U",Bizkaia,Berango,500102.89,4800931.6,STR BERANGO,30,0,No,0,0,0,500102.89,4800931.6
4646,R1-001,"i-DE REDES ELÉCTRICAS INTELIGENTES, S.A.U",Bizkaia,Bermeo,521910.18,4806868.93,STR BERMEO,13,0,No,4.96,0,0,521910.18,4806868.93
4647,R1-001,"i-DE REDES ELÉCTRICAS INTELIGENTES, S.A.U",Bizkaia,Bermeo,521910.18,4806868.93,STR BERMEO,30,0,No,0,0,0,521910.18,4806868.93
4648,R1-001,"i-DE REDES ELÉCTRICAS INTELIGENTES, S.A.U",Bizkaia,Bermeo,521910.18,4806868.93,STR BERMEO,13,0,No,4.21,0,0,521910.18,4806868.93
4649,R1-001,"i-DE REDES ELÉCTRICAS INTELIGENTES, S.A.U",Bizkaia,Bermeo,521910.18,4806868.93,STR BERMEO,30,0,No,0,0,0,521910.18,4806868.93
4650,R1-001,"i-DE REDES ELÉCTRICAS INTELIGENTES, S.A.U",Bizkaia,Berriz,535097.87,4779818.11,STR BERRIZ,13,0,No,6.2,0,0,535097.87,4779818.11
4651,R1-001,"i-DE REDES ELÉCTRICAS INTELIGENTES, S.A.U",Bizkaia,Berriz,535097.87,4779818.11,STR BERRIZ,30,0,No,0,0,0,535097.87,4779818.11
4652,R1-001,"i-DE REDES ELÉCTRICAS INTELIGENTES, S.A.U",Bizkaia,Barakaldo,500150.54,4794367.15,STR BEURKO,13,0,No,6.89,0,0,500150.54,4794367.15
4653,R1-001,"i-DE REDES ELÉCTRICAS INTELIGENTES, S.A.U",Bizkaia,Barakaldo,500150.54,4794367.15,STR BEURKO,30,0,No,0,0,0,500150.54,4794367.15
4654,R1-001,"i-DE REDES ELÉCTRICAS INTELIGENTES, S.A.U",Bizkaia,Barakaldo,500150.54,4794367.15,STR BEURKO,13,0,No,9.5,0,0,500150.54,4794367.15
4655,R1-001,"i-DE REDES ELÉCTRICAS INTELIGENTES, S.A.U",Bizkaia,Barakaldo,500150.54,4794367.15,STR BEURKO,30,0,No,0,0,0,500150.54,4794367.15
4656,R1-001,"i-DE REDES ELÉCTRICAS INTELIGENTES, S.A.U",Bizkaia,Ea,533975.77,4802100.6,STR EA,13,0,No,1,0,0,533975.77,4802100.6
4657,R1-001,"i-DE REDES ELÉCTRICAS INTELIGENTES, S.A.U",Bizkaia,Ea,533975.77,4802100.6,STR EA,30,0,No,0,0,0,533975.77,4802100.6
4658,R1-001,"i-DE REDES ELÉCTRICAS INTELIGENTES, S.A.U",Bizkaia,Elorrio,537007.59,4774758.89,STR ELORRIO,13,0,No,9.25,0,0,537007.59,4774758.89
4659,R1-001,"i-DE REDES ELÉCTRICAS INTELIGENTES, S.A.U",Bizkaia,Elorrio,537007.59,4774758.89,STR ELORRIO,30,0,No,0,0,0,537007.59,4774758.89
4660,R1-001,"i-DE REDES ELÉCTRICAS INTELIGENTES, S.A.U",Bizkaia,Elorrio,537007.59,4774758.89,STR ELORRIO,13,0,No,1.67,0,0,537007.59,4774758.89
4661,R1-001,"i-DE REDES ELÉCTRICAS INTELIGENTES, S.A.U",Bizkaia,Elorrio,537007.59,4774758.89,STR ELORRIO,30,0,No,0,0,0,537007.59,4774758.89
4662,R1-001,"i-DE REDES ELÉCTRICAS INTELIGENTES, S.A.U",Bizkaia,Ermua,540640.75,4781633.35,STR ERMUA,13,0,No,2.95,0,0,540640.75,4781633.35
4663,R1-001,"i-DE REDES ELÉCTRICAS INTELIGENTES, S.A.U",Bizkaia,Ermua,540640.75,4781633.35,STR ERMUA,30,0,No,0,0,0,540640.75,4781633.35
4664,R1-001,"i-DE REDES ELÉCTRICAS INTELIGENTES, S.A.U",Bizkaia,Ermua,540640.75,4781633.35,STR ERMUA,13,0,No,1.39,0,0,540640.75,4781633.35
4665,R1-001,"i-DE REDES ELÉCTRICAS INTELIGENTES, S.A.U",Bizkaia,Ermua,540640.75,4781633.35,STR ERMUA,30,0,No,0,0,0,540640.75,4781633.35
4666,R1-001,"i-DE REDES ELÉCTRICAS INTELIGENTES, S.A.U",Bizkaia,Bilbao,502934.75,4791177.65,STR ETXEZURI,13,0,No,8.41,0,0,502934.75,4791177.65
4667,R1-001,"i-DE REDES ELÉCTRICAS INTELIGENTES, S.A.U",Bizkaia,Bilbao,502934.75,4791177.65,STR ETXEZURI,30,0,No,0,0,0,502934.75,4791177.65
4668,R1-001,"i-DE REDES ELÉCTRICAS INTELIGENTES, S.A.U",Bizkaia,Abanto y Ciérvana-Abanto Zierbena,493472.14,4795839.25,STR GALLARTA,13,0,No,2.69,0,0,493472.14,4795839.25
4669,R1-001,"i-DE REDES ELÉCTRICAS INTELIGENTES, S.A.U",Bizkaia,Abanto y Ciérvana-Abanto Zierbena,493472.14,4795839.25,STR GALLARTA,30,0,No,0,0,0,493472.14,4795839.25
4670,R1-001,"i-DE REDES ELÉCTRICAS INTELIGENTES, S.A.U",Bizkaia,Abanto y Ciérvana-Abanto Zierbena,493472.14,4795839.25,STR GALLARTA,13,0,No,3.76,0,0,493472.14,4795839.25
4671,R1-001,"i-DE REDES ELÉCTRICAS INTELIGENTES, S.A.U",Bizkaia,Abanto y Ciérvana-Abanto Zierbena,493472.14,4795839.25,STR GALLARTA,30,0,No,0,0,0,493472.14,4795839.25
4672,R1-001,"i-DE REDES ELÉCTRICAS INTELIGENTES, S.A.U",Bizkaia,Galdakao,511184.74,4789001.94,STR GANGUREN,13,0,No,0.31,0,0,511184.74,4789001.94
4673,R1-001,"i-DE REDES ELÉCTRICAS INTELIGENTES, S.A.U",Bizkaia,Galdakao,511184.74,4789001.94,STR GANGUREN,30,0,No,0,0,0,511184.74,4789001.94
4674,R1-001,"i-DE REDES ELÉCTRICAS INTELIGENTES, S.A.U",Bizkaia,Ispaster,539303.02,4801824.07,STR GARDATA,13,0,No,2.56,0,0,539303.02,4801824.07
4675,R1-001,"i-DE REDES ELÉCTRICAS INTELIGENTES, S.A.U",Bizkaia,Ispaster,539303.02,4801824.07,STR GARDATA,30,0,No,0,0,0,539303.02,4801824.07
4676,R1-001,"i-DE REDES ELÉCTRICAS INTELIGENTES, S.A.U",Bizkaia,Ispaster,539303.02,4801824.07,STR GARDATA,13,0,No,1.35,0,0,539303.02,4801824.07
4677,R1-001,"i-DE REDES ELÉCTRICAS INTELIGENTES, S.A.U",Bizkaia,Ispaster,539303.02,4801824.07,STR GARDATA,30,0,No,0,0,0,539303.02,4801824.07
4678,R1-001,"i-DE REDES ELÉCTRICAS INTELIGENTES, S.A.U",Bizkaia,Gordexola,495355.35,4781791.4,STR GORDEXOLA,13,0,No,3.43,0,0,495355.35,4781791.4
4679,R1-001,"i-DE REDES ELÉCTRICAS INTELIGENTES, S.A.U",Bizkaia,Gordexola,495355.35,4781791.4,STR GORDEXOLA,30,0,No,0,0,1,495355.35,4781791.4
4680,R1-001,"i-DE REDES ELÉCTRICAS INTELIGENTES, S.A.U",Bizkaia,Gorliz,505073.39,4805756.41,STR GORLIZ,13,0,No,5.57,0,0,505073.39,4805756.41
4681,R1-001,"i-DE REDES ELÉCTRICAS INTELIGENTES, S.A.U",Bizkaia,Gorliz,505073.39,4805756.41,STR GORLIZ,30,0,No,0,0,0,505073.39,4805756.41
4682,R1-001,"i-DE REDES ELÉCTRICAS INTELIGENTES, S.A.U",Bizkaia,Güeñes,492418.38,4783581.32,STR GUENES,13,0,No,6.35,0,0,492418.38,4783581.32
4683,R1-001,"i-DE REDES ELÉCTRICAS INTELIGENTES, S.A.U",Bizkaia,Güeñes,492418.38,4783581.32,STR GUENES,30,0,No,0,0,1,492418.38,4783581.32
4684,R1-001,"i-DE REDES ELÉCTRICAS INTELIGENTES, S.A.U",Bizkaia,Iurreta,529734.49,4780707.2,STR IURRETA,13,0,No,5.18,0,0,529734.49,4780707.2
4685,R1-001,"i-DE REDES ELÉCTRICAS INTELIGENTES, S.A.U",Bizkaia,Iurreta,529734.49,4780707.2,STR IURRETA,30,0,No,0,0,0,529734.49,4780707.2
4686,R1-001,"i-DE REDES ELÉCTRICAS INTELIGENTES, S.A.U",Bizkaia,Iurreta,529734.49,4780707.2,STR IURRETA,13,0,No,14.11,0,0,529734.49,4780707.2
4687,R1-001,"i-DE REDES ELÉCTRICAS INTELIGENTES, S.A.U",Bizkaia,Iurreta,529734.49,4780707.2,STR IURRETA,30,0,No,0,0,0,529734.49,4780707.2
4688,R1-001,"i-DE REDES ELÉCTRICAS INTELIGENTES, S.A.U",Bizkaia,Karrantza Harana/Valle de Carranza,471589.13,4787537.36,STR KARRANTZA,13,0,No,1.76,0,0,471589.13,4787537.36
4689,R1-001,"i-DE REDES ELÉCTRICAS INTELIGENTES, S.A.U",Bizkaia,Karrantza Harana/Valle de Carranza,471589.13,4787537.36,STR KARRANTZA,30,0,No,0,0,1,471589.13,4787537.36
4690,R1-001,"i-DE REDES ELÉCTRICAS INTELIGENTES, S.A.U",Bizkaia,Leioa,499468.07,4796987.94,STR LAMIAKO,13,0,No,11.54,0,0,499468.07,4796987.94
4691,R1-001,"i-DE REDES ELÉCTRICAS INTELIGENTES, S.A.U",Bizkaia,Leioa,499468.07,4796987.94,STR LAMIAKO,30,0,No,0,0,0,499468.07,4796987.94
4692,R1-001,"i-DE REDES ELÉCTRICAS INTELIGENTES, S.A.U",Bizkaia,Leioa,499468.07,4796987.94,STR LAMIAKO,13,0,No,7.16,0,0,499468.07,4796987.94
4693,R1-001,"i-DE REDES ELÉCTRICAS INTELIGENTES, S.A.U",Bizkaia,Leioa,499468.07,4796987.94,STR LAMIAKO,30,0,No,0,0,0,499468.07,4796987.94
4694,R1-001,"i-DE REDES ELÉCTRICAS INTELIGENTES, S.A.U",Bizkaia,Barakaldo,501093.67,4793081.24,STR LANDABURU,13,0,No,11.48,0,0,501093.67,4793081.24
4695,R1-001,"i-DE REDES ELÉCTRICAS INTELIGENTES, S.A.U",Bizkaia,Barakaldo,501093.67,4793081.24,STR LANDABURU,30,0,No,0,0,0,501093.67,4793081.24
4696,R1-001,"i-DE REDES ELÉCTRICAS INTELIGENTES, S.A.U",Bizkaia,Barakaldo,501093.67,4793081.24,STR LANDABURU,13,0,No,15.7,0,0,501093.67,4793081.24
4697,R1-001,"i-DE REDES ELÉCTRICAS INTELIGENTES, S.A.U",Bizkaia,Barakaldo,501093.67,4793081.24,STR LANDABURU,30,0,No,0,0,0,501093.67,4793081.24
4698,R1-001,"i-DE REDES ELÉCTRICAS INTELIGENTES, S.A.U",Bizkaia,Santurtzi,496817.55,4797323.89,STR LAS VINAS,13,0,No,6.5,0,0,496817.55,4797323.89
4699,R1-001,"i-DE REDES ELÉCTRICAS INTELIGENTES, S.A.U",Bizkaia,Santurtzi,496817.55,4797323.89,STR LAS VINAS,30,0,No,0,0,0,496817.55,4797323.89
4700,R1-001,"i-DE REDES ELÉCTRICAS INTELIGENTES, S.A.U",Bizkaia,Santurtzi,496817.55,4797323.89,STR LAS VINAS,13,0,No,7.79,0,0,496817.55,4797323.89
4701,R1-001,"i-DE REDES ELÉCTRICAS INTELIGENTES, S.A.U",Bizkaia,Santurtzi,496817.55,4797323.89,STR LAS VINAS,30,0,No,0,0,0,496817.55,4797323.89
4702,R1-001,"i-DE REDES ELÉCTRICAS INTELIGENTES, S.A.U",Bizkaia,Lezama,514606.74,4790310.06,STR LEZAMA,13,0,No,1.68,0,0,514606.74,4790310.06
4703,R1-001,"i-DE REDES ELÉCTRICAS INTELIGENTES, S.A.U",Bizkaia,Lezama,514606.74,4790310.06,STR LEZAMA,30,0,No,0,0,0,514606.74,4790310.06
4704,R1-001,"i-DE REDES ELÉCTRICAS INTELIGENTES, S.A.U",Bizkaia,Lezama,514606.74,4790310.06,STR LEZAMA,13,0,No,1.24,0,0,514606.74,4790310.06
4705,R1-001,"i-DE REDES ELÉCTRICAS INTELIGENTES, S.A.U",Bizkaia,Lezama,514606.74,4790310.06,STR LEZAMA,30,0,No,0,0,0,514606.74,4790310.06
4706,R1-001,"i-DE REDES ELÉCTRICAS INTELIGENTES, S.A.U",Bizkaia,Leioa,502034.66,4797530.74,STR LIBOA,13,0,No,5.49,0,0,502034.66,4797530.74
4707,R1-001,"i-DE REDES ELÉCTRICAS INTELIGENTES, S.A.U",Bizkaia,Leioa,502034.66,4797530.74,STR LIBOA,30,0,No,0,0,0,502034.66,4797530.74
4708,R1-001,"i-DE REDES ELÉCTRICAS INTELIGENTES, S.A.U",Bizkaia,Leioa,502034.66,4797530.74,STR LIBOA,13,0,No,6.04,0,0,502034.66,4797530.74
4709,R1-001,"i-DE REDES ELÉCTRICAS INTELIGENTES, S.A.U",Bizkaia,Leioa,502034.66,4797530.74,STR LIBOA,30,0,No,0,0,0,502034.66,4797530.74
4710,R1-001,"i-DE REDES ELÉCTRICAS INTELIGENTES, S.A.U",Bizkaia,Ermua,539149.64,4781461.73,STR MALLABIA,13,0,No,4.64,0,0,539149.64,4781461.73
4711,R1-001,"i-DE REDES ELÉCTRICAS INTELIGENTES, S.A.U",Bizkaia,Ermua,539149.64,4781461.73,STR MALLABIA,30,0,No,0,0,0,539149.64,4781461.73
4712,R1-001,"i-DE REDES ELÉCTRICAS INTELIGENTES, S.A.U",Bizkaia,Markina-Xemein,540818.08,4791588.51,STR MARKINA,13,0,No,5.5,0,0,540818.08,4791588.51
4713,R1-001,"i-DE REDES ELÉCTRICAS INTELIGENTES, S.A.U",Bizkaia,Markina-Xemein,540818.08,4791588.51,STR MARKINA,30,0,No,0,0,0,540818.08,4791588.51
4714,R1-001,"i-DE REDES ELÉCTRICAS INTELIGENTES, S.A.U",Bizkaia,Mungia,513789.63,4800664.91,STR MARKOSENE,13,0,No,10.53,0,0,513789.63,4800664.91
4715,R1-001,"i-DE REDES ELÉCTRICAS INTELIGENTES, S.A.U",Bizkaia,Mungia,513789.63,4800664.91,STR MARKOSENE,30,0,No,0,0,0,513789.63,4800664.91
4716,R1-001,"i-DE REDES ELÉCTRICAS INTELIGENTES, S.A.U",Bizkaia,Mungia,513789.63,4800664.91,STR MARKOSENE,13,0,No,7.61,0,0,513789.63,4800664.91
4717,R1-001,"i-DE REDES ELÉCTRICAS INTELIGENTES, S.A.U",Bizkaia,Mungia,513789.63,4800664.91,STR MARKOSENE,30,0,No,0,0,0,513789.63,4800664.91
4718,R1-001,"i-DE REDES ELÉCTRICAS INTELIGENTES, S.A.U",Bizkaia,Bilbao,503786.04,4789341.74,STR MASUSTEGI,13,0,No,6.48,0,0,503786.04,4789341.74
4719,R1-001,"i-DE REDES ELÉCTRICAS INTELIGENTES, S.A.U",Bizkaia,Bilbao,503786.04,4789341.74,STR MASUSTEGI,30,0,No,0,0,0,503786.04,4789341.74
4720,R1-001,"i-DE REDES ELÉCTRICAS INTELIGENTES, S.A.U",Bizkaia,Bilbao,503786.04,4789341.74,STR MASUSTEGI,13,0,No,4.43,0,0,503786.04,4789341.74
4721,R1-001,"i-DE REDES ELÉCTRICAS INTELIGENTES, S.A.U",Bizkaia,Bilbao,503786.04,4789341.74,STR MASUSTEGI,30,0,No,0,0,0,503786.04,4789341.74
4722,R1-001,"i-DE REDES ELÉCTRICAS INTELIGENTES, S.A.U",Bizkaia,Ugao-Miraballes,507414.63,4780756.12,STR MIRABALLES,13,0,No,4.85,0,0,507414.63,4780756.12
4723,R1-001,"i-DE REDES ELÉCTRICAS INTELIGENTES, S.A.U",Bizkaia,Ugao-Miraballes,507414.63,4780756.12,STR MIRABALLES,30,0,No,0,0,0,507414.63,4780756.12
4724,R1-001,"i-DE REDES ELÉCTRICAS INTELIGENTES, S.A.U",Bizkaia,Durango,530297.28,4778672.61,STR MONTORRETAS,13,0,No,14.11,0,0,530297.28,4778672.61
4725,R1-001,"i-DE REDES ELÉCTRICAS INTELIGENTES, S.A.U",Bizkaia,Durango,530297.28,4778672.61,STR MONTORRETAS,30,0,No,0,0,0,530297.28,4778672.61
4726,R1-001,"i-DE REDES ELÉCTRICAS INTELIGENTES, S.A.U",Bizkaia,Muskiz,490228.06,4797216.38,STR MUSKIZ,13,0,No,3.2,0,0,490228.06,4797216.38
4727,R1-001,"i-DE REDES ELÉCTRICAS INTELIGENTES, S.A.U",Bizkaia,Muskiz,490228.06,4797216.38,STR MUSKIZ,30,0,No,0,0,0,490228.06,4797216.38
4728,R1-001,"i-DE REDES ELÉCTRICAS INTELIGENTES, S.A.U",Bizkaia,Muskiz,490228.06,4797216.38,STR MUSKIZ,13,0,No,2.12,0,0,490228.06,4797216.38
4729,R1-001,"i-DE REDES ELÉCTRICAS INTELIGENTES, S.A.U",Bizkaia,Muskiz,490228.06,4797216.38,STR MUSKIZ,30,0,No,0,0,0,490228.06,4797216.38
4730,R1-001,"i-DE REDES ELÉCTRICAS INTELIGENTES, S.A.U",Bizkaia,Ondarroa,544929.28,4796512.47,STR ONDARROA,13,0,No,4.8,0,0,544929.28,4796512.47
4731,R1-001,"i-DE REDES ELÉCTRICAS INTELIGENTES, S.A.U",Bizkaia,Ondarroa,544929.28,4796512.47,STR ONDARROA,30,0,No,0.14,0,0,544929.28,4796512.47
4732,R1-001,"i-DE REDES ELÉCTRICAS INTELIGENTES, S.A.U",Bizkaia,Urduña/Orduña,498400.62,4759676.74,STR ORDUNA,13,0,No,1.82,0,0,498400.62,4759676.74
4733,R1-001,"i-DE REDES ELÉCTRICAS INTELIGENTES, S.A.U",Bizkaia,Urduña/Orduña,498400.62,4759676.74,STR ORDUNA,30,0,No,0,0,0,498400.62,4759676.74
4734,R1-001,"i-DE REDES ELÉCTRICAS INTELIGENTES, S.A.U",Bizkaia,Otxandio,527762.29,4765484.95,STR OTXANDIANO,13,0,No,0.29,0,0,527762.29,4765484.95
4735,R1-001,"i-DE REDES ELÉCTRICAS INTELIGENTES, S.A.U",Bizkaia,Otxandio,527762.29,4765484.95,STR OTXANDIANO,30,0,No,0,0,1,527762.29,4765484.95
4736,R1-001,"i-DE REDES ELÉCTRICAS INTELIGENTES, S.A.U",Bizkaia,Basauri,509142.62,4784908,STR SAN MIGUEL,30,0,No,0,0,0,509142.62,4784908
4737,R1-001,"i-DE REDES ELÉCTRICAS INTELIGENTES, S.A.U",Bizkaia,Basauri,509142.62,4784908,STR SAN MIGUEL,30,0,No,0,0,0,509142.62,4784908
4738,R1-001,"i-DE REDES ELÉCTRICAS INTELIGENTES, S.A.U",Bizkaia,Santurtzi,495569.67,4798410.81,STR SANTURCE,13,0,No,1.45,0,0,495569.67,4798410.81
4739,R1-001,"i-DE REDES ELÉCTRICAS INTELIGENTES, S.A.U",Bizkaia,Santurtzi,495569.67,4798410.81,STR SANTURCE,30,0,No,0,0,1,495569.67,4798410.81
4740,R1-001,"i-DE REDES ELÉCTRICAS INTELIGENTES, S.A.U",Bizkaia,Sopela,502161.34,4802888.46,STR SOPELANA,13,0,No,5.84,0,0,502161.34,4802888.46
4741,R1-001,"i-DE REDES ELÉCTRICAS INTELIGENTES, S.A.U",Bizkaia,Sopela,502161.34,4802888.46,STR SOPELANA,30,0,No,0,0,0,502161.34,4802888.46
4742,R1-001,"i-DE REDES ELÉCTRICAS INTELIGENTES, S.A.U",Bizkaia,Sopuerta,487734.85,4790786.19,STR SOPUERTA,13,0,No,2.75,0,0,487734.85,4790786.19
4743,R1-001,"i-DE REDES ELÉCTRICAS INTELIGENTES, S.A.U",Bizkaia,Sopuerta,487734.85,4790786.19,STR SOPUERTA,30,0,No,0,0,1,487734.85,4790786.19
4744,R1-001,"i-DE REDES ELÉCTRICAS INTELIGENTES, S.A.U",Bizkaia,Galdakao,512194.54,4786971.4,STR URRETA,13,0,No,4.1,0,0,512194.54,4786971.4
4745,R1-001,"i-DE REDES ELÉCTRICAS INTELIGENTES, S.A.U",Bizkaia,Galdakao,512194.54,4786971.4,STR URRETA,30,0,No,0,0,0,512194.54,4786971.4
4746,R1-001,"i-DE REDES ELÉCTRICAS INTELIGENTES, S.A.U",Bizkaia,Galdakao,512194.54,4786971.4,STR URRETA,13,0,No,4.78,0,0,512194.54,4786971.4
4747,R1-001,"i-DE REDES ELÉCTRICAS INTELIGENTES, S.A.U",Bizkaia,Galdakao,512194.54,4786971.4,STR URRETA,30,0,No,0,0,0,512194.54,4786971.4
4748,R1-001,"i-DE REDES ELÉCTRICAS INTELIGENTES, S.A.U",Bizkaia,Igorre,518609.79,4779210.17,STR YURRE,13,0,No,4.24,0,0,518609.79,4779210.17
4749,R1-001,"i-DE REDES ELÉCTRICAS INTELIGENTES, S.A.U",Bizkaia,Igorre,518609.79,4779210.17,STR YURRE,30,0,No,0,0,0,518609.79,4779210.17
4750,R1-001,"i-DE REDES ELÉCTRICAS INTELIGENTES, S.A.U",Bizkaia,Igorre,518609.79,4779210.17,STR YURRE,13,0,No,2.01,0,0,518609.79,4779210.17
4751,R1-001,"i-DE REDES ELÉCTRICAS INTELIGENTES, S.A.U",Bizkaia,Igorre,518609.79,4779210.17,STR YURRE,30,0,No,0,0,0,518609.79,4779210.17
4752,R1-001,"i-DE REDES ELÉCTRICAS INTELIGENTES, S.A.U",Bizkaia,Derio,509359.18,4792782.43,STR ZUBIA,13,0,No,4.8,0,0,509359.18,4792782.43
4753,R1-001,"i-DE REDES ELÉCTRICAS INTELIGENTES, S.A.U",Bizkaia,Derio,509359.18,4792782.43,STR ZUBIA,30,0,No,0,0,0,509359.18,4792782.43
4754,R1-001,"i-DE REDES ELÉCTRICAS INTELIGENTES, S.A.U",Bizkaia,Derio,509359.18,4792782.43,STR ZUBIA,13,0,No,5.93,0,0,509359.18,4792782.43
4755,R1-001,"i-DE REDES ELÉCTRICAS INTELIGENTES, S.A.U",Bizkaia,Derio,509359.18,4792782.43,STR ZUBIA,30,0,No,0,0,0,509359.18,4792782.43
4756,R1-001,"i-DE REDES ELÉCTRICAS INTELIGENTES, S.A.U",Bizkaia,Barakaldo,501937.41,4790590.23,STR ZUBILETA,13,0,No,3.04,0,0,501937.41,4790590.23
4757,R1-001,"i-DE REDES ELÉCTRICAS INTELIGENTES, S.A.U",Bizkaia,Barakaldo,501937.41,4790590.23,STR ZUBILETA,30,0,No,0,0,0,501937.41,4790590.23
4758,R1-001,"i-DE REDES ELÉCTRICAS INTELIGENTES, S.A.U",Bizkaia,Barakaldo,501937.41,4790590.23,STR ZUBILETA,13,0,No,3.89,0,0,501937.41,4790590.23
4759,R1-001,"i-DE REDES ELÉCTRICAS INTELIGENTES, S.A.U",Bizkaia,Barakaldo,501937.41,4790590.23,STR ZUBILETA,30,0,No,0,0,0,501937.41,4790590.23
4760,R1-001,"i-DE REDES ELÉCTRICAS INTELIGENTES, S.A.U",Zamora,Benavente,279105.1,4654424.01,ST BENAVENTE,132,0,No,0,0,0,279105.1,4654424.01
4761,R1-001,"i-DE REDES ELÉCTRICAS INTELIGENTES, S.A.U",Zamora,Benavente,279105.1,4654424.01,ST BENAVENTE,45,0,No,3.4,0,0,279105.1,4654424.01
4762,R1-001,"i-DE REDES ELÉCTRICAS INTELIGENTES, S.A.U",Zamora,Benavente,279105.1,4654424.01,ST BENAVENTE,45,0,No,4.2,0,0,279105.1,4654424.01
4763,R1-001,"i-DE REDES ELÉCTRICAS INTELIGENTES, S.A.U",Zamora,Benavente,279105.1,4654424.01,ST BENAVENTE,13,0,No,9.5,0,0,279105.1,4654424.01
4764,R1-001,"i-DE REDES ELÉCTRICAS INTELIGENTES, S.A.U",Zamora,Benavente,279105.1,4654424.01,ST BENAVENTE,13,0,No,27.91,0,0,279105.1,4654424.01
4765,R1-001,"i-DE REDES ELÉCTRICAS INTELIGENTES, S.A.U",Zamora,Bretó,272427.43,4637000.69,ST BRETO,132,0,No,0,0,0,272427.43,4637000.69
4766,R1-001,"i-DE REDES ELÉCTRICAS INTELIGENTES, S.A.U",Zamora,Muelas del Pan,250901.61,4601378.56,ST CH RICOBAYO,132,48.26,No,0,0,0,250901.61,4601378.56
4767,R1-001,"i-DE REDES ELÉCTRICAS INTELIGENTES, S.A.U",Zamora,Muelas del Pan,250901.61,4601378.56,ST CH RICOBAYO,45,23.59,No,0,0,0,250901.61,4601378.56
4768,R1-001,"i-DE REDES ELÉCTRICAS INTELIGENTES, S.A.U",Zamora,Muelas del Pan,250901.61,4601378.56,ST CH RICOBAYO,45,14,No,0,0,0,250901.61,4601378.56
4769,R1-001,"i-DE REDES ELÉCTRICAS INTELIGENTES, S.A.U",Zamora,Villalcampo,242175.35,4597895.39,ST CH VILLALCAMPO,132,106.24,No,0,0,0,242175.35,4597895.39
4770,R1-001,"i-DE REDES ELÉCTRICAS INTELIGENTES, S.A.U",Zamora,Valcabado,271759.5,4601825.87,ST ZAMORA,45,32.07,No,33.03,0,0,271759.5,4601825.87
4771,R1-001,"i-DE REDES ELÉCTRICAS INTELIGENTES, S.A.U",Zamora,Valcabado,271759.5,4601825.87,ST ZAMORA,45,32.1,No,10.8,0,0,271759.5,4601825.87
4772,R1-001,"i-DE REDES ELÉCTRICAS INTELIGENTES, S.A.U",Zamora,"Bóveda de Toro, La",298221.73,4580467.47,STR BOVEDA DE TORO,13,0,No,3.68,0,0,298221.73,4580467.47
4773,R1-001,"i-DE REDES ELÉCTRICAS INTELIGENTES, S.A.U",Zamora,"Bóveda de Toro, La",298221.73,4580467.47,STR BOVEDA DE TORO,45,0,No,0,0,0,298221.73,4580467.47
4774,R1-001,"i-DE REDES ELÉCTRICAS INTELIGENTES, S.A.U",Zamora,Fonfría,234196.78,4607748.91,STR CH CASTRO,13,0,No,3.69,0,0,234196.78,4607748.91
4775,R1-001,"i-DE REDES ELÉCTRICAS INTELIGENTES, S.A.U",Zamora,Fonfría,234196.78,4607748.91,STR CH CASTRO,45,0,No,0,0,0,234196.78,4607748.91
4776,R1-001,"i-DE REDES ELÉCTRICAS INTELIGENTES, S.A.U",Zamora,Pereruela,259462.3,4594995.75,STR CH SAN ROMAN,13,2.4,No,2.68,0,0,259462.3,4594995.75
4777,R1-001,"i-DE REDES ELÉCTRICAS INTELIGENTES, S.A.U",Zamora,Pereruela,259462.3,4594995.75,STR CH SAN ROMAN,45,19.5,No,0,0,0,259462.3,4594995.75
4778,R1-001,"i-DE REDES ELÉCTRICAS INTELIGENTES, S.A.U",Zamora,Villar del Buey,223841.77,4579625.25,STR CIBANAL,13,0,No,4.08,0,0,223841.77,4579625.25
4779,R1-001,"i-DE REDES ELÉCTRICAS INTELIGENTES, S.A.U",Zamora,Villar del Buey,223841.77,4579625.25,STR CIBANAL,45,0,No,0,0,0,223841.77,4579625.25
4780,R1-001,"i-DE REDES ELÉCTRICAS INTELIGENTES, S.A.U",Zamora,Coreses,282226.71,4600239.19,STR CORESES,13,0,No,6.3,0,0,282226.71,4600239.19
4781,R1-001,"i-DE REDES ELÉCTRICAS INTELIGENTES, S.A.U",Zamora,Coreses,282226.71,4600239.19,STR CORESES,45,0,No,0,0,0,282226.71,4600239.19
4782,R1-001,"i-DE REDES ELÉCTRICAS INTELIGENTES, S.A.U",Zamora,Coreses,282226.71,4600239.19,STR CORESES,13,0,No,7.54,0,0,282226.71,4600239.19
4783,R1-001,"i-DE REDES ELÉCTRICAS INTELIGENTES, S.A.U",Zamora,Coreses,282226.71,4600239.19,STR CORESES,45,0,No,0,0,0,282226.71,4600239.19
4784,R1-001,"i-DE REDES ELÉCTRICAS INTELIGENTES, S.A.U",Zamora,Corrales del Vino,271891.22,4583054.86,STR CORRALES,13,0,No,0,0,0,271891.22,4583054.86
4785,R1-001,"i-DE REDES ELÉCTRICAS INTELIGENTES, S.A.U",Zamora,Corrales del Vino,271891.22,4583054.86,STR CORRALES,45,0,No,0,0,0,271891.22,4583054.86
4786,R1-001,"i-DE REDES ELÉCTRICAS INTELIGENTES, S.A.U",Zamora,Corrales del Vino,271891.22,4583054.86,STR CORRALES,13,0,No,8.72,0,0,271891.22,4583054.86
4787,R1-001,"i-DE REDES ELÉCTRICAS INTELIGENTES, S.A.U",Zamora,Corrales del Vino,271891.22,4583054.86,STR CORRALES,45,0,No,0,0,0,271891.22,4583054.86
4788,R1-001,"i-DE REDES ELÉCTRICAS INTELIGENTES, S.A.U",Zamora,Zamora,272136.89,4599936.81,STR EL TORRAO,13,0,No,17.06,0,0,272136.89,4599936.81
4789,R1-001,"i-DE REDES ELÉCTRICAS INTELIGENTES, S.A.U",Zamora,Zamora,272136.89,4599936.81,STR EL TORRAO,13,0,No,14.2,0,0,272136.89,4599936.81
4790,R1-001,"i-DE REDES ELÉCTRICAS INTELIGENTES, S.A.U",Zamora,Zamora,272136.89,4599936.81,STR EL TORRAO,45,0,No,0,0,0,272136.89,4599936.81
4791,R1-001,"i-DE REDES ELÉCTRICAS INTELIGENTES, S.A.U",Zamora,Zamora,272136.89,4599936.81,STR EL TORRAO,45,0,No,0,0,0,272136.89,4599936.81
4792,R1-001,"i-DE REDES ELÉCTRICAS INTELIGENTES, S.A.U",Zamora,Muelas del Pan,250892.36,4601352.11,STR ESLA,13,0,No,3.5,0,0,250892.36,4601352.11
4793,R1-001,"i-DE REDES ELÉCTRICAS INTELIGENTES, S.A.U",Zamora,Muelas del Pan,250892.36,4601352.11,STR ESLA,45,14.25,No,0,0,0,250892.36,4601352.11
4794,R1-001,"i-DE REDES ELÉCTRICAS INTELIGENTES, S.A.U",Zamora,Fuentesaúco,291373.8,4568339.42,STR FUENTESAUCO,13,0,No,6.93,0,0,291373.8,4568339.42
4795,R1-001,"i-DE REDES ELÉCTRICAS INTELIGENTES, S.A.U",Zamora,Fuentesaúco,291373.8,4568339.42,STR FUENTESAUCO,45,0,No,0,0,0,291373.8,4568339.42
4796,R1-001,"i-DE REDES ELÉCTRICAS INTELIGENTES, S.A.U",Zamora,Losacio,246874.9,4622554.75,STR LOSACIO,13,0,No,2.31,0,0,246874.9,4622554.75
4797,R1-001,"i-DE REDES ELÉCTRICAS INTELIGENTES, S.A.U",Zamora,Losacio,246874.9,4622554.75,STR LOSACIO,45,0,No,0,0,0,246874.9,4622554.75
4798,R1-001,"i-DE REDES ELÉCTRICAS INTELIGENTES, S.A.U",Zamora,Zamora,270298.36,4598059.07,STR SAN BERNABE,13,0,No,5.08,0,0,270298.36,4598059.07
4799,R1-001,"i-DE REDES ELÉCTRICAS INTELIGENTES, S.A.U",Zamora,Zamora,270298.36,4598059.07,STR SAN BERNABE,45,0,No,0,0,0,270298.36,4598059.07
4800,R1-001,"i-DE REDES ELÉCTRICAS INTELIGENTES, S.A.U",Zamora,Zamora,270298.36,4598059.07,STR SAN BERNABE,13,0,No,7.25,0,0,270298.36,4598059.07
4801,R1-001,"i-DE REDES ELÉCTRICAS INTELIGENTES, S.A.U",Zamora,Zamora,270298.36,4598059.07,STR SAN BERNABE,45,0,No,0,0,0,270298.36,4598059.07
4802,R1-001,"i-DE REDES ELÉCTRICAS INTELIGENTES, S.A.U",Zamora,Zamora,270532.41,4596652.09,STR SAN FRONTIS,13,0,No,5.46,0,0,270532.41,4596652.09
4803,R1-001,"i-DE REDES ELÉCTRICAS INTELIGENTES, S.A.U",Zamora,Zamora,270532.41,4596652.09,STR SAN FRONTIS,45,0,No,0,0,0,270532.41,4596652.09
4804,R1-001,"i-DE REDES ELÉCTRICAS INTELIGENTES, S.A.U",Zamora,Zamora,270532.41,4596652.09,STR SAN FRONTIS,13,0,No,4.01,0,0,270532.41,4596652.09
4805,R1-001,"i-DE REDES ELÉCTRICAS INTELIGENTES, S.A.U",Zamora,Zamora,270532.41,4596652.09,STR SAN FRONTIS,45,0,No,0,0,0,270532.41,4596652.09
4806,R1-001,"i-DE REDES ELÉCTRICAS INTELIGENTES, S.A.U",Zamora,Santibáñez de Tera,258753.36,4654473.47,STR SITRAMA,13,0,No,2.94,0,0,258753.36,4654473.47
4807,R1-001,"i-DE REDES ELÉCTRICAS INTELIGENTES, S.A.U",Zamora,Santibáñez de Tera,258753.36,4654473.47,STR SITRAMA,45,0,No,0,0,0,258753.36,4654473.47
4808,R1-001,"i-DE REDES ELÉCTRICAS INTELIGENTES, S.A.U",Zamora,Toro,300258.21,4600161.15,STR TORO,13,0,No,8.53,0,0,300258.21,4600161.15
4809,R1-001,"i-DE REDES ELÉCTRICAS INTELIGENTES, S.A.U",Zamora,Toro,300258.21,4600161.15,STR TORO,45,0,No,0,0,0,300258.21,4600161.15
4810,R1-001,"i-DE REDES ELÉCTRICAS INTELIGENTES, S.A.U",Zamora,Toro,300258.21,4600161.15,STR TORO,13,0,No,3.8,0,0,300258.21,4600161.15
4811,R1-001,"i-DE REDES ELÉCTRICAS INTELIGENTES, S.A.U",Zamora,Toro,300258.21,4600161.15,STR TORO,45,0,No,0,0,0,300258.21,4600161.15
4812,R1-001,"i-DE REDES ELÉCTRICAS INTELIGENTES, S.A.U",Zamora,Zamora,269756.98,4600268.56,STR VALDERREY,13,3.2,No,5.35,0,0,269756.98,4600268.56
4813,R1-001,"i-DE REDES ELÉCTRICAS INTELIGENTES, S.A.U",Zamora,Zamora,269756.98,4600268.56,STR VALDERREY,45,18,No,0,0,0,269756.98,4600268.56
4814,R1-001,"i-DE REDES ELÉCTRICAS INTELIGENTES, S.A.U",Zamora,Zamora,269756.98,4600268.56,STR VALDERREY,13,3.2,No,8.03,0,0,269756.98,4600268.56
4815,R1-001,"i-DE REDES ELÉCTRICAS INTELIGENTES, S.A.U",Zamora,Zamora,269756.98,4600268.56,STR VALDERREY,45,18,No,0,0,0,269756.98,4600268.56
4816,R1-001,"i-DE REDES ELÉCTRICAS INTELIGENTES, S.A.U",Zamora,Benavente,277904.21,4652035.08,STR VENTOSA,45,0,No,0.45,0,0,277904.21,4652035.08
4817,R1-001,"i-DE REDES ELÉCTRICAS INTELIGENTES, S.A.U",Zamora,Benavente,277904.21,4652035.08,STR VENTOSA,13,0,No,7.42,0,0,277904.21,4652035.08
4818,R1-001,"i-DE REDES ELÉCTRICAS INTELIGENTES, S.A.U",Zamora,Villabrázaro,277490.35,4659689.16,STR VILLABRAZARO,13,0,No,26.49,0,0,277490.35,4659689.16
4819,R1-001,"i-DE REDES ELÉCTRICAS INTELIGENTES, S.A.U",Zamora,Villabrázaro,277490.35,4659689.16,STR VILLABRAZARO,45,0,No,0,0,0,277490.35,4659689.16
4820,R1-001,"i-DE REDES ELÉCTRICAS INTELIGENTES, S.A.U",Zamora,Villalpando,297159.91,4638778.49,STR VILLALPANDO,13,0,No,5.27,0,0,297159.91,4638778.49
4821,R1-001,"i-DE REDES ELÉCTRICAS INTELIGENTES, S.A.U",Zamora,Villalpando,297159.91,4638778.49,STR VILLALPANDO,45,0,No,0,0,0,297159.91,4638778.49
4822,R1-033,DISTRIBUCIÓN ELÉCTRICA CREVILLENT S.L.U.,Alicante/Alacant,Crevillent,693869.93,4233793,ST CREVILLENTE,132,0,No,0,0,0,693869.93,4233793
4823,R1-033,DISTRIBUCIÓN ELÉCTRICA CREVILLENT S.L.U.,Alicante/Alacant,Crevillent,693869.93,4233793,ST CREVILLENTE,20,2.9,No,8.29,0,0,693869.93,4233793
4824,R1-054,ENERGIA DE MIAJADAS SA,Cáceres,Escurial,251384.3,4338834.35,STR ESCURIAL,45,0,No,10.6,2,0,251384.3,4338834.35
4825,R1-054,ENERGIA DE MIAJADAS SA,Cáceres,Escurial,251384.3,4338834.35,STR ESCURIAL,22,0,No,10.4,2,0,251384.3,4338834.35
4826,R1-054,ENERGIA DE MIAJADAS SA,Cáceres,Miajadas,246612.28,4335534.39,STR MIAJADAS,45,0,No,11.5,19,0,246612.28,4335534.39
4827,R1-054,ENERGIA DE MIAJADAS SA,Cáceres,Miajadas,246612.28,4335534.39,STR MIAJADAS,22,0,No,11.5,6.5,0,246612.28,4335534.39
4828,R1-029,"DISTRIBUIDORA ELÉCTRICA DEL SIL, S.L",León,Villablino,235371.2,4759472.58,SBT. VILLASECA I,33,0.09,No,0,0,0,235371.2,4759472.58
4829,R1-029,"DISTRIBUIDORA ELÉCTRICA DEL SIL, S.L",León,Villablino,224952.93,4760641.51,SBT. MARÍA,33,0,No,0.93,0,0,224952.93,4760641.51
4830,R1-029,"DISTRIBUIDORA ELÉCTRICA DEL SIL, S.L",León,Villablino,224952.93,4760641.51,SBT. MARÍA,10,1.07,No,0.93,0,0,224952.93,4760641.51
4831,R1-029,"DISTRIBUIDORA ELÉCTRICA DEL SIL, S.L",Asturias,Ibias,192422.86,4759154.71,SBT. VILLARES AB,22,0.47,No,0.58,0,0,192422.86,4759154.71
4832,R1-029,"DISTRIBUIDORA ELÉCTRICA DEL SIL, S.L",Asturias,Ibias,192422.86,4759154.71,SBT. VILLARES AB,33,0,No,0,0,0,192422.86,4759154.71
4833,R1-028,"MEDINA GARVEY ELECTRICIDAD, S.L.U.",Sevilla,Benacazón,212785.1,4140585.56,SE BENACAZON,66,31.84,No,0,0,0,212785.1,4140585.56
4834,R1-028,"MEDINA GARVEY ELECTRICIDAD, S.L.U.",Sevilla,Benacazón,212785.1,4140585.56,SE BENACAZON,20,5.5,No,16.11,2.5,0,212785.1,4140585.56
4835,R1-028,"MEDINA GARVEY ELECTRICIDAD, S.L.U.",Huelva,Chucena,200258.01,4138155.03,SUBESTACION CHUCENA-MGE,66,33.11,No,0,33,0,200258.01,4138155.03
4836,R1-028,"MEDINA GARVEY ELECTRICIDAD, S.L.U.",Huelva,Chucena,200258.01,4138155.03,SUBESTACION CHUCENA-MGE,20,8.57,No,6.83,8.57,0,200258.01,4138155.03
4837,R1-028,"MEDINA GARVEY ELECTRICIDAD, S.L.U.",Sevilla,Pilas,206722.85,4132655.74,SE SANTA AMELIA,66,32.51,No,0,0,0,206722.85,4132655.74
4838,R1-028,"MEDINA GARVEY ELECTRICIDAD, S.L.U.",Sevilla,Pilas,206722.85,4132655.74,SE SANTA AMELIA,20,0,No,20.62,0,0,206722.85,4132655.74
4839,R1-023,"HIDROELÉCTRICA DEL GUADIELA I, SA",Cuenca,Cañizares,572017,4486947,S1.VADILLOS,66,0,No,0,0,0,572017,4486947
4840,R1-023,"HIDROELÉCTRICA DEL GUADIELA I, SA",Cuenca,Cañizares,572017,4486947,S1.VADILLOS,6,0,No,0,0,0,572017,4486947
4841,R1-023,"HIDROELÉCTRICA DEL GUADIELA I, SA",Cuenca,Cañizares,572017,4486947,S1.VADILLOS,33,0,No,0,0,0,572017,4486947
4842,R1-023,"HIDROELÉCTRICA DEL GUADIELA I, SA",Cuenca,Cañizares,569551,4489348,CH3.CHINCHA,33,0,No,0,0,0,569551,4489348
4843,R1-023,"HIDROELÉCTRICA DEL GUADIELA I, SA",Cuenca,Carrascosa,570216.97,4493960.83,CF1.FOTCARR,33,0,No,0,0,0,570216.97,4493960.83
4844,R1-023,"HIDROELÉCTRICA DEL GUADIELA I, SA",Cuenca,Carrascosa,570216.97,4493960.83,CF1.FOTCARR,15,0,No,0,0,0,570216.97,4493960.83
4845,R1-023,"HIDROELÉCTRICA DEL GUADIELA I, SA",Cuenca,Beteta,577972,4491685,S6.BETETA,33,0,No,0,0,0,577972,4491685
4846,R1-023,"HIDROELÉCTRICA DEL GUADIELA I, SA",Cuenca,Beteta,577972,4491685,S6.BETETA,15,0,No,0,0,0,577972,4491685
4847,R1-023,"HIDROELÉCTRICA DEL GUADIELA I, SA",Cuenca,Cañizares,573438,4488845,160357SE007,33,0,No,0,0,0,573438,4488845
4848,R1-083,BERRUEZA SA,Navarra,"Arcos, Los",565409.14,4712977.21,SUBESTACION BERRUEZA,66,28.83,No,0,0,0,565409.14,4712977.21
4849,R1-083,BERRUEZA SA,Navarra,"Arcos, Los",565409.14,4712977.21,SUBESTACION BERRUEZA,13,1.35,No,4.93,10,0,565409.14,4712977.21
4850,R1-100,ELECTRO DISTRIBUCION DE ALMODOVAR DEL CAMPO SA,Ciudad Real,Almodóvar del Campo,398184.57,4286090.36,SET ALMODOVAR,45,0,No,0,0,0,398184.57,4286090.36
4851,R1-100,ELECTRO DISTRIBUCION DE ALMODOVAR DEL CAMPO SA,Ciudad Real,Almodóvar del Campo,398184.57,4286090.36,SET ALMODOVAR,15,0,No,7.5,5,0,398184.57,4286090.36
4852,R1-100,ELECTRO DISTRIBUCION DE ALMODOVAR DEL CAMPO SA,Ciudad Real,Almodóvar del Campo,398184.57,4286090.36,SET ALMODOVAR,45,0,No,0,0,0,398184.57,4286090.36
4853,R1-100,ELECTRO DISTRIBUCION DE ALMODOVAR DEL CAMPO SA,Ciudad Real,Almodóvar del Campo,398184.57,4286090.36,SET ALMODOVAR,15,0,No,0,0,0,398184.57,4286090.36
4854,R1-050,HIJOS DE JACINTO GUILLEN DISTRIBUIDORA ELECTRICA SL,Badajoz,"Zarza, La",219795.35,4302109.66,STR EL PALANCAR,10,0.03,No,0.03,0,0,219795.35,4302109.66
4855,R1-050,HIJOS DE JACINTO GUILLEN DISTRIBUIDORA ELECTRICA SL,Badajoz,"Zarza, La",219799.82,4302097.81,STR EL PALANCAR,22,0.03,No,0.03,0,0,219799.82,4302097.81
4856,R1-050,HIJOS DE JACINTO GUILLEN DISTRIBUIDORA ELECTRICA SL,Badajoz,Guareña,229796.25,4305674.09,S.T.R. GUAREÑA,45,0,No,12.38,4,0,229796.25,4305674.09
4857,R1-239,"SALTOS DEL CABRERA,S L",Ourense,Rubiá,184952.6,4703498.7,SB-012 QUERE�O,33,0,No,0.84,0,0,184952.6,4703498.7
4858,R1-239,"SALTOS DEL CABRERA,S L",Ourense,Rubiá,184952.6,4703498.7,SB-012 QUERE�O,20,0.4,No,0.84,0,0,184952.6,4703498.7
4859,R1-254,ELECTRA SALTEA S.L.U.,Navarra,Ituren,604321.96,4775949.01,STR Ituren,30,0,No,0,0,0,604321.96,4775949.01
4860,R1-254,ELECTRA SALTEA S.L.U.,Navarra,Ituren,604323.94,4775954.95,STR Ituren,13,0,No,0,0,0,604323.94,4775954.95
4861,R1-254,ELECTRA SALTEA S.L.U.,Navarra,Araitz,582859.39,4765515.25,STR Araxes,13,0,No,0,0,0,582859.39,4765515.25
4862,R1-254,ELECTRA SALTEA S.L.U.,Navarra,Araitz,582859.01,4765518.79,STR Araxes,30,0,No,0,0,0,582859.01,4765518.79
4863,R1-021,"SUMINISTRADORA ELECTRICA DE CADIZ, S.A",Cádiz,Cádiz,205072.97,4048493.49,ARGUELLES,28,4.7,No,8.13,0,0,205072.97,4048493.49
4864,R1-021,"SUMINISTRADORA ELECTRICA DE CADIZ, S.A",Cádiz,Cádiz,205072.97,4048493.49,ARGUELLES,6,0,No,7.03,1.09,0,205072.97,4048493.49
4865,R1-021,"SUMINISTRADORA ELECTRICA DE CADIZ, S.A",Cádiz,Cádiz,207570.92,4044884.73,CADIZ_TERMICA,132,64.2,No,88.69,0,0,207570.92,4044884.73
4866,R1-021,"SUMINISTRADORA ELECTRICA DE CADIZ, S.A",Cádiz,Cádiz,207570.92,4044884.73,CADIZ_TERMICA,66,32.4,No,32.35,0,0,207570.92,4044884.73
4867,R1-021,"SUMINISTRADORA ELECTRICA DE CADIZ, S.A",Cádiz,Cádiz,207570.92,4044884.73,CADIZ_TERMICA,28,13,No,40.3,0,0,207570.92,4044884.73
4868,R1-021,"SUMINISTRADORA ELECTRICA DE CADIZ, S.A",Cádiz,Cádiz,207570.92,4044884.73,CADIZ_TERMICA,20,11,No,6.13,26.21,0,207570.92,4044884.73
4869,R1-021,"SUMINISTRADORA ELECTRICA DE CADIZ, S.A",Cádiz,Cádiz,205740.42,4046793.6,CASETA,28,10.9,No,5.52,0,0,205740.42,4046793.6
4870,R1-021,"SUMINISTRADORA ELECTRICA DE CADIZ, S.A",Cádiz,Cádiz,205740.42,4046793.6,CASETA,6,4.5,No,5.17,0.34,0,205740.42,4046793.6
4871,R1-021,"SUMINISTRADORA ELECTRICA DE CADIZ, S.A",Cádiz,Cádiz,207380.21,4043304.9,CORTADURA,28,8.3,No,4.51,0,0,207380.21,4043304.9
4872,R1-001,"i-DE REDES ELÉCTRICAS INTELIGENTES, S.A.U",Albacete,Casas de Ves,643139.78,4340816.02,STR CH EL BOSQUE,66,0,No,0,0,0,643139.78,4340816.02
4873,R1-001,"i-DE REDES ELÉCTRICAS INTELIGENTES, S.A.U",Albacete,Liétor,584641.39,4266580.52,STR CH HIJAR,66,0,No,0,0,0,584641.39,4266580.52
4874,R1-001,"i-DE REDES ELÉCTRICAS INTELIGENTES, S.A.U",Albacete,Liétor,584641.39,4266580.52,STR CH HIJAR,20,0,No,7.95,0,0,584641.39,4266580.52
4875,R1-001,"i-DE REDES ELÉCTRICAS INTELIGENTES, S.A.U",Albacete,Jorquera,619333.93,4335292.54,STR CH MORANCHEL,66,0,No,0,0,0,619333.93,4335292.54
4876,R1-001,"i-DE REDES ELÉCTRICAS INTELIGENTES, S.A.U",Albacete,Jorquera,619333.93,4335292.54,STR CH MORANCHEL,20,0,No,5.19,0,0,619333.93,4335292.54
4877,R1-001,"i-DE REDES ELÉCTRICAS INTELIGENTES, S.A.U",Albacete,Chinchilla de Monte-Aragón,606853.31,4311624.77,STR CHINCHILLA MONT,66,0,No,0,0,0,606853.31,4311624.77
4878,R1-001,"i-DE REDES ELÉCTRICAS INTELIGENTES, S.A.U",Albacete,Chinchilla de Monte-Aragón,606853.31,4311624.77,STR CHINCHILLA MONT,20,0,No,43.23,0,0,606853.31,4311624.77
4879,R1-001,"i-DE REDES ELÉCTRICAS INTELIGENTES, S.A.U",Albacete,Caudete,677470.77,4286991.87,STR CRISNOVA,66,0,No,14.5,0,0,677470.77,4286991.87
4880,R1-001,"i-DE REDES ELÉCTRICAS INTELIGENTES, S.A.U",Albacete,Almansa,663154.15,4303712.67,STR EL MUGRON,20,0,No,18.89,0,0,663154.15,4303712.67
4881,R1-001,"i-DE REDES ELÉCTRICAS INTELIGENTES, S.A.U",Albacete,Almansa,663154.15,4303712.67,STR EL MUGRON,66,0,No,0,0,0,663154.15,4303712.67
4882,R1-001,"i-DE REDES ELÉCTRICAS INTELIGENTES, S.A.U",Albacete,Albacete,593649.37,4303275.49,STR EL SALOBRAL,66,0,No,0,0,0,593649.37,4303275.49
4883,R1-001,"i-DE REDES ELÉCTRICAS INTELIGENTES, S.A.U",Albacete,Albacete,593649.37,4303275.49,STR EL SALOBRAL,20,0,No,10.93,0,0,593649.37,4303275.49
4884,R1-001,"i-DE REDES ELÉCTRICAS INTELIGENTES, S.A.U",Albacete,Albacete,593649.37,4303275.49,STR EL SALOBRAL,20,0,No,10.28,0,0,593649.37,4303275.49
4885,R1-001,"i-DE REDES ELÉCTRICAS INTELIGENTES, S.A.U",Albacete,Albacete,597928.29,4315433.65,STR PENAS,66,0,No,0,0,0,597928.29,4315433.65
4886,R1-001,"i-DE REDES ELÉCTRICAS INTELIGENTES, S.A.U",Albacete,Albacete,597928.29,4315433.65,STR PENAS,20,0,No,22.56,0,0,597928.29,4315433.65
4887,R1-001,"i-DE REDES ELÉCTRICAS INTELIGENTES, S.A.U",Albacete,Albacete,597928.29,4315433.65,STR PENAS,20,0,No,20.58,0,0,597928.29,4315433.65
4888,R1-001,"i-DE REDES ELÉCTRICAS INTELIGENTES, S.A.U",Albacete,Pozo Cañada,609404.05,4296574.46,STR POZOCANADA,66,0,No,0,0,0,609404.05,4296574.46
4889,R1-001,"i-DE REDES ELÉCTRICAS INTELIGENTES, S.A.U",Albacete,Pozo Cañada,609404.05,4296574.46,STR POZOCANADA,20,0,No,6.85,0,0,609404.05,4296574.46
4890,R1-001,"i-DE REDES ELÉCTRICAS INTELIGENTES, S.A.U",Albacete,Pozo Cañada,609404.05,4296574.46,STR POZOCANADA,20,0,No,16.91,0,0,609404.05,4296574.46
4891,R1-001,"i-DE REDES ELÉCTRICAS INTELIGENTES, S.A.U",Albacete,Albacete,607994.67,4290496.69,STR POZOCANADA SUR,66,0,No,0,0,0,607994.67,4290496.69
4892,R1-001,"i-DE REDES ELÉCTRICAS INTELIGENTES, S.A.U",Albacete,Pozohondo,594736.64,4285911.77,STR POZOHONDO,66,0,No,0,0,0,594736.64,4285911.77
4893,R1-001,"i-DE REDES ELÉCTRICAS INTELIGENTES, S.A.U",Albacete,Pozohondo,594736.64,4285911.77,STR POZOHONDO,20,0,No,9.07,0,0,594736.64,4285911.77
4894,R1-001,"i-DE REDES ELÉCTRICAS INTELIGENTES, S.A.U",Albacete,Pozohondo,594736.64,4285911.77,STR POZOHONDO,20,0,No,11.89,0,0,594736.64,4285911.77
4895,R1-001,"i-DE REDES ELÉCTRICAS INTELIGENTES, S.A.U",Albacete,Casas de Ves,646112.12,4340918.73,STR TRANCO LOBO,66,0,No,0,0,0,646112.12,4340918.73
4896,R1-001,"i-DE REDES ELÉCTRICAS INTELIGENTES, S.A.U",Albacete,"Recueja, La",633643.44,4332956.22,STR VILLAVALIENTE,20,0,No,3.78,0,0,633643.44,4332956.22
4897,R1-001,"i-DE REDES ELÉCTRICAS INTELIGENTES, S.A.U",Albacete,"Recueja, La",633643.44,4332956.22,STR VILLAVALIENTE,66,0,No,0,0,0,633643.44,4332956.22
4898,R1-001,"i-DE REDES ELÉCTRICAS INTELIGENTES, S.A.U",Alicante/Alacant,Alcoi/Alcoy,719017.97,4287258.71,ST ALCOY,132,20.27,No,0.25,0,0,719017.97,4287258.71
4899,R1-001,"i-DE REDES ELÉCTRICAS INTELIGENTES, S.A.U",Alicante/Alacant,Alcoi/Alcoy,719017.97,4287258.71,ST ALCOY,66,0,No,0,0,0,719017.97,4287258.71
4900,R1-001,"i-DE REDES ELÉCTRICAS INTELIGENTES, S.A.U",Alicante/Alacant,Alcoi/Alcoy,719017.97,4287258.71,ST ALCOY,20,0.47,No,11.9,0,0,719017.97,4287258.71
4901,R1-001,"i-DE REDES ELÉCTRICAS INTELIGENTES, S.A.U",Alicante/Alacant,Alcoi/Alcoy,719017.97,4287258.71,ST ALCOY,11,0,No,3.39,0,0,719017.97,4287258.71
4902,R1-001,"i-DE REDES ELÉCTRICAS INTELIGENTES, S.A.U",Alicante/Alacant,Alcoi/Alcoy,719017.97,4287258.71,ST ALCOY,11,0,No,8.9,0,0,719017.97,4287258.71
4903,R1-001,"i-DE REDES ELÉCTRICAS INTELIGENTES, S.A.U",Alicante/Alacant,Villena,680504.82,4287669.12,ST ALHORINES,132,39.61,No,0,0,0,680504.82,4287669.12
4904,R1-001,"i-DE REDES ELÉCTRICAS INTELIGENTES, S.A.U",Alicante/Alacant,Alcoi/Alcoy,718016.77,4284453.76,ST BARXELL,132,20.14,No,0,0,0,718016.77,4284453.76
4905,R1-001,"i-DE REDES ELÉCTRICAS INTELIGENTES, S.A.U",Alicante/Alacant,Alcoi/Alcoy,718016.77,4284453.76,ST BARXELL,20,0,No,29.54,0,0,718016.77,4284453.76
4906,R1-001,"i-DE REDES ELÉCTRICAS INTELIGENTES, S.A.U",Alicante/Alacant,Castalla,702479,4275369.5,ST BASTA,132,19.07,No,49.94,0,0,702479,4275369.5
4907,R1-001,"i-DE REDES ELÉCTRICAS INTELIGENTES, S.A.U",Alicante/Alacant,Castalla,702479,4275369.5,ST BASTA,20,0,No,36.49,0,0,702479,4275369.5
4908,R1-001,"i-DE REDES ELÉCTRICAS INTELIGENTES, S.A.U",Alicante/Alacant,Beneixama,698000.81,4287986.21,ST BENEJAMA,132,33.79,No,0.55,0,0,698000.81,4287986.21
4909,R1-001,"i-DE REDES ELÉCTRICAS INTELIGENTES, S.A.U",Alicante/Alacant,Beneixama,698000.81,4287986.21,ST BENEJAMA,20,0,No,34.34,12.2,0,698000.81,4287986.21
4910,R1-001,"i-DE REDES ELÉCTRICAS INTELIGENTES, S.A.U",Alicante/Alacant,Beneixama,698000.81,4287986.21,ST BENEJAMA,20,0,No,11.47,0,0,698000.81,4287986.21
4911,R1-001,"i-DE REDES ELÉCTRICAS INTELIGENTES, S.A.U",Alicante/Alacant,Finestrat,746710.12,4268819.49,ST BENIDORM,132,0,No,0.92,0,1,746710.12,4268819.49
4912,R1-001,"i-DE REDES ELÉCTRICAS INTELIGENTES, S.A.U",Alicante/Alacant,Finestrat,746710.12,4268819.49,ST BENIDORM,20,0,No,50.41,0,0,746710.12,4268819.49
4913,R1-001,"i-DE REDES ELÉCTRICAS INTELIGENTES, S.A.U",Alicante/Alacant,Finestrat,746710.12,4268819.49,ST BENIDORM,20,0,No,36.97,0,0,746710.12,4268819.49
4914,R1-001,"i-DE REDES ELÉCTRICAS INTELIGENTES, S.A.U",Alicante/Alacant,Finestrat,746710.12,4268819.49,ST BENIDORM,20,0,No,55.03,0,0,746710.12,4268819.49
4915,R1-001,"i-DE REDES ELÉCTRICAS INTELIGENTES, S.A.U",Alicante/Alacant,Calp,762738.05,4281141.09,ST CALPE,132,0,No,0.66,0,1,762738.05,4281141.09
4916,R1-001,"i-DE REDES ELÉCTRICAS INTELIGENTES, S.A.U",Alicante/Alacant,Calp,762738.05,4281141.09,ST CALPE,20,0,No,21.25,0,0,762738.05,4281141.09
4917,R1-001,"i-DE REDES ELÉCTRICAS INTELIGENTES, S.A.U",Alicante/Alacant,Calp,762738.05,4281141.09,ST CALPE,20,0,No,20.51,0,0,762738.05,4281141.09
4918,R1-001,"i-DE REDES ELÉCTRICAS INTELIGENTES, S.A.U",Alicante/Alacant,Pilar de la Horadada,694851.46,4197840.73,ST CAMPOAMOR,66,0,No,0,0,1,694851.46,4197840.73
4919,R1-001,"i-DE REDES ELÉCTRICAS INTELIGENTES, S.A.U",Alicante/Alacant,Pilar de la Horadada,694851.46,4197840.73,ST CAMPOAMOR,20,7.91,No,42.23,0,0,694851.46,4197840.73
4920,R1-001,"i-DE REDES ELÉCTRICAS INTELIGENTES, S.A.U",Alicante/Alacant,Pilar de la Horadada,694851.46,4197840.73,ST CAMPOAMOR,20,6.45,No,48.22,0,0,694851.46,4197840.73
4921,R1-001,"i-DE REDES ELÉCTRICAS INTELIGENTES, S.A.U",Alicante/Alacant,Elx/Elche,699764.83,4239555.66,ST CARRUS,132,0,No,22.1,0,1,699764.83,4239555.66
4922,R1-001,"i-DE REDES ELÉCTRICAS INTELIGENTES, S.A.U",Alicante/Alacant,Elx/Elche,699764.83,4239555.66,ST CARRUS,20,0,No,19.3,0,0,699764.83,4239555.66
4923,R1-001,"i-DE REDES ELÉCTRICAS INTELIGENTES, S.A.U",Alicante/Alacant,Elx/Elche,699764.83,4239555.66,ST CARRUS,20,0,No,19.5,0,0,699764.83,4239555.66
4924,R1-001,"i-DE REDES ELÉCTRICAS INTELIGENTES, S.A.U",Alicante/Alacant,Elx/Elche,699764.83,4239555.66,ST CARRUS,20,0,No,17.97,0,0,699764.83,4239555.66
4925,R1-001,"i-DE REDES ELÉCTRICAS INTELIGENTES, S.A.U",Alicante/Alacant,Cocentaina,721958.43,4292297.88,ST COCENTAINA,132,19.89,No,19.8,0,0,721958.43,4292297.88
4926,R1-001,"i-DE REDES ELÉCTRICAS INTELIGENTES, S.A.U",Alicante/Alacant,Cocentaina,721958.43,4292297.88,ST COCENTAINA,20,0,No,31.73,0,0,721958.43,4292297.88
4927,R1-001,"i-DE REDES ELÉCTRICAS INTELIGENTES, S.A.U",Alicante/Alacant,Crevillent,693904.2,4233822,ST CREVILLENTE,132,0,No,0,0,1,693904.2,4233822
4928,R1-001,"i-DE REDES ELÉCTRICAS INTELIGENTES, S.A.U",Alicante/Alacant,Crevillent,693904.2,4233822,ST CREVILLENTE,20,0,No,30.98,0,0,693904.2,4233822
4929,R1-001,"i-DE REDES ELÉCTRICAS INTELIGENTES, S.A.U",Alicante/Alacant,Dénia,764638.87,4304393.1,ST DENIA,132,0,No,0.63,0,1,764638.87,4304393.1
4930,R1-001,"i-DE REDES ELÉCTRICAS INTELIGENTES, S.A.U",Alicante/Alacant,Dénia,764638.87,4304393.1,ST DENIA,20,0,No,18.09,0,0,764638.87,4304393.1
4931,R1-001,"i-DE REDES ELÉCTRICAS INTELIGENTES, S.A.U",Alicante/Alacant,Dénia,764638.87,4304393.1,ST DENIA,20,0,No,28.73,0,0,764638.87,4304393.1
4932,R1-001,"i-DE REDES ELÉCTRICAS INTELIGENTES, S.A.U",Alicante/Alacant,Sant Joan d'Alacant,725173.87,4256059.4,ST EL CANTALAR,20,0,No,47.21,0,0,725173.87,4256059.4
4933,R1-001,"i-DE REDES ELÉCTRICAS INTELIGENTES, S.A.U",Alicante/Alacant,Sant Joan d'Alacant,725173.87,4256059.4,ST EL CANTALAR,20,0,No,95.94,0,0,725173.87,4256059.4
4934,R1-001,"i-DE REDES ELÉCTRICAS INTELIGENTES, S.A.U",Alicante/Alacant,Alacant/Alicante,716839.57,4245192.72,ST EL PALMERAL,20,0,No,21.06,0,0,716839.57,4245192.72
4935,R1-001,"i-DE REDES ELÉCTRICAS INTELIGENTES, S.A.U",Alicante/Alacant,Alacant/Alicante,716839.57,4245192.72,ST EL PALMERAL,20,0,No,36.38,0,0,716839.57,4245192.72
4936,R1-001,"i-DE REDES ELÉCTRICAS INTELIGENTES, S.A.U",Alicante/Alacant,Alacant/Alicante,716839.57,4245192.72,ST EL PALMERAL,20,0,No,45.54,0,0,716839.57,4245192.72
4937,R1-001,"i-DE REDES ELÉCTRICAS INTELIGENTES, S.A.U",Alicante/Alacant,Elx/Elche,704010.67,4239034.7,STR ELCHE ALTABIX,66,0,No,0,0,0,704010.67,4239034.7
4938,R1-001,"i-DE REDES ELÉCTRICAS INTELIGENTES, S.A.U",Alicante/Alacant,Elx/Elche,704010.67,4239034.7,STR ELCHE ALTABIX,20,0,No,16.81,0,0,704010.67,4239034.7
4939,R1-001,"i-DE REDES ELÉCTRICAS INTELIGENTES, S.A.U",Alicante/Alacant,Elx/Elche,704010.67,4239034.7,STR ELCHE ALTABIX,20,0,No,20.9,0,0,704010.67,4239034.7
4940,R1-001,"i-DE REDES ELÉCTRICAS INTELIGENTES, S.A.U",Alicante/Alacant,Elx/Elche,704010.67,4239034.7,STR ELCHE ALTABIX,20,0,No,45.38,0,0,704010.67,4239034.7
4941,R1-001,"i-DE REDES ELÉCTRICAS INTELIGENTES, S.A.U",Alicante/Alacant,Elx/Elche,696079.54,4236410.96,ST ELCHE SUR,20,0,No,39.77,0,0,696079.54,4236410.96
4942,R1-001,"i-DE REDES ELÉCTRICAS INTELIGENTES, S.A.U",Alicante/Alacant,Elx/Elche,696079.54,4236410.96,ST ELCHE SUR,132,0,No,0,0,0,696079.54,4236410.96
4943,R1-001,"i-DE REDES ELÉCTRICAS INTELIGENTES, S.A.U",Alicante/Alacant,Elx/Elche,696079.54,4236410.96,ST ELCHE SUR,66,0,No,0,0,0,696079.54,4236410.96
4944,R1-001,"i-DE REDES ELÉCTRICAS INTELIGENTES, S.A.U",Alicante/Alacant,Ibi,710022.99,4276527.62,ST IBI,132,18.72,No,0,0,0,710022.99,4276527.62
4945,R1-001,"i-DE REDES ELÉCTRICAS INTELIGENTES, S.A.U",Alicante/Alacant,Ibi,710022.99,4276527.62,ST IBI,20,0.99,No,34.34,0,0,710022.99,4276527.62
4946,R1-001,"i-DE REDES ELÉCTRICAS INTELIGENTES, S.A.U",Alicante/Alacant,Ibi,710022.99,4276527.62,ST IBI,20,0.99,No,45.54,0,0,710022.99,4276527.62
4947,R1-001,"i-DE REDES ELÉCTRICAS INTELIGENTES, S.A.U",Alicante/Alacant,Xàbia/Jávea,771938.82,4296824.2,ST JAVEA,132,0,No,2.61,0,1,771938.82,4296824.2
4948,R1-001,"i-DE REDES ELÉCTRICAS INTELIGENTES, S.A.U",Alicante/Alacant,Xàbia/Jávea,771938.82,4296824.2,ST JAVEA,20,0,No,42.14,0,0,771938.82,4296824.2
4949,R1-001,"i-DE REDES ELÉCTRICAS INTELIGENTES, S.A.U",Alicante/Alacant,Xàbia/Jávea,771938.82,4296824.2,ST JAVEA,20,0,No,21.3,0,0,771938.82,4296824.2
4950,R1-001,"i-DE REDES ELÉCTRICAS INTELIGENTES, S.A.U",Alicante/Alacant,Xixona/Jijona,719968.01,4263440.85,ST JIJONA,132,4.68,No,0,0,0,719968.01,4263440.85
4951,R1-001,"i-DE REDES ELÉCTRICAS INTELIGENTES, S.A.U",Alicante/Alacant,Xixona/Jijona,719968.01,4263440.85,ST JIJONA,20,0,No,24.34,0,0,719968.01,4263440.85
4952,R1-001,"i-DE REDES ELÉCTRICAS INTELIGENTES, S.A.U",Alicante/Alacant,Benidorm,751782.7,4272857.92,ST LA LLOMA,132,0,No,1.45,0,1,751782.7,4272857.92
4953,R1-001,"i-DE REDES ELÉCTRICAS INTELIGENTES, S.A.U",Alicante/Alacant,Benidorm,751782.7,4272857.92,ST LA LLOMA,20,0,No,29.1,0,0,751782.7,4272857.92
4954,R1-001,"i-DE REDES ELÉCTRICAS INTELIGENTES, S.A.U",Alicante/Alacant,Benidorm,751782.7,4272857.92,ST LA LLOMA,20,0,No,46.98,0,0,751782.7,4272857.92
4955,R1-001,"i-DE REDES ELÉCTRICAS INTELIGENTES, S.A.U",Alicante/Alacant,"Nucia, la",753979.77,4277409.15,ST LA NUCIA,132,0,No,0,0,1,753979.77,4277409.15
4956,R1-001,"i-DE REDES ELÉCTRICAS INTELIGENTES, S.A.U",Alicante/Alacant,"Nucia, la",753979.77,4277409.15,ST LA NUCIA,20,0,No,55.2,0,0,753979.77,4277409.15
4957,R1-001,"i-DE REDES ELÉCTRICAS INTELIGENTES, S.A.U",Alicante/Alacant,"Nucia, la",749116.65,4275855.82,ST MONTEBELLO,132,0,No,48.13,0,1,749116.65,4275855.82
4958,R1-021,"SUMINISTRADORA ELECTRICA DE CADIZ, S.A",Cádiz,Cádiz,207380.21,4043304.9,CORTADURA,20,4,No,3.17,1.34,0,207380.21,4043304.9
4959,R1-021,"SUMINISTRADORA ELECTRICA DE CADIZ, S.A",Cádiz,Cádiz,207397.71,4043336.07,E_CADIZ,66,29.2,No,10.27,0,0,207397.71,4043336.07
4960,R1-021,"SUMINISTRADORA ELECTRICA DE CADIZ, S.A",Cádiz,Cádiz,207397.71,4043336.07,E_CADIZ,28,14,No,10.27,0,0,207397.71,4043336.07
4961,R1-021,"SUMINISTRADORA ELECTRICA DE CADIZ, S.A",Cádiz,Cádiz,206349.46,4046935.56,LAS CORTES,66,23.8,No,8.46,0,0,206349.46,4046935.56
4962,R1-021,"SUMINISTRADORA ELECTRICA DE CADIZ, S.A",Cádiz,Cádiz,206349.46,4046935.56,LAS CORTES,28,8.8,No,8.46,0,0,206349.46,4046935.56
4963,R1-021,"SUMINISTRADORA ELECTRICA DE CADIZ, S.A",Cádiz,Cádiz,206349.46,4046935.56,LAS CORTES,20,14.4,No,1.6,1.07,0,206349.46,4046935.56
4964,R1-021,"SUMINISTRADORA ELECTRICA DE CADIZ, S.A",Cádiz,Cádiz,207038.81,4044232.32,MATADERO,28,9.1,No,3.67,0,0,207038.81,4044232.32
4965,R1-021,"SUMINISTRADORA ELECTRICA DE CADIZ, S.A",Cádiz,Cádiz,207038.81,4044232.32,MATADERO,6,3,No,3.59,0.07,0,207038.81,4044232.32
4966,R1-021,"SUMINISTRADORA ELECTRICA DE CADIZ, S.A",Cádiz,Cádiz,206415.65,4046418.05,OBISPO,28,12.4,No,4.01,0,0,206415.65,4046418.05
4967,R1-021,"SUMINISTRADORA ELECTRICA DE CADIZ, S.A",Cádiz,Cádiz,206415.65,4046418.05,OBISPO,6,0,No,3.45,0.55,0,206415.65,4046418.05
4968,R1-021,"SUMINISTRADORA ELECTRICA DE CADIZ, S.A",Cádiz,Cádiz,207598.16,4045078.23,PUNTALES,28,11.4,No,4.88,0,0,207598.16,4045078.23
4969,R1-021,"SUMINISTRADORA ELECTRICA DE CADIZ, S.A",Cádiz,Cádiz,207598.16,4045078.23,PUNTALES,20,0,No,4.88,0,0,207598.16,4045078.23
4970,R1-021,"SUMINISTRADORA ELECTRICA DE CADIZ, S.A",Cádiz,Cádiz,204204.52,4048130.57,SACRAMENTO,28,4.95,No,7.92,0,0,204204.52,4048130.57
4971,R1-021,"SUMINISTRADORA ELECTRICA DE CADIZ, S.A",Cádiz,Cádiz,204204.52,4048130.57,SACRAMENTO,6,2.5,No,6.77,1.15,0,204204.52,4048130.57
4972,R1-021,"SUMINISTRADORA ELECTRICA DE CADIZ, S.A",Cádiz,Cádiz,206459.43,4045561.18,SAN JOSE,28,12.2,No,4.06,0,0,206459.43,4045561.18
4973,R1-021,"SUMINISTRADORA ELECTRICA DE CADIZ, S.A",Cádiz,Cádiz,206459.43,4045561.18,SAN JOSE,6,2.8,No,3.96,0.09,0,206459.43,4045561.18
4974,R1-021,"SUMINISTRADORA ELECTRICA DE CADIZ, S.A",Cádiz,Cádiz,206740.44,4045796.76,SAN MATEO,28,13,No,2.04,0,0,206740.44,4045796.76
4975,R1-021,"SUMINISTRADORA ELECTRICA DE CADIZ, S.A",Cádiz,Cádiz,206740.44,4045796.76,SAN MATEO,6,1.4,No,1.96,0.08,0,206740.44,4045796.76
4976,R1-021,"SUMINISTRADORA ELECTRICA DE CADIZ, S.A",Cádiz,Cádiz,205584.61,4047842.3,ZONA PORTUARIA,28,11.6,No,4.79,0,0,205584.61,4047842.3
4977,R1-021,"SUMINISTRADORA ELECTRICA DE CADIZ, S.A",Cádiz,Cádiz,205584.61,4047842.3,ZONA PORTUARIA,6,2.1,No,3.9,0.89,0,205584.61,4047842.3
4978,R1-064,"ELECTRA DE CARBAYIN, S.A.U",Asturias,Siero,287195,4802770,LA CABAÑONA,20,0.6,No,3.7,0,0,287195,4802770
4979,R1-048,"LA PROHIDA DISTRIBUCIÓN ELÉCTRICA, S.L",León,Villablino,229132.74,4758947.84,SUBESTACIONVILABLINO,10,1,No,0,0,0,229132.74,4758947.84
4980,R1-048,"LA PROHIDA DISTRIBUCIÓN ELÉCTRICA, S.L",León,Villablino,231839.72,4759216.89,SUBESTACIONSOSAS,10,1,No,0,0,0,231839.72,4759216.89
4981,R1-048,"LA PROHIDA DISTRIBUCIÓN ELÉCTRICA, S.L",León,Villablino,229132.74,4758947.84,SUBESTACIONVILABLINO,33,0,No,0,0,0,229132.74,4758947.84
4982,R1-048,"LA PROHIDA DISTRIBUCIÓN ELÉCTRICA, S.L",León,Villablino,231839.72,4759216.89,SUBESTACIONSOSAS,33,0,No,0,0,0,231839.72,4759216.89
4983,R1-079,ELECTRICA LOS MOLINOS SLU,Pontevedra,Ponte Caldelas,40156.75,4709428.7,A REIGOSA,20,18.25,No,10.04,3.86,0,40156.75,4709428.7
4984,R1-079,ELECTRICA LOS MOLINOS SLU,Pontevedra,Ponte Caldelas,40156.75,4709428.7,A REIGOSA,66,25.04,No,9.48,0,0,40156.75,4709428.7
4985,R1-079,ELECTRICA LOS MOLINOS SLU,Pontevedra,Ponte Caldelas,36643.2,4708142.23,J.A.E.R. BÉRTOLA,66,0,No,0,0,1,36643.2000000002,4708142.23
4986,R1-016,ELECTRA CALDENSE S.A,Barcelona,Sentmenat,926198.69,4620129.65,SE CAN VINYALS,25,0,No,37.64,92.1,0,926198.69,4620129.65
4987,R1-052,"LERSA ELECTRICITAT, S.L",Girona,Ripoll,929658.47,4686492.16,SUBESTACIO 132/20,132,0.7,No,11.1,0,0,929658.47,4686492.16
4988,R1-052,"LERSA ELECTRICITAT, S.L",Girona,Ripoll,929658.47,4686492.16,SUBESTACIO 132/20,20,0.7,No,11.1,0,0,929658.47,4686492.16
4989,R1-052,"LERSA ELECTRICITAT, S.L",Girona,Ripoll,928666.62,4685435.84,3-D,45,0,No,7,0,0,928666.62,4685435.84
4990,R1-052,"LERSA ELECTRICITAT, S.L",Girona,Ripoll,928666.62,4685435.84,3-D,20,0,No,7,0,0,928666.62,4685435.84
4991,R1-052,"LERSA ELECTRICITAT, S.L",Girona,Ripoll,926759.53,4687151.4,SUBESTACIO 32,25,0.7,No,4.1,0,0,926759.53,4687151.4
4992,R1-052,"LERSA ELECTRICITAT, S.L",Girona,Ripoll,926759.53,4687151.4,SUBESTACIO 32,20,0.7,No,4.1,0,0,926759.53,4687151.4
4993,R1-017,MAESTRAZGO DISTRIBUCION ELECTRICA SL,Castellón/Castelló,Sant Jordi/San Jorge,785217.03,4495207.26,S.E. MAESTRAZGO,110,11.1,No,6.89,0,0,785217.03,4495207.26
4994,R1-017,MAESTRAZGO DISTRIBUCION ELECTRICA SL,Castellón/Castelló,Sant Jordi/San Jorge,785217.03,4495207.26,S.E. MAESTRAZGO,20,7.51,No,3.13,3.58,0,785217.03,4495207.26
4995,R1-017,MAESTRAZGO DISTRIBUCION ELECTRICA SL,Castellón/Castelló,Morella,745457.66,4500782.04,S.E. SANT MIQUEL,30,2.55,No,0,0,0,745457.66,4500782.04
4996,R1-017,MAESTRAZGO DISTRIBUCION ELECTRICA SL,Castellón/Castelló,Morella,745457.66,4500782.04,S.E. SANT MIQUEL,20,0.51,No,0.29,0,0,745457.66,4500782.04
4997,R1-017,MAESTRAZGO DISTRIBUCION ELECTRICA SL,Teruel,Mas de las Matas,732157.56,4524389.89,S.E.MAS DE LAS MATAS,45,2.55,No,5.65,0,0,732157.56,4524389.89
4998,R1-017,MAESTRAZGO DISTRIBUCION ELECTRICA SL,Teruel,Mas de las Matas,732157.56,4524389.89,S.E.MAS DE LAS MATAS,30,2.55,No,2.55,0.77,0,732157.56,4524389.89
4999,R1-017,MAESTRAZGO DISTRIBUCION ELECTRICA SL,Teruel,Castellote,726496.75,4519936.95,S.E. CASTELLOTE,30,2.55,No,3.28,0,0,726496.75,4519936.95
5000,R1-017,MAESTRAZGO DISTRIBUCION ELECTRICA SL,Teruel,Castellote,726496.75,4519936.95,S.E. CASTELLOTE,20,2.55,No,2.55,0.26,0,726496.75,4519936.95
5001,R1-002,"UFD DISTRIBUCIÓN ELECTRICIDAD, SA",Ciudad Real,Almadén,340273.29,4292899.71,ALMADEN,45,0,No,0,0,0,340273.29,4292899.71
5002,R1-002,"UFD DISTRIBUCIÓN ELECTRICIDAD, SA",Ciudad Real,Almagro,437484.45,4304931.28,ALMAGRO,15,0,No,27.74,0,0,437484.45,4304931.28
5003,R1-002,"UFD DISTRIBUCIÓN ELECTRICIDAD, SA",Ciudad Real,Almagro,437484.45,4304931.28,ALMAGRO,45,0,No,0,0,0,437484.45,4304931.28
5004,R1-002,"UFD DISTRIBUCIÓN ELECTRICIDAD, SA",Ciudad Real,Almodóvar del Campo,398199.78,4286068.4,ALMODOVAR DEL CAMPO,45,0,No,0,10,0,398199.78,4286068.4
5005,R1-002,"UFD DISTRIBUCIÓN ELECTRICIDAD, SA",Ciudad Real,Almodóvar del Campo,371330.72,4259213.29,LA GARGANTA,15,0,No,4.18,0.3,0,371330.72,4259213.29
5006,R1-002,"UFD DISTRIBUCIÓN ELECTRICIDAD, SA",Ciudad Real,Almodóvar del Campo,371330.72,4259213.29,LA GARGANTA,45,0,No,0,0,0,371330.72,4259213.29
5007,R1-002,"UFD DISTRIBUCIÓN ELECTRICIDAD, SA",Ciudad Real,Almuradiel,456996.33,4263537.71,ALMURADIEL,15,0,No,8.43,0.63,0,456996.33,4263537.71
5008,R1-002,"UFD DISTRIBUCIÓN ELECTRICIDAD, SA",Ciudad Real,Almuradiel,456996.33,4263537.71,ALMURADIEL,45,0,No,0,0,0,456996.33,4263537.71
5009,R1-002,"UFD DISTRIBUCIÓN ELECTRICIDAD, SA",Ciudad Real,Argamasilla de Alba,493565.76,4332051.52,ARGAMASILLA DE ALBA,15,0,No,26.68,0.24,0,493565.76,4332051.52
5010,R1-002,"UFD DISTRIBUCIÓN ELECTRICIDAD, SA",Ciudad Real,Argamasilla de Alba,493565.76,4332051.52,ARGAMASILLA DE ALBA,45,0,No,0,5,0,493565.76,4332051.52
5011,R1-002,"UFD DISTRIBUCIÓN ELECTRICIDAD, SA",Ciudad Real,Argamasilla de Calatrava,405208.81,4285646.21,ARGAMASILLA DE CALATRAVA,15,6.31,No,22.3,0,0,405208.81,4285646.21
5012,R1-299,EDISTRIBUCIÓN REDES DIGITALES S.L.U.,Huesca,Valle de Hecho,683955.71,4733064.53,HECHO,45,0,No,0,0,0,683955.71,4733064.53
5013,R1-002,"UFD DISTRIBUCIÓN ELECTRICIDAD, SA",Ciudad Real,Argamasilla de Calatrava,405208.81,4285646.21,ARGAMASILLA DE CALATRAVA,45,6.55,No,0,0,0,405208.81,4285646.21
5014,R1-002,"UFD DISTRIBUCIÓN ELECTRICIDAD, SA",Ciudad Real,Argamasilla de Calatrava,405208.81,4285646.21,ARGAMASILLA DE CALATRAVA,132,0,No,0,0,0,405208.81,4285646.21
5015,R1-002,"UFD DISTRIBUCIÓN ELECTRICIDAD, SA",Ciudad Real,Calzada de Calatrava,433099.44,4284102,CALZADA DE CALATRAVA,15,0,No,9.52,0,0,433099.44,4284102
5016,R1-002,"UFD DISTRIBUCIÓN ELECTRICIDAD, SA",Ciudad Real,Calzada de Calatrava,433099.44,4284102,CALZADA DE CALATRAVA,45,0,No,0,0,0,433099.44,4284102
5017,R1-002,"UFD DISTRIBUCIÓN ELECTRICIDAD, SA",Ciudad Real,Campo de Criptana,490521.48,4360410.65,CAMPO DE CRIPTANA,15,0,No,17.55,0,0,490521.48,4360410.65
5018,R1-299,EDISTRIBUCIÓN REDES DIGITALES S.L.U.,Huesca,Valle de Hecho,683955.71,4733064.53,HECHO,10,0,No,0.54,0,0,683955.71,4733064.53
5019,R1-002,"UFD DISTRIBUCIÓN ELECTRICIDAD, SA",Ciudad Real,Campo de Criptana,490521.48,4360410.65,CAMPO DE CRIPTANA,45,0,No,0,0,0,490521.48,4360410.65
5020,R1-299,EDISTRIBUCIÓN REDES DIGITALES S.L.U.,Huesca,Huesca,715327.46,4669574.18,HUESCA_EST,45,0,No,0,0,0,715327.46,4669574.18
5021,R1-002,"UFD DISTRIBUCIÓN ELECTRICIDAD, SA",Ciudad Real,Ciudad Real,414776.64,4303545.57,AEROPUERTO CIUDAD REAL,15,0,No,9.82,5.66,0,414776.64,4303545.57
5022,R1-299,EDISTRIBUCIÓN REDES DIGITALES S.L.U.,Huesca,Huesca,715327.46,4669574.18,HUESCA_EST,15,0,No,5.86,0,0,715327.46,4669574.18
5023,R1-002,"UFD DISTRIBUCIÓN ELECTRICIDAD, SA",Ciudad Real,Ciudad Real,414776.64,4303545.57,AEROPUERTO CIUDAD REAL,45,0,No,0,0,0,414776.64,4303545.57
5024,R1-299,EDISTRIBUCIÓN REDES DIGITALES S.L.U.,Huesca,Huesca,715327.46,4669574.18,HUESCA_EST,10,0,No,12.83,0,0,715327.46,4669574.18
5025,R1-002,"UFD DISTRIBUCIÓN ELECTRICIDAD, SA",Ciudad Real,Ciudad Real,416660.43,4311450.81,ALARCOS,45,4.45,No,0,0,0,416660.43,4311450.81
5026,R1-299,EDISTRIBUCIÓN REDES DIGITALES S.L.U.,Huesca,Huesca,713502.15,4669111.2,HUESCA_NOR,132,0,No,0,0,0,713502.15,4669111.2
5027,R1-002,"UFD DISTRIBUCIÓN ELECTRICIDAD, SA",Ciudad Real,Ciudad Real,416660.43,4311450.81,ALARCOS,132,6.47,No,0,0,0,416660.43,4311450.81
5028,R1-299,EDISTRIBUCIÓN REDES DIGITALES S.L.U.,Huesca,Huesca,713502.15,4669111.2,HUESCA_NOR,45,0,No,0,0,0,713502.15,4669111.2
5029,R1-002,"UFD DISTRIBUCIÓN ELECTRICIDAD, SA",Ciudad Real,Ciudad Real,419347.02,4317676.13,PUERTA DE TOLEDO,15,0,No,32.91,0.62,0,419347.02,4317676.13
5030,R1-299,EDISTRIBUCIÓN REDES DIGITALES S.L.U.,Huesca,Huesca,713502.15,4669111.2,HUESCA_NOR,10,0,No,18.67,0,0,713502.15,4669111.2
5031,R1-002,"UFD DISTRIBUCIÓN ELECTRICIDAD, SA",Ciudad Real,Ciudad Real,419347.02,4317676.13,PUERTA DE TOLEDO,45,0,No,0,0,0,419347.02,4317676.13
5032,R1-299,EDISTRIBUCIÓN REDES DIGITALES S.L.U.,Huesca,Huesca,713884.45,4666833.34,HUESCA_SUR,45,0,No,0,0,0,713884.45,4666833.34
5033,R1-002,"UFD DISTRIBUCIÓN ELECTRICIDAD, SA",Ciudad Real,Ciudad Real,420313.53,4314543.54,SANTA TERESA,15,0,No,68.14,0,0,420313.53,4314543.54
5034,R1-299,EDISTRIBUCIÓN REDES DIGITALES S.L.U.,Huesca,Huesca,713884.45,4666833.34,HUESCA_SUR,10,0,No,18.86,0,0,713884.45,4666833.34
5035,R1-299,EDISTRIBUCIÓN REDES DIGITALES S.L.U.,Huesca,Caldearenas,708929.79,4699510.35,JABARRELLA,45,0,No,0,0,0,708929.79,4699510.35
5036,R1-002,"UFD DISTRIBUCIÓN ELECTRICIDAD, SA",Ciudad Real,Ciudad Real,420313.53,4314543.54,SANTA TERESA,132,0,No,0,0,0,420313.53,4314543.54
5037,R1-002,"UFD DISTRIBUCIÓN ELECTRICIDAD, SA",Ciudad Real,Daimiel,446228.99,4325015.66,DAIMIEL,15,0,No,10.7,2,0,446228.99,4325015.66
5038,R1-299,EDISTRIBUCIÓN REDES DIGITALES S.L.U.,Huesca,Jaca,702041.07,4716566.08,JACA_NORTE,45,0,No,0,0,0,702041.07,4716566.08
5039,R1-002,"UFD DISTRIBUCIÓN ELECTRICIDAD, SA",Ciudad Real,Daimiel,446228.99,4325015.66,DAIMIEL,45,0,No,0,0,0,446228.99,4325015.66
5040,R1-299,EDISTRIBUCIÓN REDES DIGITALES S.L.U.,Huesca,Jaca,702041.07,4716566.08,JACA_NORTE,10,0,No,5.73,0,0,702041.07,4716566.08
5041,R1-002,"UFD DISTRIBUCIÓN ELECTRICIDAD, SA",Ciudad Real,Daimiel,448513.42,4324804.75,DAIMIEL 2,15,0,No,50.65,0,0,448513.42,4324804.75
5042,R1-299,EDISTRIBUCIÓN REDES DIGITALES S.L.U.,Huesca,Jaca,700620.1,4714833.43,JACA_SUR,132,0,No,11.87,0,0,700620.1,4714833.43
5043,R1-002,"UFD DISTRIBUCIÓN ELECTRICIDAD, SA",Ciudad Real,Daimiel,448513.42,4324804.75,DAIMIEL 2,132,0,No,12,0,0,448513.42,4324804.75
5044,R1-299,EDISTRIBUCIÓN REDES DIGITALES S.L.U.,Huesca,Jaca,700620.1,4714833.43,JACA_SUR,45,0,No,0,0,0,700620.1,4714833.43
5045,R1-002,"UFD DISTRIBUCIÓN ELECTRICIDAD, SA",Ciudad Real,"Robledo, El",388775.48,4341814.2,EL ROBLEDO,15,0,No,9.93,0,0,388775.48,4341814.2
5046,R1-299,EDISTRIBUCIÓN REDES DIGITALES S.L.U.,Huesca,Jaca,700620.1,4714833.43,JACA_SUR,10,0,No,7.72,0,0,700620.1,4714833.43
5047,R1-002,"UFD DISTRIBUCIÓN ELECTRICIDAD, SA",Ciudad Real,"Robledo, El",388775.48,4341814.2,EL ROBLEDO,45,0,No,0,0,0,388775.48,4341814.2
5048,R1-299,EDISTRIBUCIÓN REDES DIGITALES S.L.U.,Huesca,Caldearenas,703028.78,4696946.35,JAVIERRELA,45,0,No,0,0,0,703028.78,4696946.35
5049,R1-002,"UFD DISTRIBUCIÓN ELECTRICIDAD, SA",Ciudad Real,Herencia,466131.78,4335837.09,HERENCIA,15,0,No,13.55,27.99,0,466131.78,4335837.09
5050,R1-299,EDISTRIBUCIÓN REDES DIGITALES S.L.U.,Huesca,Caldearenas,703028.78,4696946.35,JAVIERRELA,10,0,No,0.17,0,0,703028.78,4696946.35
5051,R1-002,"UFD DISTRIBUCIÓN ELECTRICIDAD, SA",Ciudad Real,Herencia,466131.78,4335837.09,HERENCIA,45,0,No,0,5,0,466131.78,4335837.09
5052,R1-299,EDISTRIBUCIÓN REDES DIGITALES S.L.U.,Huesca,Caldearenas,692077.91,4696054.18,LA_HIDRO,45,0,No,0,0,0,692077.91,4696054.18
5053,R1-002,"UFD DISTRIBUCIÓN ELECTRICIDAD, SA",Ciudad Real,"Solana, La",478739.69,4309119.56,LA SOLANA,15,0,No,33.68,0,0,478739.69,4309119.56
5054,R1-299,EDISTRIBUCIÓN REDES DIGITALES S.L.U.,Huesca,Caldearenas,692077.91,4696054.18,LA_HIDRO,10,0,No,0,0,0,692077.91,4696054.18
5055,R1-002,"UFD DISTRIBUCIÓN ELECTRICIDAD, SA",Ciudad Real,"Solana, La",478739.69,4309119.56,LA SOLANA,45,0,No,0,0,0,478739.69,4309119.56
5056,R1-299,EDISTRIBUCIÓN REDES DIGITALES S.L.U.,Huesca,"Peñas de Riglos, Las",689672.16,4694820.69,LA_PEÑA,45,0,No,0,0,0,689672.16,4694820.69
5057,R1-002,"UFD DISTRIBUCIÓN ELECTRICIDAD, SA",Ciudad Real,Llanos del Caudillo,472432.61,4329288.24,HERRERA DE LA MANCHA,15,0,No,15.53,0,0,472432.61,4329288.24
5058,R1-299,EDISTRIBUCIÓN REDES DIGITALES S.L.U.,Huesca,"Peñas de Riglos, Las",689672.16,4694820.69,LA_PEÑA,10,0,No,0.38,0,0,689672.16,4694820.69
5059,R1-002,"UFD DISTRIBUCIÓN ELECTRICIDAD, SA",Ciudad Real,Llanos del Caudillo,472432.61,4329288.24,HERRERA DE LA MANCHA,45,0,No,0,5,0,472432.61,4329288.24
5060,R1-299,EDISTRIBUCIÓN REDES DIGITALES S.L.U.,Huesca,Tella-Sin,762586.26,4715034.37,LAFORTUNAD,132,0,No,0,0,0,762586.26,4715034.37
5061,R1-002,"UFD DISTRIBUCIÓN ELECTRICIDAD, SA",Ciudad Real,Malagón,425320.94,4335965.76,MALAGON,15,0,No,25.78,1.63,0,425320.94,4335965.76
5062,R1-299,EDISTRIBUCIÓN REDES DIGITALES S.L.U.,Huesca,Tella-Sin,762586.26,4715034.37,LAFORTUNAD,30,0,No,7.83,0,0,762586.26,4715034.37
5063,R1-002,"UFD DISTRIBUCIÓN ELECTRICIDAD, SA",Ciudad Real,Malagón,425320.94,4335965.76,MALAGON,45,0,No,0,0,0,425320.94,4335965.76
5064,R1-299,EDISTRIBUCIÓN REDES DIGITALES S.L.U.,Huesca,Gurrea de Gállego,684998.93,4652373.1,LANIPIEL,45,0,No,0,0,0,684998.93,4652373.1
5065,R1-002,"UFD DISTRIBUCIÓN ELECTRICIDAD, SA",Ciudad Real,Manzanares,467574.86,4319119.02,LA PALOMA,15,0,No,54.8,5.65,0,467574.86,4319119.02
5066,R1-299,EDISTRIBUCIÓN REDES DIGITALES S.L.U.,Huesca,Panticosa,720565.11,4734169.7,LANUZA,132,0,No,0,0,0,720565.11,4734169.7
5067,R1-002,"UFD DISTRIBUCIÓN ELECTRICIDAD, SA",Ciudad Real,Manzanares,467574.86,4319119.02,LA PALOMA,45,0,No,0,0,0,467574.86,4319119.02
5068,R1-299,EDISTRIBUCIÓN REDES DIGITALES S.L.U.,Huesca,Laspuña,758769.26,4710653.96,LASPUÑA,132,0,No,0,0,0,758769.26,4710653.96
5069,R1-002,"UFD DISTRIBUCIÓN ELECTRICIDAD, SA",Ciudad Real,Manzanares,467574.86,4319119.02,LA PALOMA,132,0,No,0,0,0,467574.86,4319119.02
5070,R1-299,EDISTRIBUCIÓN REDES DIGITALES S.L.U.,Huesca,Laspuña,758769.26,4710653.96,LASPUÑA,110,0,No,0,0,0,758769.26,4710653.96
5071,R1-002,"UFD DISTRIBUCIÓN ELECTRICIDAD, SA",Ciudad Real,Moral de Calatrava,452016.88,4296876.02,MORAL DE CALATRAVA,15,0,No,12.79,5,0,452016.88,4296876.02
5072,R1-299,EDISTRIBUCIÓN REDES DIGITALES S.L.U.,Huesca,Laspuña,758769.26,4710653.96,LASPUÑA,30,0,No,5.41,0,0,758769.26,4710653.96
5073,R1-002,"UFD DISTRIBUCIÓN ELECTRICIDAD, SA",Ciudad Real,Moral de Calatrava,452016.88,4296876.02,MORAL DE CALATRAVA,132,0,No,0,49.99,0,452016.88,4296876.02
5074,R1-299,EDISTRIBUCIÓN REDES DIGITALES S.L.U.,Huesca,Sariñena,742877.92,4638062.46,LASTANOSA,45,0,No,0.29,0,0,742877.92,4638062.46
5075,R1-002,"UFD DISTRIBUCIÓN ELECTRICIDAD, SA",Ciudad Real,Pedro Muñoz,503914.79,4361327.44,PEDRO MUÑOZ,15,0,No,6.35,0,0,503914.79,4361327.44
5076,R1-299,EDISTRIBUCIÓN REDES DIGITALES S.L.U.,Huesca,Sariñena,742877.92,4638062.46,LASTANOSA,25,0,No,7.92,0,0,742877.92,4638062.46
5077,R1-002,"UFD DISTRIBUCIÓN ELECTRICIDAD, SA",Ciudad Real,Pedro Muñoz,503914.79,4361327.44,PEDRO MUÑOZ,45,0,No,0,0,0,503914.79,4361327.44
5078,R1-299,EDISTRIBUCIÓN REDES DIGITALES S.L.U.,Huesca,Lalueza,725238.99,4640237.61,MARCEN,132,0,No,0,0,0,725238.99,4640237.61
5079,R1-002,"UFD DISTRIBUCIÓN ELECTRICIDAD, SA",Ciudad Real,Piedrabuena,397622.57,4321081.49,PIEDRABUENA,15,0,No,15.96,5.76,0,397622.57,4321081.49
5080,R1-002,"UFD DISTRIBUCIÓN ELECTRICIDAD, SA",Ciudad Real,Piedrabuena,397622.57,4321081.49,PIEDRABUENA,45,0,No,0,0,0,397622.57,4321081.49
5081,R1-299,EDISTRIBUCIÓN REDES DIGITALES S.L.U.,Huesca,Lalueza,725238.99,4640237.61,MARCEN,45,0,No,0,0,0,725238.99,4640237.61
5082,R1-002,"UFD DISTRIBUCIÓN ELECTRICIDAD, SA",Ciudad Real,Puebla del Príncipe,506847.38,4268578.24,PUEBLA DEL PRINCIPE,15,0,No,7.08,0,0,506847.38,4268578.24
5083,R1-299,EDISTRIBUCIÓN REDES DIGITALES S.L.U.,Huesca,Lalueza,725238.99,4640237.61,MARCEN,15,0,No,15.44,0,0,725238.99,4640237.61
5084,R1-002,"UFD DISTRIBUCIÓN ELECTRICIDAD, SA",Ciudad Real,Puebla del Príncipe,506847.38,4268578.24,PUEBLA DEL PRINCIPE,45,0,No,0,0,0,506847.38,4268578.24
5085,R1-299,EDISTRIBUCIÓN REDES DIGITALES S.L.U.,Huesca,Candasnos,751139.3,4598776.12,MONEGROS,110,0,No,0,0,0,751139.3,4598776.12
5086,R1-002,"UFD DISTRIBUCIÓN ELECTRICIDAD, SA",Ciudad Real,Puertollano,402643.27,4281788.43,CALATRAVA,15,0,No,17.31,0,0,402643.27,4281788.43
5087,R1-299,EDISTRIBUCIÓN REDES DIGITALES S.L.U.,Huesca,Candasnos,751139.3,4598776.12,MONEGROS,25,0,No,18.17,1.43,0,751139.3,4598776.12
5088,R1-002,"UFD DISTRIBUCIÓN ELECTRICIDAD, SA",Ciudad Real,Puertollano,400479.79,4281772.34,COSTANILLA,15,0,No,31.49,2.5,0,400479.79,4281772.34
5089,R1-299,EDISTRIBUCIÓN REDES DIGITALES S.L.U.,Huesca,Caldearenas,714739.69,4691437.91,MONREPOS,45,0,No,0,0,0,714739.69,4691437.91
5090,R1-002,"UFD DISTRIBUCIÓN ELECTRICIDAD, SA",Ciudad Real,Puertollano,400479.79,4281772.34,COSTANILLA,45,0,No,60,0,0,400479.79,4281772.34
5091,R1-299,EDISTRIBUCIÓN REDES DIGITALES S.L.U.,Huesca,Caldearenas,714739.69,4691437.91,MONREPOS,15,0,No,1.97,0,0,714739.69,4691437.91
5092,R1-364,"SAMPOL DISTRIBUCIÓN ELÉCTRICA, S.L","Balears, Illes",Palma,469723,4387083,Subestacion de Transformación y Reparto BIT,15,22,No,24,0,0,984759.6942,4402289.0529
5093,R1-299,EDISTRIBUCIÓN REDES DIGITALES S.L.U.,Huesca,Monzón,763237.35,4647247.63,MONZON,132,0,No,22,0,0,763237.35,4647247.63
5094,R1-364,"SAMPOL DISTRIBUCIÓN ELÉCTRICA, S.L","Balears, Illes",Palma,468815,4387309,Subestación de Reparto APEADERO,15,7,No,1,0,0,983835.9626,4402454.3026
5095,R1-299,EDISTRIBUCIÓN REDES DIGITALES S.L.U.,Huesca,Monzón,763237.35,4647247.63,MONZON,66,0,No,22.06,0,0,763237.35,4647247.63
5096,R1-056,VALL DE SOLLER ENERGIA SLU,"Balears, Illes",Sóller,475260.89,4402332.77,Subestación Sóller,15,8.8,No,5.6,0,0,989277.0215,4417920.8584
5097,R1-299,EDISTRIBUCIÓN REDES DIGITALES S.L.U.,Huesca,Monzón,763237.35,4647247.63,MONZON,25,0,No,45.6,0,0,763237.35,4647247.63
5098,R1-056,VALL DE SOLLER ENERGIA SLU,"Balears, Illes",Sóller,475260.89,4402332.77,Subestación Sóller,15,8.8,No,8.16,0,0,989277.0215,4417920.8584
5099,R1-299,EDISTRIBUCIÓN REDES DIGITALES S.L.U.,Huesca,Peralta de Alcofea,743049.03,4647430.05,PERALTA,45,0,No,0,0,0,743049.03,4647430.05
5100,R1-299,EDISTRIBUCIÓN REDES DIGITALES S.L.U.,"Balears, Illes",Palma,465066.01,4378299.46,AGUSTI,15,0,No,34.38,0,0,980688.356,4393188.0567
5101,R1-299,EDISTRIBUCIÓN REDES DIGITALES S.L.U.,Huesca,Peralta de Alcofea,743049.03,4647430.05,PERALTA,25,0,No,3.11,0,0,743049.03,4647430.05
5102,R1-299,EDISTRIBUCIÓN REDES DIGITALES S.L.U.,"Balears, Illes",Alcúdia,512351.78,4409604.59,ALCUDIA,15,0,No,65.35,0,0,1025912.0241,4427697.055
5103,R1-299,EDISTRIBUCIÓN REDES DIGITALES S.L.U.,Huesca,Graus,777063.15,4680686.77,PERARRUA,110,0,No,0,0,0,777063.15,4680686.77
5104,R1-299,EDISTRIBUCIÓN REDES DIGITALES S.L.U.,"Balears, Illes",Andratx,450404.03,4377362.04,ANDRATX,15,0,No,74.26,0,0,966081.7351,4391268.8959
5105,R1-299,EDISTRIBUCIÓN REDES DIGITALES S.L.U.,Huesca,Graus,777063.15,4680686.77,PERARRUA,25,0,No,7.12,0,0,777063.15,4680686.77
5106,R1-299,EDISTRIBUCIÓN REDES DIGITALES S.L.U.,"Balears, Illes",Palma,480461.63,4375223.08,ARENAL,15,0.29,No,62.91,0,0,996300.6007,4391140.0802
5107,R1-299,EDISTRIBUCIÓN REDES DIGITALES S.L.U.,Huesca,Pertusa,739149.56,4654456.88,PERTUSA,45,0,No,0,0,0,739149.56,4654456.88
5108,R1-299,EDISTRIBUCIÓN REDES DIGITALES S.L.U.,"Balears, Illes",Artà,529431.58,4392429.49,ARTA,15,0,No,29.85,0,0,1044169.6884,4411650.197
5109,R1-299,EDISTRIBUCIÓN REDES DIGITALES S.L.U.,Huesca,Pertusa,739149.56,4654456.88,PERTUSA,25,0,No,7.62,0,0,739149.56,4654456.88
5110,R1-299,EDISTRIBUCIÓN REDES DIGITALES S.L.U.,"Balears, Illes",Sant Josep de sa Talaia,361213,4305701.17,BOSSA,15,6.87,No,22.12,0,0,881656.5653,4313694.1811
5111,R1-299,EDISTRIBUCIÓN REDES DIGITALES S.L.U.,Huesca,Pertusa,739149.56,4654456.88,PERTUSA,10,0,No,1.45,0,0,739149.56,4654456.88
5112,R1-299,EDISTRIBUCIÓN REDES DIGITALES S.L.U.,"Balears, Illes",Bunyola,474584.41,4392803.56,BUNYOLA,15,8.05,No,32.15,0,0,989240.4734,4408339.6337
5113,R1-299,EDISTRIBUCIÓN REDES DIGITALES S.L.U.,Huesca,Fraga,783340.66,4603595.38,PLFRAGA,110,0,No,21.08,0,0,783340.66,4603595.38
5114,R1-299,EDISTRIBUCIÓN REDES DIGITALES S.L.U.,"Balears, Illes",Llucmajor,484151.25,4362265.59,CALABLAVA,15,9.64,No,30.38,0,0,1000859.5113,4378418.505
5115,R1-299,EDISTRIBUCIÓN REDES DIGITALES S.L.U.,Huesca,Fraga,783340.66,4603595.38,PLFRAGA,25,0,No,17.44,0,0,783340.66,4603595.38
5116,R1-299,EDISTRIBUCIÓN REDES DIGITALES S.L.U.,"Balears, Illes",Calvià,457685.52,4375346.05,CALVIA,15,9.13,No,53.81,0,0,973501.44,4389739.1223
5117,R1-299,EDISTRIBUCIÓN REDES DIGITALES S.L.U.,Huesca,Huesca,710442.36,4664333.14,PLHUS,132,0,No,136,0,0,710442.36,4664333.14
5118,R1-299,EDISTRIBUCIÓN REDES DIGITALES S.L.U.,"Balears, Illes",Capdepera,535761.67,4394303.97,CAPDEPERA,15,0,No,26.13,0,0,1050382.724,4413953.0385
5119,R1-299,EDISTRIBUCIÓN REDES DIGITALES S.L.U.,Huesca,Huesca,710442.36,4664333.14,PLHUS,45,0,No,0,0,0,710442.36,4664333.14
5120,R1-299,EDISTRIBUCIÓN REDES DIGITALES S.L.U.,"Balears, Illes",Palma,468666.75,4380483.43,CATALINA,15,0,No,76.23,0,0,984145.074,4395614.4807
5121,R1-299,EDISTRIBUCIÓN REDES DIGITALES S.L.U.,Huesca,Huesca,710442.36,4664333.14,PLHUS,15,0,No,32.41,0,0,710442.36,4664333.14
5122,R1-299,EDISTRIBUCIÓN REDES DIGITALES S.L.U.,"Balears, Illes",Ciutadella de Menorca,573015.3,4428482.69,CIUDADELA,15,20.3,No,42.36,0,0,1085390.7701,4450703.8574
5123,R1-299,EDISTRIBUCIÓN REDES DIGITALES S.L.U.,Huesca,Panticosa,720582.45,4734210.88,PUEYO,66,0,No,0,0,0,720582.45,4734210.88
5124,R1-299,EDISTRIBUCIÓN REDES DIGITALES S.L.U.,"Balears, Illes",Palma,470313.86,4381637.33,COLISEO,15,0,No,66.8,0,0,985715.9535,4396879.4603
5125,R1-299,EDISTRIBUCIÓN REDES DIGITALES S.L.U.,Huesca,Lalueza,725440.11,4640198.31,R_MARCEN,45,0,No,0.29,0,0,725440.11,4640198.31
5126,R1-299,EDISTRIBUCIÓN REDES DIGITALES S.L.U.,"Balears, Illes",Felanitx,520305.58,4363526.88,COLOM,15,0,No,33.77,0,0,1036969.0264,4382096.6988
5127,R1-299,EDISTRIBUCIÓN REDES DIGITALES S.L.U.,Huesca,Tardienta,703698.93,4650143.33,R_TARDIENT,45,0,No,0,0,0,703698.93,4650143.33
5128,R1-299,EDISTRIBUCIÓN REDES DIGITALES S.L.U.,"Balears, Illes",Maó,605772.42,4416421.94,DRAGONERA,15,7.15,No,70.41,0,0,1119032.934,4440836.2428
5129,R1-299,EDISTRIBUCIÓN REDES DIGITALES S.L.U.,Huesca,Robres,710649.01,4635053.19,ROBRES,132,0,No,0,0,0,710649.01,4635053.19
5130,R1-299,EDISTRIBUCIÓN REDES DIGITALES S.L.U.,"Balears, Illes",Palma,469054.62,4381394.33,FALCA,15,1.16,No,44.38,0,0,984472.1764,4396551.9434
5131,R1-299,EDISTRIBUCIÓN REDES DIGITALES S.L.U.,Huesca,Castillonroy,797099.92,4642867.23,S.ANA,132,0,No,0,0,0,797099.92,4642867.23
5132,R1-299,EDISTRIBUCIÓN REDES DIGITALES S.L.U.,"Balears, Illes",Formentera,366399.64,4283694.86,FORMENTE,15,0,No,22.28,0,0,888286.6368,4292041.1116
5133,R1-299,EDISTRIBUCIÓN REDES DIGITALES S.L.U.,Huesca,Sabiñánigo,717030.34,4710543.32,SABIÑANIGO,132,0,No,104.5,0,0,717030.34,4710543.32
5134,R1-299,EDISTRIBUCIÓN REDES DIGITALES S.L.U.,"Balears, Illes",Inca,492942.73,4396044.4,INCA,15,2.06,No,38.3,0,0,1007395.8453,4412816.3696
5135,R1-299,EDISTRIBUCIÓN REDES DIGITALES S.L.U.,Huesca,Sabiñánigo,717030.34,4710543.32,SABIÑANIGO,15,0,No,3.25,0,0,717030.34,4710543.32
5136,R1-299,EDISTRIBUCIÓN REDES DIGITALES S.L.U.,"Balears, Illes",Palma,473087.53,4379767.89,LLATZER,15,0,No,111.22,0,0,988616.7209,4395194.5537
5137,R1-299,EDISTRIBUCIÓN REDES DIGITALES S.L.U.,Huesca,Sallent de Gállego,718136.19,4738788.97,SALLENT,132,0,No,0,0,0,718136.19,4738788.97
5138,R1-299,EDISTRIBUCIÓN REDES DIGITALES S.L.U.,"Balears, Illes",Alcúdia,508035.87,4407123.86,LLORETA,15,0,No,23.85,0,0,1021758.5071,4424922.6722
5139,R1-299,EDISTRIBUCIÓN REDES DIGITALES S.L.U.,Huesca,Sariñena,733630.05,4633768.98,SARIÑENA,45,0,No,0,0,0,733630.05,4633768.98
5140,R1-299,EDISTRIBUCIÓN REDES DIGITALES S.L.U.,"Balears, Illes",Llucmajor,491463.95,4372060,LLUCMAJOR,15,0,No,56.74,0,0,1007524.1343,4388710.5318
5141,R1-299,EDISTRIBUCIÓN REDES DIGITALES S.L.U.,Huesca,Sariñena,733630.05,4633768.98,SARIÑENA,25,0,No,11.87,0,0,733630.05,4633768.98
5142,R1-299,EDISTRIBUCIÓN REDES DIGITALES S.L.U.,"Balears, Illes",Manacor,516352.82,4380422.56,MANACOR,15,1.51,No,73.84,0.65,0,1031879.9728,4398749.343
5143,R1-299,EDISTRIBUCIÓN REDES DIGITALES S.L.U.,Huesca,Broto,736522.12,4717064.46,SARVISE,45,0,No,0,0,0,736522.12,4717064.46
5144,R1-299,EDISTRIBUCIÓN REDES DIGITALES S.L.U.,"Balears, Illes",Marratxí,476509.37,4384694.39,MARRATXI,15,0,No,42.24,0,0,991710.8721,4400353.8564
5145,R1-299,EDISTRIBUCIÓN REDES DIGITALES S.L.U.,Huesca,Broto,736522.12,4717064.46,SARVISE,15,0,No,2.48,0,0,736522.12,4717064.46
5146,R1-299,EDISTRIBUCIÓN REDES DIGITALES S.L.U.,"Balears, Illes","Mercadal, Es",593563.05,4425798.01,MERCADAL,15,0,No,56.73,0,0,1106161.538,4449406.2611
5147,R1-299,EDISTRIBUCIÓN REDES DIGITALES S.L.U.,Huesca,"Sotonera, La",706786.76,4672711.38,SASO_PLANO,132,0,No,0,0,0,706786.76,4672711.38
5148,R1-299,EDISTRIBUCIÓN REDES DIGITALES S.L.U.,"Balears, Illes",Sant Llorenç des Cardassar,531203.73,4381596.55,MILLOR,15,18.67,No,44.07,0,0,1046671.9251,4400921.0663
5149,R1-299,EDISTRIBUCIÓN REDES DIGITALES S.L.U.,Huesca,Sabiñánigo,715563.39,4706720.23,SEC_SABIÑA,45,0,No,0,0,0,715563.39,4706720.23
5150,R1-299,EDISTRIBUCIÓN REDES DIGITALES S.L.U.,"Balears, Illes",Palma,472051.9,4379838.48,MOLINES,15,0,No,88.1,0,0,987575.6511,4395195.8305
5151,R1-299,EDISTRIBUCIÓN REDES DIGITALES S.L.U.,Huesca,Seira,782452.33,4708585.71,SEIRA,110,0,No,0,0,0,782452.33,4708585.71
5152,R1-299,EDISTRIBUCIÓN REDES DIGITALES S.L.U.,"Balears, Illes",Palma,470654.36,4380350.47,NUREDDUNA,15,2.82,No,41.47,0,0,986142.8809,4395614.5612
5153,R1-299,EDISTRIBUCIÓN REDES DIGITALES S.L.U.,Huesca,Seira,782452.33,4708585.71,SEIRA,25,0,No,5.34,0,0,782452.33,4708585.71
5154,R1-299,EDISTRIBUCIÓN REDES DIGITALES S.L.U.,"Balears, Illes",Palma,477156.76,4376461.25,OMS,15,0,No,40.47,0,0,992910.2983,4392157.9933
5155,R1-299,EDISTRIBUCIÓN REDES DIGITALES S.L.U.,Huesca,Monzón,758693.74,4647296.22,SELGUA,45,0,No,0,0,0,758693.74,4647296.22
5156,R1-299,EDISTRIBUCIÓN REDES DIGITALES S.L.U.,"Balears, Illes",Calvià,459895.88,4374011.56,P.NOVA,15,19.83,No,41.15,0,0,975802.2146,4388551.7825
5157,R1-299,EDISTRIBUCIÓN REDES DIGITALES S.L.U.,Huesca,Monzón,758693.74,4647296.22,SELGUA,10,0,No,4.94,0,0,758693.74,4647296.22
5158,R1-299,EDISTRIBUCIÓN REDES DIGITALES S.L.U.,"Balears, Illes",Santa Margalida,513365.94,4399735.03,PICAFORT,15,12.21,No,37.99,0,0,1027592.1431,4417884.4198
5159,R1-299,EDISTRIBUCIÓN REDES DIGITALES S.L.U.,Huesca,Montanuy,806734.23,4717016.87,SENET,132,0,No,0,0,0,806734.23,4717016.87
5160,R1-299,EDISTRIBUCIÓN REDES DIGITALES S.L.U.,"Balears, Illes","Pobla, Sa",502715.51,4401498.29,POBLA,15,7.6,No,31.31,0.01,0,1016811.3337,4418932.8653
5161,R1-299,EDISTRIBUCIÓN REDES DIGITALES S.L.U.,Huesca,Montanuy,806734.23,4717016.87,SENET,25,0,No,9.85,0,0,806734.23,4717016.87
5162,R1-299,EDISTRIBUCIÓN REDES DIGITALES S.L.U.,"Balears, Illes",Palma,470744.21,4384360.37,POLIGON,15,5.92,No,62.45,0,0,985964.1085,4399633.1266
5163,R1-299,EDISTRIBUCIÓN REDES DIGITALES S.L.U.,Huesca,Binéfar,774399.67,4639022.38,SOSAL,110,0,No,8.59,0,0,774399.67,4639022.38
5164,R1-299,EDISTRIBUCIÓN REDES DIGITALES S.L.U.,"Balears, Illes",Pollença,504810.35,4414933.36,POLLENSA,15,0,No,44.67,0,0,1018002.9956,4432522.9779
5165,R1-299,EDISTRIBUCIÓN REDES DIGITALES S.L.U.,Huesca,Alcalá de Gurrea,692575.17,4663960.21,SOTONERA,45,0,No,0,0,0,692575.17,4663960.21
5166,R1-299,EDISTRIBUCIÓN REDES DIGITALES S.L.U.,"Balears, Illes",Eivissa,363973.22,4308764.26,PRAT,15,11.28,No,67.41,0,0,884213.339,4316937.2973
5167,R1-299,EDISTRIBUCIÓN REDES DIGITALES S.L.U.,Huesca,Tardienta,704892.12,4649387.26,TARDIENTA,45,0,No,0,0,0,704892.12,4649387.26
5168,R1-299,EDISTRIBUCIÓN REDES DIGITALES S.L.U.,"Balears, Illes",Palma,468456.26,4382470,RAFAL,15,0.19,No,69.28,15.45,0,983801.3704,4397588.2096
5169,R1-299,EDISTRIBUCIÓN REDES DIGITALES S.L.U.,Huesca,Tardienta,704892.12,4649387.26,TARDIENTA,15,0,No,14.59,1.52,0,704892.12,4649387.26
5170,R1-299,EDISTRIBUCIÓN REDES DIGITALES S.L.U.,"Balears, Illes",Sant Antoni de Portmany,355857.02,4313357.82,S.ANTONI,15,0,No,66.51,0,0,875799.4526,4320992.8625
5171,R1-299,EDISTRIBUCIÓN REDES DIGITALES S.L.U.,Huesca,Torrente de Cinca,778629.4,4595431.3,TORRENTE,110,0,No,0,0,0,778629.4,4595431.3
5172,R1-299,EDISTRIBUCIÓN REDES DIGITALES S.L.U.,"Balears, Illes",Sant Joan de Labritja,369304.06,4318575.2,S.EULALIA,15,5.2,No,59.1,0.01,0,888894,4327094.4871
5173,R1-299,EDISTRIBUCIÓN REDES DIGITALES S.L.U.,Huesca,Biscarrués,685863.32,4671555.55,VALDESPART,45,0,No,0,0,0,685863.32,4671555.55
5174,R1-299,EDISTRIBUCIÓN REDES DIGITALES S.L.U.,"Balears, Illes",Sant Josep de sa Talaia,359354.17,4307454.71,S.JORGE,15,27.46,No,20.8,0,0,879683.3882,4315324.1853
5175,R1-299,EDISTRIBUCIÓN REDES DIGITALES S.L.U.,Huesca,Villanúa,702330.14,4729316.39,VILLANUA,45,0,No,0,0,0,702330.14,4729316.39
5176,R1-299,EDISTRIBUCIÓN REDES DIGITALES S.L.U.,"Balears, Illes",Palma,474366.72,4377558.66,S.JUAN,15,0,No,60.72,0,0,990044.7481,4393069.4267
5177,R1-299,EDISTRIBUCIÓN REDES DIGITALES S.L.U.,Huesca,Villanúa,702330.14,4729316.39,VILLANUA,15,0,No,2.85,0,0,702330.14,4729316.39
5178,R1-299,EDISTRIBUCIÓN REDES DIGITALES S.L.U.,Huesca,Huesca,710003.07,4665073.12,WALQA,45,0,No,3.8,0,0,710003.07,4665073.12
5179,R1-299,EDISTRIBUCIÓN REDES DIGITALES S.L.U.,"Balears, Illes",Santa María del Camí,483353.7,4389293.73,S.MARIA,15,0,No,30.71,0,0,998251.945,4405415.8387
5180,R1-299,EDISTRIBUCIÓN REDES DIGITALES S.L.U.,Huesca,Huesca,710003.07,4665073.12,WALQA,15,0,No,5.79,0,0,710003.07,4665073.12
5181,R1-299,EDISTRIBUCIÓN REDES DIGITALES S.L.U.,Barcelona,Vilanova i la Geltrú,895330.73,4574889.37,LAGELTRU,110,0,No,0,0,0,895330.73,4574889.37
5182,R1-299,EDISTRIBUCIÓN REDES DIGITALES S.L.U.,"Balears, Illes",Santanyí,510144.8,4357526.72,SANTANYI,15,0,No,38.43,0,0,1027196.2771,4375410.1996
5183,R1-299,EDISTRIBUCIÓN REDES DIGITALES S.L.U.,Teruel,Albalate del Arzobispo,708503.12,4555258.01,ALBALATE,45,0,No,0,0,0,708503.12,4555258.01
5184,R1-299,EDISTRIBUCIÓN REDES DIGITALES S.L.U.,Barcelona,Vilanova i la Geltrú,895330.73,4574889.37,LAGELTRU,25,0,No,62.97,0,0,895330.73,4574889.37
5185,R1-299,EDISTRIBUCIÓN REDES DIGITALES S.L.U.,"Balears, Illes",Santa Eulària des Riu,364166.1,4310821.72,TORRENT,15,0,No,33.95,0,0,884270.4854,4319006.2777
5186,R1-299,EDISTRIBUCIÓN REDES DIGITALES S.L.U.,Teruel,Albalate del Arzobispo,708503.12,4555258.01,ALBALATE,15,0,No,5.26,0,0,708503.12,4555258.01
5187,R1-299,EDISTRIBUCIÓN REDES DIGITALES S.L.U.,Barcelona,Vilanova i la Geltrú,895330.73,4574889.37,LAGELTRU,11,0,No,8.13,0,0,895330.73,4574889.37
5188,R1-299,EDISTRIBUCIÓN REDES DIGITALES S.L.U.,"Balears, Illes",Bunyola,473208.34,4389514.31,VELES,15,29.9,No,8.1,0,0,988084.2381,4404955.766
5189,R1-299,EDISTRIBUCIÓN REDES DIGITALES S.L.U.,Teruel,Alcalá de la Selva,695622.05,4471588.79,ALCA_SELVA,45,0,No,0,0,0,695622.05,4471588.79
5190,R1-299,EDISTRIBUCIÓN REDES DIGITALES S.L.U.,Barcelona,Barcelona,929638.19,4594516.39,LESCORTS,11,0,No,42.26,0,0,929638.19,4594516.39
5191,R1-299,EDISTRIBUCIÓN REDES DIGITALES S.L.U.,"Balears, Illes",Inca,491250.07,4395473.91,VINYETA,15,0,No,33.94,0,0,1005739.992,4412131.599
5192,R1-299,EDISTRIBUCIÓN REDES DIGITALES S.L.U.,Teruel,Alcalá de la Selva,695622.05,4471588.79,ALCA_SELVA,20,0,No,3.9,0,0,695622.05,4471588.79
5193,R1-299,EDISTRIBUCIÓN REDES DIGITALES S.L.U.,Barcelona,Terrassa,920998.66,4612702.12,M.FIGUERES,110,0,No,0,0,0,920998.66,4612702.12
5194,R1-299,EDISTRIBUCIÓN REDES DIGITALES S.L.U.,Barcelona,Terrassa,920998.66,4612702.12,M.FIGUERES,25,0,No,128.04,0,0,920998.66,4612702.12
5195,R1-299,EDISTRIBUCIÓN REDES DIGITALES S.L.U.,Barcelona,Manresa,902510.08,4631396.58,MANRESA,25,0,No,69.38,0,0,902510.08,4631396.58
5196,R1-299,EDISTRIBUCIÓN REDES DIGITALES S.L.U.,Barcelona,Barcelona,932957.35,4598001.57,MARAGALL,25,38.94,No,1.48,0,0,932957.35,4598001.57
5197,R1-299,EDISTRIBUCIÓN REDES DIGITALES S.L.U.,Barcelona,Sabadell,925354.75,4613818.09,SABADELL,110,0,No,0,0,0,925354.75,4613818.09
5198,R1-299,EDISTRIBUCIÓN REDES DIGITALES S.L.U.,Barcelona,Sallent,905780.38,4641262.68,SALLENT,110,0,No,0,0,0,905780.38,4641262.68
5199,R1-299,EDISTRIBUCIÓN REDES DIGITALES S.L.U.,Barcelona,"Hospitalet de Llobregat, L'",928505.75,4592343.8,SANTS,25,0,No,53.99,0,0,928505.75,4592343.8
5200,R1-299,EDISTRIBUCIÓN REDES DIGITALES S.L.U.,Barcelona,Vilanova de Sau,948706.4,4660386.41,SAU,110,0,No,0,0,0,948706.4,4660386.41
5201,R1-299,EDISTRIBUCIÓN REDES DIGITALES S.L.U.,Barcelona,Vilanova de Sau,948706.4,4660386.41,SAU,25,0,No,0,0,0,948706.4,4660386.41
5202,R1-299,EDISTRIBUCIÓN REDES DIGITALES S.L.U.,Barcelona,Barcelona,932957.35,4598001.57,MARAGALL,11,0,No,86.8,0,0,932957.35,4598001.57
5203,R1-299,EDISTRIBUCIÓN REDES DIGITALES S.L.U.,Barcelona,Martorell,909781.95,4603234.99,MARTORELL,110,0,No,31.82,0,0,909781.95,4603234.99
5204,R1-299,EDISTRIBUCIÓN REDES DIGITALES S.L.U.,Barcelona,Martorell,909781.95,4603234.99,MARTORELL,25,0,No,108.08,0,0,909781.95,4603234.99
5205,R1-299,EDISTRIBUCIÓN REDES DIGITALES S.L.U.,Barcelona,Barcelona,932587.08,4593208.32,MATA,110,0,No,0,0,0,932587.08,4593208.32
5206,R1-299,EDISTRIBUCIÓN REDES DIGITALES S.L.U.,Barcelona,Barcelona,932587.08,4593208.32,MATA,25,0,No,58.69,0,0,932587.08,4593208.32
5207,R1-299,EDISTRIBUCIÓN REDES DIGITALES S.L.U.,Barcelona,Barcelona,932587.08,4593208.32,MATA,11,0,No,108.02,0,0,932587.08,4593208.32
5208,R1-299,EDISTRIBUCIÓN REDES DIGITALES S.L.U.,Barcelona,Mataró,954888.41,4614212.65,MATARO,110,0,No,0,0,0,954888.41,4614212.65
5209,R1-299,EDISTRIBUCIÓN REDES DIGITALES S.L.U.,Barcelona,Mataró,954888.41,4614212.65,MATARO,25,0,No,121.09,0,0,954888.41,4614212.65
5210,R1-299,EDISTRIBUCIÓN REDES DIGITALES S.L.U.,Barcelona,Mataró,954888.41,4614212.65,MATARO,11,0,No,6.67,0,0,954888.41,4614212.65
5211,R1-299,EDISTRIBUCIÓN REDES DIGITALES S.L.U.,Barcelona,Abrera,908334.22,4606697.06,MERCADONA,110,0,No,5.91,0,0,908334.22,4606697.06
5212,R1-299,EDISTRIBUCIÓN REDES DIGITALES S.L.U.,Barcelona,Martorelles,937135.46,4611577.09,MOGENT,110,0,No,0,0,0,937135.46,4611577.09
5213,R1-299,EDISTRIBUCIÓN REDES DIGITALES S.L.U.,Barcelona,Martorelles,937135.46,4611577.09,MOGENT,25,0,No,69.32,2.32,0,937135.46,4611577.09
5214,R1-299,EDISTRIBUCIÓN REDES DIGITALES S.L.U.,Barcelona,Olèrdola,893107.32,4586100.53,MOJA,110,0,No,33,0,0,893107.32,4586100.53
5215,R1-299,EDISTRIBUCIÓN REDES DIGITALES S.L.U.,Barcelona,Olèrdola,893107.32,4586100.53,MOJA,25,0,No,81.18,0,0,893107.32,4586100.53
5216,R1-299,EDISTRIBUCIÓN REDES DIGITALES S.L.U.,Barcelona,Orís,932827.72,4671254.54,MOLI,45,0,No,0,0,0,932827.72,4671254.54
5217,R1-299,EDISTRIBUCIÓN REDES DIGITALES S.L.U.,Barcelona,Orís,932827.72,4671254.54,MOLI,25,0,No,5.11,0,0,932827.72,4671254.54
5218,R1-299,EDISTRIBUCIÓN REDES DIGITALES S.L.U.,Barcelona,Monistrol de Montserrat,904180.01,4618850.15,MONISTROL,110,0,No,0,0,0,904180.01,4618850.15
5219,R1-299,EDISTRIBUCIÓN REDES DIGITALES S.L.U.,Barcelona,Monistrol de Montserrat,904180.01,4618850.15,MONISTROL,25,0,No,37.58,5.81,0,904180.01,4618850.15
5220,R1-299,EDISTRIBUCIÓN REDES DIGITALES S.L.U.,Barcelona,Montmeló,938290.61,4613353.43,MONTMELO,132,0,No,0,0,0,938290.61,4613353.43
5221,R1-299,EDISTRIBUCIÓN REDES DIGITALES S.L.U.,Barcelona,Montmeló,938290.61,4613353.43,MONTMELO,25,0,No,79.49,0,0,938290.61,4613353.43
5222,R1-299,EDISTRIBUCIÓN REDES DIGITALES S.L.U.,Barcelona,Barcelona,929279.11,4589813.23,MOTORS,25,0,No,136.33,0,0,929279.11,4589813.23
5223,R1-299,EDISTRIBUCIÓN REDES DIGITALES S.L.U.,Barcelona,Vic,935226.49,4655954.9,OSONA,110,0,No,40,0,0,935226.49,4655954.9
5224,R1-299,EDISTRIBUCIÓN REDES DIGITALES S.L.U.,Barcelona,Vic,935226.49,4655954.9,OSONA,25,0,No,51.49,0,0,935226.49,4655954.9
5225,R1-299,EDISTRIBUCIÓN REDES DIGITALES S.L.U.,Barcelona,Barcelona,929399.8,4598394.88,PENITENTS,110,0,No,0,0,0,929399.8,4598394.88
5226,R1-299,EDISTRIBUCIÓN REDES DIGITALES S.L.U.,Barcelona,"Hostalets de Pierola, Els",903011.54,4608106.52,PIEROLA,110,0,No,0,0,0,903011.54,4608106.52
5227,R1-299,EDISTRIBUCIÓN REDES DIGITALES S.L.U.,Barcelona,Palau-solità i Plegamans,932441.1,4614807.34,PALAU,25,0,No,147.04,0,0,932441.1,4614807.34
5228,R1-299,EDISTRIBUCIÓN REDES DIGITALES S.L.U.,Barcelona,Vilafranca del Penedès,893839.47,4589920.79,PENEDES,25,0,No,61.31,0,0,893839.47,4589920.79
5229,R1-299,EDISTRIBUCIÓN REDES DIGITALES S.L.U.,Barcelona,Barcelona,929399.8,4598394.88,PENITENTS,11,0,No,55.13,0,0,929399.8,4598394.88
5230,R1-299,EDISTRIBUCIÓN REDES DIGITALES S.L.U.,Barcelona,"Hostalets de Pierola, Els",903011.54,4608106.52,PIEROLA,25,0,No,32.01,0,0,903011.54,4608106.52
5231,R1-299,EDISTRIBUCIÓN REDES DIGITALES S.L.U.,Barcelona,"Prat de Llobregat, El",929244.37,4586898.98,PRAT,110,0,No,0,0,0,929244.37,4586898.98
5232,R1-299,EDISTRIBUCIÓN REDES DIGITALES S.L.U.,Barcelona,"Prat de Llobregat, El",929244.37,4586898.98,PRAT,25,0,No,67.21,0,0,929244.37,4586898.98
5233,R1-299,EDISTRIBUCIÓN REDES DIGITALES S.L.U.,Barcelona,Polinyà,931481.52,4612618.8,R.CALDES,110,0,No,0,0,0,931481.52,4612618.8
5234,R1-299,EDISTRIBUCIÓN REDES DIGITALES S.L.U.,Barcelona,Polinyà,931481.52,4612618.8,R.CALDES,25,0,No,91.36,0,0,931481.52,4612618.8
5235,R1-299,EDISTRIBUCIÓN REDES DIGITALES S.L.U.,Barcelona,"Roca del Vallès, La",943507.57,4617667.42,ROCA,132,0,No,0,0,0,943507.57,4617667.42
5236,R1-299,EDISTRIBUCIÓN REDES DIGITALES S.L.U.,Barcelona,"Roca del Vallès, La",943507.57,4617667.42,ROCA,25,0,No,89.27,0,0,943507.57,4617667.42
5237,R1-299,EDISTRIBUCIÓN REDES DIGITALES S.L.U.,Barcelona,Vilanova i la Geltrú,895674.84,4577601.9,ROURELL,110,0,No,0,0,0,895674.84,4577601.9
5238,R1-299,EDISTRIBUCIÓN REDES DIGITALES S.L.U.,Barcelona,Rubí,918379.31,4603442.73,RUBI,66,0,No,0,0,0,918379.31,4603442.73
5239,R1-299,EDISTRIBUCIÓN REDES DIGITALES S.L.U.,Barcelona,Rubí,918379.31,4603442.73,RUBI,25,0,No,98.24,0,0,918379.31,4603442.73
5240,R1-299,EDISTRIBUCIÓN REDES DIGITALES S.L.U.,Barcelona,Barcelona,933567.06,4601337.95,S.ANDREU,110,0,No,2.34,0,0,933567.06,4601337.95
5241,R1-299,EDISTRIBUCIÓN REDES DIGITALES S.L.U.,Barcelona,Barcelona,933567.06,4601337.95,S.ANDREU,25,0,No,57.63,0,0,933567.06,4601337.95
5242,R1-299,EDISTRIBUCIÓN REDES DIGITALES S.L.U.,Barcelona,Premià de Dalt,945212.35,4609901.35,S.MATEU,110,0,No,0,0,0,945212.35,4609901.35
5243,R1-299,EDISTRIBUCIÓN REDES DIGITALES S.L.U.,Barcelona,Premià de Dalt,945212.35,4609901.35,S.MATEU,25,0,No,62.73,8.08,0,945212.35,4609901.35
5244,R1-299,EDISTRIBUCIÓN REDES DIGITALES S.L.U.,Barcelona,Sant Pere de Ribes,897895.86,4578509.09,S.PERE.RIB,110,0,No,0,0,0,897895.86,4578509.09
5245,R1-299,EDISTRIBUCIÓN REDES DIGITALES S.L.U.,Barcelona,Sant Pere de Ribes,897895.86,4578509.09,S.PERE.RIB,25,0,No,72.1,0,0,897895.86,4578509.09
5246,R1-299,EDISTRIBUCIÓN REDES DIGITALES S.L.U.,Barcelona,Santa Susanna,974468.21,4626482.21,S.SUSANNA,110,0,No,0,0,0,974468.21,4626482.21
5247,R1-299,EDISTRIBUCIÓN REDES DIGITALES S.L.U.,Barcelona,Santa Susanna,974468.21,4626482.21,S.SUSANNA,25,0,No,35.91,2.15,0,974468.21,4626482.21
5248,R1-299,EDISTRIBUCIÓN REDES DIGITALES S.L.U.,Barcelona,Barcelona,933567.06,4601337.95,S.ANDREU,11,0,No,60.93,0.65,0,933567.06,4601337.95
5249,R1-299,EDISTRIBUCIÓN REDES DIGITALES S.L.U.,Barcelona,Sant Boi de Llobregat,921844.47,4588326.94,S.BOI,110,0,No,0,0,0,921844.47,4588326.94
5250,R1-299,EDISTRIBUCIÓN REDES DIGITALES S.L.U.,Barcelona,Sant Boi de Llobregat,921844.47,4588326.94,S.BOI,25,0,No,60.56,0,0,921844.47,4588326.94
5251,R1-299,EDISTRIBUCIÓN REDES DIGITALES S.L.U.,Barcelona,Barcelona,922924.76,4597364.04,S.C.OLORDE,25,0,No,0.46,0,0,922924.76,4597364.04
5252,R1-299,EDISTRIBUCIÓN REDES DIGITALES S.L.U.,Barcelona,Santa Cecília de Voltregà,933277.44,4662491.29,S.CECILIA,132,0,No,0,0,0,933277.44,4662491.29
5253,R1-299,EDISTRIBUCIÓN REDES DIGITALES S.L.U.,Barcelona,Santa Cecília de Voltregà,933277.44,4662491.29,S.CECILIA,25,0,No,56.6,0,0,933277.44,4662491.29
5254,R1-299,EDISTRIBUCIÓN REDES DIGITALES S.L.U.,Barcelona,Sant Celoni,955240.27,4631677.78,S.CELONI,110,0,No,0,0,0,955240.27,4631677.78
5255,R1-299,EDISTRIBUCIÓN REDES DIGITALES S.L.U.,Barcelona,Sant Celoni,955240.27,4631677.78,S.CELONI,25,0,No,51.4,4.37,0,955240.27,4631677.78
5256,R1-299,EDISTRIBUCIÓN REDES DIGITALES S.L.U.,Barcelona,Santa Coloma de Gramenet,933612.38,4602859.12,S.COLOMA,132,0,No,63.8,0,0,933612.38,4602859.12
5257,R1-299,EDISTRIBUCIÓN REDES DIGITALES S.L.U.,Barcelona,Santa Coloma de Gramenet,933612.38,4602859.12,S.COLOMA,66,10.14,No,0,0,0,933612.38,4602859.12
5258,R1-299,EDISTRIBUCIÓN REDES DIGITALES S.L.U.,Barcelona,Santa Coloma de Gramenet,933612.38,4602859.12,S.COLOMA,25,10.14,No,57.75,0,0,933612.38,4602859.12
5259,R1-299,EDISTRIBUCIÓN REDES DIGITALES S.L.U.,Barcelona,Sant Cugat del Vallès,923849.02,4605269.4,S.CUGAT,25,0,No,73,0,0,923849.02,4605269.4
5260,R1-299,EDISTRIBUCIÓN REDES DIGITALES S.L.U.,Barcelona,Sant Feliu de Llobregat,921014.42,4594952.03,S.FELIU,66,0,No,0,0,0,921014.42,4594952.03
5261,R1-299,EDISTRIBUCIÓN REDES DIGITALES S.L.U.,Barcelona,Sant Feliu de Llobregat,921014.42,4594952.03,S.FELIU,25,0,No,47.18,0,0,921014.42,4594952.03
5262,R1-299,EDISTRIBUCIÓN REDES DIGITALES S.L.U.,Barcelona,Sant Fost de Campsentelles,935519.49,4608743.04,S.FOST,110,0,No,0,0,0,935519.49,4608743.04
5263,R1-299,EDISTRIBUCIÓN REDES DIGITALES S.L.U.,Barcelona,Sant Fost de Campsentelles,935519.49,4608743.04,S.FOST,25,3.32,No,64.55,0,0,935519.49,4608743.04
5264,R1-299,EDISTRIBUCIÓN REDES DIGITALES S.L.U.,Barcelona,Sant Joan Despí,923790.66,4591544.21,S.JOAN.DES,110,0,No,0,0,0,923790.66,4591544.21
5265,R1-299,EDISTRIBUCIÓN REDES DIGITALES S.L.U.,Barcelona,Sant Joan Despí,923790.66,4591544.21,S.JOAN.DES,25,0,No,84.24,7.6,0,923790.66,4591544.21
5266,R1-299,EDISTRIBUCIÓN REDES DIGITALES S.L.U.,Barcelona,Sant Joan Despí,923790.66,4591544.21,S.JOAN.DES,11,0,No,23.17,0,0,923790.66,4591544.21
5267,R1-299,EDISTRIBUCIÓN REDES DIGITALES S.L.U.,Barcelona,Sant Just Desvern,924720.61,4594763.4,S.JUST,66,0,No,0,0,0,924720.61,4594763.4
5268,R1-299,EDISTRIBUCIÓN REDES DIGITALES S.L.U.,Barcelona,Santa Margarida de Montbui,883470.8,4610560.3,S.MARGARID,110,0,No,0,0,0,883470.8,4610560.3
5269,R1-299,EDISTRIBUCIÓN REDES DIGITALES S.L.U.,Barcelona,Santa Margarida de Montbui,883470.8,4610560.3,S.MARGARID,25,0,No,60.51,0,0,883470.8,4610560.3
5270,R1-299,EDISTRIBUCIÓN REDES DIGITALES S.L.U.,Barcelona,Barcelona,934513.04,4599242.83,S.MARTI,66,9.71,No,0,0,0,934513.04,4599242.83
5271,R1-299,EDISTRIBUCIÓN REDES DIGITALES S.L.U.,Barcelona,Sant Just Desvern,924720.61,4594763.4,S.JUST,25,0,No,177.04,20.9,0,924720.61,4594763.4
5272,R1-299,EDISTRIBUCIÓN REDES DIGITALES S.L.U.,Barcelona,Barcelona,934513.04,4599242.83,S.MARTI,25,9.71,No,56.36,7.6,0,934513.04,4599242.83
5273,R1-299,EDISTRIBUCIÓN REDES DIGITALES S.L.U.,Barcelona,Barcelona,934513.04,4599242.83,S.MARTI,11,0,No,13.47,0,0,934513.04,4599242.83
5274,R1-299,EDISTRIBUCIÓN REDES DIGITALES S.L.U.,Barcelona,Sabadell,925354.75,4613818.09,SABADELL,25,0,No,69.99,0.95,0,925354.75,4613818.09
5275,R1-299,EDISTRIBUCIÓN REDES DIGITALES S.L.U.,Barcelona,Sabadell,925354.75,4613818.09,SABADELL,11,0,No,10.84,0,0,925354.75,4613818.09
5276,R1-299,EDISTRIBUCIÓN REDES DIGITALES S.L.U.,Barcelona,Sallent,905780.38,4641262.68,SALLENT,25,0,No,62.63,0,0,905780.38,4641262.68
5277,R1-299,EDISTRIBUCIÓN REDES DIGITALES S.L.U.,Barcelona,"Hospitalet de Llobregat, L'",928505.75,4592343.8,SANTS,110,0,No,0,0,0,928505.75,4592343.8
5278,R1-299,EDISTRIBUCIÓN REDES DIGITALES S.L.U.,Barcelona,"Hospitalet de Llobregat, L'",928505.75,4592343.8,SANTS,11,0,No,61.24,0,0,928505.75,4592343.8
5279,R1-299,EDISTRIBUCIÓN REDES DIGITALES S.L.U.,Barcelona,Sentmenat,925913.59,4620165.52,SENTMENAT,25,0,No,76.43,0,0,925913.59,4620165.52
5280,R1-299,EDISTRIBUCIÓN REDES DIGITALES S.L.U.,Barcelona,Martorell,910141.69,4605653.58,SEO,110,0,No,4.75,0,0,910141.69,4605653.58
5281,R1-299,EDISTRIBUCIÓN REDES DIGITALES S.L.U.,Barcelona,Subirats,902910.89,4597407.52,SUBIRATS,25,0,No,76.62,0,0,902910.89,4597407.52
5282,R1-299,EDISTRIBUCIÓN REDES DIGITALES S.L.U.,Barcelona,Súria,895371.14,4641863.13,SURIA,110,0,No,39.5,0,0,895371.14,4641863.13
5283,R1-299,EDISTRIBUCIÓN REDES DIGITALES S.L.U.,Barcelona,Barcelona,934118.48,4596563.01,TANGER,25,0,No,144.58,0,0,934118.48,4596563.01
5284,R1-299,EDISTRIBUCIÓN REDES DIGITALES S.L.U.,Barcelona,Barcelona,934118.48,4596563.01,TANGER,11,0,No,5.39,0,0,934118.48,4596563.01
5285,R1-299,EDISTRIBUCIÓN REDES DIGITALES S.L.U.,Barcelona,Terrassa,918687.64,4615782.3,TERRASSA,110,0,No,0,0,0,918687.64,4615782.3
5286,R1-299,EDISTRIBUCIÓN REDES DIGITALES S.L.U.,Barcelona,Terrassa,918687.64,4615782.3,TERRASSA,25,0,No,23.08,0,0,918687.64,4615782.3
5287,R1-299,EDISTRIBUCIÓN REDES DIGITALES S.L.U.,Girona,Camprodon,941934.45,4697976.63,CAMPRODON,25,0,No,3.33,0,0,941934.45,4697976.63
5288,R1-299,EDISTRIBUCIÓN REDES DIGITALES S.L.U.,Girona,Cassà de la Selva,989598.68,4651350.48,CASSA,110,0,No,0,0,0,989598.68,4651350.48
5289,R1-299,EDISTRIBUCIÓN REDES DIGITALES S.L.U.,Girona,Cassà de la Selva,989598.68,4651350.48,CASSA,25,0,No,39.32,0,0,989598.68,4651350.48
5290,R1-299,EDISTRIBUCIÓN REDES DIGITALES S.L.U.,Barcelona,Terrassa,918687.64,4615782.3,TERRASSA,11,0,No,18.14,0,0,918687.64,4615782.3
5291,R1-299,EDISTRIBUCIÓN REDES DIGITALES S.L.U.,Barcelona,Tordera,976988.51,4632613.74,TORDERA,110,0,No,0,0,0,976988.51,4632613.74
5292,R1-299,EDISTRIBUCIÓN REDES DIGITALES S.L.U.,Barcelona,Tordera,976988.51,4632613.74,TORDERA,25,0,No,134.17,0,0,976988.51,4632613.74
5293,R1-299,EDISTRIBUCIÓN REDES DIGITALES S.L.U.,Barcelona,Barcelona,933512.83,4601557.55,TRINITAT,25,0,No,151.97,0,0,933512.83,4601557.55
5294,R1-299,EDISTRIBUCIÓN REDES DIGITALES S.L.U.,Barcelona,Barcelona,930378.41,4594641.21,URGELL,11,0,No,110.59,0,0,930378.41,4594641.21
5295,R1-299,EDISTRIBUCIÓN REDES DIGITALES S.L.U.,Barcelona,Sitges,907707.56,4577895.59,VALLCARCA,66,0,No,0,0,0,907707.56,4577895.59
5296,R1-299,EDISTRIBUCIÓN REDES DIGITALES S.L.U.,Barcelona,Sitges,907707.56,4577895.59,VALLCARCA,25,0,No,24.59,0,0,907707.56,4577895.59
5297,R1-299,EDISTRIBUCIÓN REDES DIGITALES S.L.U.,Barcelona,Vic,937812.72,4658527.08,VIC,132,39.71,No,50.9,0,0,937812.72,4658527.08
5298,R1-299,EDISTRIBUCIÓN REDES DIGITALES S.L.U.,Barcelona,Vic,937812.72,4658527.08,VIC,25,0,No,192.3,3.88,0,937812.72,4658527.08
5299,R1-299,EDISTRIBUCIÓN REDES DIGITALES S.L.U.,Barcelona,Viladecans,920868,4587071.06,VILADECANS,66,0,No,7,36,0,920868,4587071.06
5300,R1-299,EDISTRIBUCIÓN REDES DIGITALES S.L.U.,Barcelona,Viladecans,920868,4587071.06,VILADECANS,25,12.98,No,201.4,1.14,0,920868,4587071.06
5301,R1-299,EDISTRIBUCIÓN REDES DIGITALES S.L.U.,Barcelona,Barcelona,933315.1,4595273.35,VILANOVA,25,55.96,No,55.96,0,0,933315.1,4595273.35
5302,R1-299,EDISTRIBUCIÓN REDES DIGITALES S.L.U.,Barcelona,Barcelona,933315.1,4595273.35,VILANOVA,11,0,No,76.03,0,0,933315.1,4595273.35
5303,R1-299,EDISTRIBUCIÓN REDES DIGITALES S.L.U.,Girona,Sant Joan de les Abadesses,936491.4,4689769.95,ABADESSES,45,0,No,0,0,0,936491.4,4689769.95
5304,R1-299,EDISTRIBUCIÓN REDES DIGITALES S.L.U.,Girona,Sant Joan de les Abadesses,936491.4,4689769.95,ABADESSES,25,0,No,1.64,0,0,936491.4,4689769.95
5305,R1-299,EDISTRIBUCIÓN REDES DIGITALES S.L.U.,Girona,Bellcaire d'Empordà,1004571.98,4675896.44,BELLCAIRE,110,0,No,0,0,0,1004571.98,4675896.44
5306,R1-299,EDISTRIBUCIÓN REDES DIGITALES S.L.U.,Girona,Bellcaire d'Empordà,1004571.98,4675896.44,BELLCAIRE,25,0,No,48.4,0,0,1004571.98,4675896.44
5307,R1-299,EDISTRIBUCIÓN REDES DIGITALES S.L.U.,Girona,Bescanó,971942.55,4662502.83,BESCANO,132,0,No,7.84,0,0,971942.55,4662502.83
5308,R1-299,EDISTRIBUCIÓN REDES DIGITALES S.L.U.,Girona,Bescanó,971942.55,4662502.83,BESCANO,25,0,No,13.82,0,0,971942.55,4662502.83
5309,R1-299,EDISTRIBUCIÓN REDES DIGITALES S.L.U.,Girona,Sant Feliu de Buixalleu,963348.15,4634976.97,BUIXALLEU,132,0,No,5.6,0,0,963348.15,4634976.97
5310,R1-299,EDISTRIBUCIÓN REDES DIGITALES S.L.U.,Girona,Sant Feliu de Buixalleu,963348.15,4634976.97,BUIXALLEU,25,0,No,31.68,0,0,963348.15,4634976.97
5311,R1-299,EDISTRIBUCIÓN REDES DIGITALES S.L.U.,Girona,"Castell d'Aro, Platja d'Aro i s'Agaró",1001384.04,4645974.28,C.ARO,110,0,No,0,0,0,1001384.04,4645974.28
5312,R1-299,EDISTRIBUCIÓN REDES DIGITALES S.L.U.,Girona,"Castell d'Aro, Platja d'Aro i s'Agaró",1001384.04,4645974.28,C.ARO,25,0,No,63.76,0,0,1001384.04,4645974.28
5313,R1-299,EDISTRIBUCIÓN REDES DIGITALES S.L.U.,Girona,Camprodon,941934.45,4697976.63,CAMPRODON,45,0,No,0,0,0,941934.45,4697976.63
5314,R1-299,EDISTRIBUCIÓN REDES DIGITALES S.L.U.,Girona,Fontanals de Cerdanya,903061.33,4703561.54,CERDANYA,110,0,No,0,0,0,903061.33,4703561.54
5315,R1-299,EDISTRIBUCIÓN REDES DIGITALES S.L.U.,Girona,Fontanals de Cerdanya,903061.33,4703561.54,CERDANYA,25,0,No,45.18,0.34,0,903061.33,4703561.54
5316,R1-299,EDISTRIBUCIÓN REDES DIGITALES S.L.U.,Girona,Beuda,972280.13,4687727.63,CONFIREL,132,0,No,5.08,0,0,972280.13,4687727.63
5317,R1-299,EDISTRIBUCIÓN REDES DIGITALES S.L.U.,Girona,Palafrugell,1010079.12,4660300.61,EMPORDANET,110,0,No,0,0,0,1010079.12,4660300.61
5318,R1-299,EDISTRIBUCIÓN REDES DIGITALES S.L.U.,Girona,Palafrugell,1010079.12,4660300.61,EMPORDANET,25,0,No,59.31,0,0,1010079.12,4660300.61
5319,R1-299,EDISTRIBUCIÓN REDES DIGITALES S.L.U.,Girona,Figueres,991502.99,4695515.89,FIGUERES,132,0,No,0,0,0,991502.99,4695515.89
5320,R1-299,EDISTRIBUCIÓN REDES DIGITALES S.L.U.,Girona,Figueres,991502.99,4695515.89,FIGUERES,25,0,No,86.64,0,0,991502.99,4695515.89
5321,R1-299,EDISTRIBUCIÓN REDES DIGITALES S.L.U.,Girona,Fornells de la Selva,980429.57,4659516.24,FORNELLS,132,0,No,0,0,0,980429.57,4659516.24
5322,R1-299,EDISTRIBUCIÓN REDES DIGITALES S.L.U.,Girona,Fornells de la Selva,980429.57,4659516.24,FORNELLS,25,0,No,57.2,0.48,0,980429.57,4659516.24
5323,R1-299,EDISTRIBUCIÓN REDES DIGITALES S.L.U.,Girona,Juià,988598.19,4669150.98,JUIA,132,0,No,0,0,0,988598.19,4669150.98
5324,R1-299,EDISTRIBUCIÓN REDES DIGITALES S.L.U.,Girona,Juià,988598.19,4669150.98,JUIA,110,0,No,0,0,0,988598.19,4669150.98
5325,R1-299,EDISTRIBUCIÓN REDES DIGITALES S.L.U.,Girona,Juià,988598.19,4669150.98,JUIA,25,0,No,67.76,0.85,0,988598.19,4669150.98
5326,R1-299,EDISTRIBUCIÓN REDES DIGITALES S.L.U.,Girona,Sant Joan les Fonts,957177.31,4687727.37,LESFONTS,132,0,No,16.7,0,0,957177.31,4687727.37
5327,R1-299,EDISTRIBUCIÓN REDES DIGITALES S.L.U.,Girona,Llançà,1005972.37,4708378.98,LLANÇA,132,0,No,4.89,0,0,1005972.37,4708378.98
5328,R1-299,EDISTRIBUCIÓN REDES DIGITALES S.L.U.,Girona,Llançà,1005972.37,4708378.98,LLANÇA,25,0,No,18.33,0,0,1005972.37,4708378.98
5329,R1-299,EDISTRIBUCIÓN REDES DIGITALES S.L.U.,Girona,Lloret de Mar,987782.88,4635503.24,LLORET,110,0,No,0,0,0,987782.88,4635503.24
5330,R1-299,EDISTRIBUCIÓN REDES DIGITALES S.L.U.,Girona,Lloret de Mar,987782.88,4635503.24,LLORET,25,0,No,56.76,0,0,987782.88,4635503.24
5331,R1-299,EDISTRIBUCIÓN REDES DIGITALES S.L.U.,Girona,Olot,953466.94,4685546.45,OLOT,132,0,No,34.45,0,0,953466.94,4685546.45
5332,R1-299,EDISTRIBUCIÓN REDES DIGITALES S.L.U.,Girona,Olot,953466.94,4685546.45,OLOT,25,0,No,36.63,0,0,953466.94,4685546.45
5333,R1-299,EDISTRIBUCIÓN REDES DIGITALES S.L.U.,Girona,Palol de Revardit,981921.34,4671153.51,P.ESTANY,110,0,No,23.89,0,0,981921.34,4671153.51
5334,R1-299,EDISTRIBUCIÓN REDES DIGITALES S.L.U.,Girona,Palol de Revardit,981921.34,4671153.51,P.ESTANY,25,0,No,22.24,1.52,0,981921.34,4671153.51
5335,R1-299,EDISTRIBUCIÓN REDES DIGITALES S.L.U.,Girona,Ripoll,929517.89,4686415.56,RIPOLL,132,0,No,5.53,0,0,929517.89,4686415.56
5336,R1-299,EDISTRIBUCIÓN REDES DIGITALES S.L.U.,Girona,Ripoll,929517.89,4686415.56,RIPOLL,45,0,No,0,0,0,929517.89,4686415.56
5337,R1-299,EDISTRIBUCIÓN REDES DIGITALES S.L.U.,Girona,Ripoll,929517.89,4686415.56,RIPOLL,25,0,No,45.82,0,0,929517.89,4686415.56
5338,R1-299,EDISTRIBUCIÓN REDES DIGITALES S.L.U.,Girona,Sant Hilari Sacalm,956077.98,4651152.14,S.HILARI,110,0,No,0,0,0,956077.98,4651152.14
5339,R1-299,EDISTRIBUCIÓN REDES DIGITALES S.L.U.,Girona,Sant Hilari Sacalm,956077.98,4651152.14,S.HILARI,25,0,No,17.01,0,0,956077.98,4651152.14
5340,R1-299,EDISTRIBUCIÓN REDES DIGITALES S.L.U.,Girona,Salt,980762.78,4662689.15,SALT,132,0,No,1.48,0,0,980762.78,4662689.15
5341,R1-299,EDISTRIBUCIÓN REDES DIGITALES S.L.U.,Girona,Salt,980762.78,4662689.15,SALT,25,0,No,65.16,0,0,980762.78,4662689.15
5342,R1-299,EDISTRIBUCIÓN REDES DIGITALES S.L.U.,Girona,Serinyà,973953.68,4685795.73,SERINYA,132,0,No,20.78,0,0,973953.68,4685795.73
5343,R1-299,EDISTRIBUCIÓN REDES DIGITALES S.L.U.,Girona,Sils,977937.59,4644209.87,SILS,110,0,No,0,0,0,977937.59,4644209.87
5344,R1-299,EDISTRIBUCIÓN REDES DIGITALES S.L.U.,Girona,Santa Llogaia d'Àlguema,990805.67,4692506.65,S.LLOGAIA,132,0,No,0,0,0,990805.67,4692506.65
5345,R1-299,EDISTRIBUCIÓN REDES DIGITALES S.L.U.,Girona,Sils,977937.59,4644209.87,SILS,25,0,No,81.43,0,0,977937.59,4644209.87
5346,R1-299,EDISTRIBUCIÓN REDES DIGITALES S.L.U.,Girona,Susqueda,961569.91,4663185.01,SUSQUEDA,110,0,No,0,0,0,961569.91,4663185.01
5347,R1-299,EDISTRIBUCIÓN REDES DIGITALES S.L.U.,Girona,Susqueda,961569.91,4663185.01,SUSQUEDA,25,0,No,15.88,0.08,0,961569.91,4663185.01
5348,R1-299,EDISTRIBUCIÓN REDES DIGITALES S.L.U.,Girona,Palau-saverdera,1006096.78,4699630.01,TORREVENT,132,0,No,0,0,0,1006096.78,4699630.01
5349,R1-299,EDISTRIBUCIÓN REDES DIGITALES S.L.U.,Girona,Palau-saverdera,1006096.78,4699630.01,TORREVENT,25,0,No,65.81,0,0,1006096.78,4699630.01
5350,R1-299,EDISTRIBUCIÓN REDES DIGITALES S.L.U.,Girona,Vilallonga de Ter,936384.08,4701331.38,TREGURA,45,0,No,0,0,0,936384.08,4701331.38
5351,R1-299,EDISTRIBUCIÓN REDES DIGITALES S.L.U.,Girona,Vilallonga de Ter,936384.08,4701331.38,TREGURA,25,0,No,4.05,0,0,936384.08,4701331.38
5352,R1-299,EDISTRIBUCIÓN REDES DIGITALES S.L.U.,Girona,Vall-llobrega,1007943.77,4654469.27,V.LLOBREGA,110,0,No,0,0,0,1007943.77,4654469.27
5353,R1-299,EDISTRIBUCIÓN REDES DIGITALES S.L.U.,Girona,Vall-llobrega,1007943.77,4654469.27,V.LLOBREGA,25,0,No,29.06,0,0,1007943.77,4654469.27
5354,R1-299,EDISTRIBUCIÓN REDES DIGITALES S.L.U.,Girona,Vilamalla,994538.87,4691642.03,VILAMALLA,132,0,No,17.65,0,0,994538.87,4691642.03
5355,R1-299,EDISTRIBUCIÓN REDES DIGITALES S.L.U.,Girona,Vilamalla,994538.87,4691642.03,VILAMALLA,25,0,No,22.85,0,0,994538.87,4691642.03
5356,R1-299,EDISTRIBUCIÓN REDES DIGITALES S.L.U.,Girona,Girona,980991.38,4661868.34,XIRGU,110,0,No,44.11,0,0,980991.38,4661868.34
5357,R1-299,EDISTRIBUCIÓN REDES DIGITALES S.L.U.,Girona,Girona,980991.38,4661868.34,XIRGU,25,0,No,101.25,0,0,980991.38,4661868.34
5358,R1-299,EDISTRIBUCIÓN REDES DIGITALES S.L.U.,Girona,Girona,980991.38,4661868.34,XIRGU,11,0,No,7.46,0,0,980991.38,4661868.34
5359,R1-299,EDISTRIBUCIÓN REDES DIGITALES S.L.U.,Lleida,Ribera d'Urgellet,862251.3,4695099.6,ADRALL,110,0,No,54.1,0,0,862251.3,4695099.6
5360,R1-299,EDISTRIBUCIÓN REDES DIGITALES S.L.U.,Lleida,Ribera d'Urgellet,862251.3,4695099.6,ADRALL,25,0,No,3.97,0,0,862251.3,4695099.6
5361,R1-299,EDISTRIBUCIÓN REDES DIGITALES S.L.U.,Lleida,Albatàrrec,801992.85,4609196.57,ALBATARREC,25,0,No,73.11,0,0,801992.85,4609196.57
5362,R1-299,EDISTRIBUCIÓN REDES DIGITALES S.L.U.,Lleida,Alfarràs,796723.36,4639401.59,ALFARRAS,132,0,No,0,0,0,796723.36,4639401.59
5363,R1-299,EDISTRIBUCIÓN REDES DIGITALES S.L.U.,Lleida,Alfarràs,796723.36,4639401.59,ALFARRAS,25,0,No,16.18,0,0,796723.36,4639401.59
5364,R1-299,EDISTRIBUCIÓN REDES DIGITALES S.L.U.,Lleida,Almatret,781631.23,4581947.94,ALMATRET,25,0,No,9.84,0,0,781631.23,4581947.94
5365,R1-299,EDISTRIBUCIÓN REDES DIGITALES S.L.U.,Lleida,Sort,839682.94,4707139.35,ALTRON,110,0,No,0,0,0,839682.94,4707139.35
5366,R1-299,EDISTRIBUCIÓN REDES DIGITALES S.L.U.,Lleida,Sort,839682.94,4707139.35,ALTRON,25,0,No,5.3,0,0,839682.94,4707139.35
5367,R1-299,EDISTRIBUCIÓN REDES DIGITALES S.L.U.,Lleida,Naut Aran,817561.79,4734863.18,ARTIES,110,0,No,0,0,0,817561.79,4734863.18
5368,R1-299,EDISTRIBUCIÓN REDES DIGITALES S.L.U.,Lleida,Naut Aran,817561.79,4734863.18,ARTIES,25,0,No,3.13,0,0,817561.79,4734863.18
5369,R1-299,EDISTRIBUCIÓN REDES DIGITALES S.L.U.,Lleida,Térmens,815425.72,4629273.09,BALAGUER,110,0,No,0,0,0,815425.72,4629273.09
5370,R1-299,EDISTRIBUCIÓN REDES DIGITALES S.L.U.,Lleida,Térmens,815425.72,4629273.09,BALAGUER,25,0,No,29.15,0.76,0,815425.72,4629273.09
5371,R1-299,EDISTRIBUCIÓN REDES DIGITALES S.L.U.,Lleida,Naut Aran,821890.22,4734833.26,BAQUEIRA,110,0,No,0,0,0,821890.22,4734833.26
5372,R1-299,EDISTRIBUCIÓN REDES DIGITALES S.L.U.,Lleida,Naut Aran,821890.22,4734833.26,BAQUEIRA,25,0,No,17.8,0,0,821890.22,4734833.26
5373,R1-299,EDISTRIBUCIÓN REDES DIGITALES S.L.U.,Lleida,Bell-lloc d'Urgell,814590.75,4617216.09,BELL-LLOC,110,0,No,0,0,0,814590.75,4617216.09
5374,R1-299,EDISTRIBUCIÓN REDES DIGITALES S.L.U.,Lleida,Bell-lloc d'Urgell,814590.75,4617216.09,BELL-LLOC,25,0,No,5.94,1.99,0,814590.75,4617216.09
5375,R1-299,EDISTRIBUCIÓN REDES DIGITALES S.L.U.,Lleida,"Bòrdes, Es",805743.95,4738427.4,BENOS,110,0,No,0,0,0,805743.95,4738427.4
5376,R1-299,EDISTRIBUCIÓN REDES DIGITALES S.L.U.,Lleida,"Vall de Boí, La",813141.75,4713058.98,BOHI,132,0,No,0,0,0,813141.75,4713058.98
5377,R1-299,EDISTRIBUCIÓN REDES DIGITALES S.L.U.,Lleida,"Vall de Boí, La",813141.75,4713058.98,BOHI,25,0,No,8.79,0,0,813141.75,4713058.98
5378,R1-299,EDISTRIBUCIÓN REDES DIGITALES S.L.U.,Lleida,Bossòst,801909.54,4742603.08,BOSSOST,110,0,No,0,0,0,801909.54,4742603.08
5379,R1-299,EDISTRIBUCIÓN REDES DIGITALES S.L.U.,Lleida,"Torre de Cabdella, La",828147.61,4709329.5,CABDELLA,110,0,No,0,0,0,828147.61,4709329.5
5380,R1-299,EDISTRIBUCIÓN REDES DIGITALES S.L.U.,Lleida,"Vall de Boí, La",815077.19,4717326.25,CALDES,132,0,No,0,0,0,815077.19,4717326.25
5381,R1-299,EDISTRIBUCIÓN REDES DIGITALES S.L.U.,Lleida,Camarasa,822647.59,4646747.43,CAMARASA,110,0,No,0,0,0,822647.59,4646747.43
5382,R1-299,EDISTRIBUCIÓN REDES DIGITALES S.L.U.,Lleida,Cervera,857171.03,4623213.23,CERVERA,110,0,No,0,0,0,857171.03,4623213.23
5383,R1-299,EDISTRIBUCIÓN REDES DIGITALES S.L.U.,Lleida,Cervera,857171.03,4623213.23,CERVERA,25,0,No,33,1.24,0,857171.03,4623213.23
5384,R1-299,EDISTRIBUCIÓN REDES DIGITALES S.L.U.,Lleida,Espot,839877.24,4721439.25,ESPOT,110,0,No,0,0,0,839877.24,4721439.25
5385,R1-299,EDISTRIBUCIÓN REDES DIGITALES S.L.U.,Lleida,Esterri d'Àneu,838376.24,4727640.79,ESTERRI,25,0,No,2.85,0,0,838376.24,4727640.79
5386,R1-299,EDISTRIBUCIÓN REDES DIGITALES S.L.U.,Lleida,Juneda,819392.79,4604738.99,JUNEDA,25,0,No,70.45,0,0,819392.79,4604738.99
5387,R1-299,EDISTRIBUCIÓN REDES DIGITALES S.L.U.,Lleida,Llavorsí,846212.2,4713485.64,LLAVORSI,110,0,No,0,0,0,846212.2,4713485.64
5388,R1-299,EDISTRIBUCIÓN REDES DIGITALES S.L.U.,Lleida,Llavorsí,846212.2,4713485.64,LLAVORSI,25,0,No,12.29,0,0,846212.2,4713485.64
5389,R1-299,EDISTRIBUCIÓN REDES DIGITALES S.L.U.,Lleida,Lleida,805199.81,4615397.17,LLEIDA,110,0,No,0,0,0,805199.81,4615397.17
5390,R1-299,EDISTRIBUCIÓN REDES DIGITALES S.L.U.,Lleida,Lleida,805199.81,4615397.17,LLEIDA,25,0,No,21.52,0,0,805199.81,4615397.17
5391,R1-299,EDISTRIBUCIÓN REDES DIGITALES S.L.U.,Lleida,"Pont de Suert, El",809326.26,4707364.64,LLESP,132,0,No,0,0,0,809326.26,4707364.64
5392,R1-299,EDISTRIBUCIÓN REDES DIGITALES S.L.U.,Lleida,Lleida,805636.23,4613191.38,MAGRANERS,132,0,No,31.89,0,0,805636.23,4613191.38
5393,R1-299,EDISTRIBUCIÓN REDES DIGITALES S.L.U.,Lleida,Lleida,805636.23,4613191.38,MAGRANERS,66,0,No,1.8,0,0,805636.23,4613191.38
5394,R1-299,EDISTRIBUCIÓN REDES DIGITALES S.L.U.,Lleida,Lleida,805636.23,4613191.38,MAGRANERS,25,0,No,130.38,0,0,805636.23,4613191.38
5395,R1-299,EDISTRIBUCIÓN REDES DIGITALES S.L.U.,Lleida,"Torre de Cabdella, La",827085.28,4702416.24,MOLINOS,110,0,No,0,0,0,827085.28,4702416.24
5396,R1-299,EDISTRIBUCIÓN REDES DIGITALES S.L.U.,Lleida,Mollerussa,823957.96,4616278.01,MOLLERUSSA,110,0,No,11.39,0,0,823957.96,4616278.01
5397,R1-299,EDISTRIBUCIÓN REDES DIGITALES S.L.U.,Lleida,Mollerussa,823957.96,4616278.01,MOLLERUSSA,25,0,No,75.5,0.52,0,823957.96,4616278.01
5398,R1-299,EDISTRIBUCIÓN REDES DIGITALES S.L.U.,Lleida,Sant Esteve de la Sarga,806256.48,4669995.86,MONTANYANA,132,0,No,0,0,0,806256.48,4669995.86
5399,R1-299,EDISTRIBUCIÓN REDES DIGITALES S.L.U.,Lleida,"Plans de Sió, Els",848449.75,4630126.2,MONTROIG,110,0,No,0,0,0,848449.75,4630126.2
5400,R1-299,EDISTRIBUCIÓN REDES DIGITALES S.L.U.,Lleida,Peramola,855134.1,4668938.45,OLIANA,110,0,No,0,0,0,855134.1,4668938.45
5401,R1-299,EDISTRIBUCIÓN REDES DIGITALES S.L.U.,Lleida,"Pobla de Segur, La",827820.63,4685349.95,POBLA,110,0,No,0,0,0,827820.63,4685349.95
5402,R1-299,EDISTRIBUCIÓN REDES DIGITALES S.L.U.,Lleida,"Pobla de Segur, La",827820.63,4685349.95,POBLA,25,0,No,7.55,0,0,827820.63,4685349.95
5403,R1-299,EDISTRIBUCIÓN REDES DIGITALES S.L.U.,Lleida,"Pont de Suert, El",807706.16,4701339.01,PONT,132,0,No,0,0,0,807706.16,4701339.01
5404,R1-299,EDISTRIBUCIÓN REDES DIGITALES S.L.U.,Lleida,"Pont de Suert, El",807706.16,4701339.01,PONT,25,0,No,4.98,0,0,807706.16,4701339.01
5405,R1-299,EDISTRIBUCIÓN REDES DIGITALES S.L.U.,Lleida,"Baronia de Rialb, La",848016.41,4650287.4,PONTS,110,0,No,0,0,0,848016.41,4650287.4
5406,R1-299,EDISTRIBUCIÓN REDES DIGITALES S.L.U.,Badajoz,Azuaga,265506.7,4238588.79,AZUAGA,15,0,No,8.86,0,0,265506.7,4238588.79
5407,R1-299,EDISTRIBUCIÓN REDES DIGITALES S.L.U.,Lleida,"Plans de Sió, Els",848449.75,4630126.2,MONTROIG,25,0,No,40.17,0,0,848449.75,4630126.2
5408,R1-299,EDISTRIBUCIÓN REDES DIGITALES S.L.U.,Lleida,Peramola,855134.1,4668938.45,OLIANA,25,0,No,5.37,0,0,855134.1,4668938.45
5409,R1-299,EDISTRIBUCIÓN REDES DIGITALES S.L.U.,Lleida,"Baronia de Rialb, La",848016.41,4650287.4,PONTS,25,0,No,14.47,0,0,848016.41,4650287.4
5410,R1-299,EDISTRIBUCIÓN REDES DIGITALES S.L.U.,Lleida,Lleida,789265.09,4620607.46,RAIMAT,66,0,No,0,0,0,789265.09,4620607.46
5411,R1-299,EDISTRIBUCIÓN REDES DIGITALES S.L.U.,Lleida,Lleida,789265.09,4620607.46,RAIMAT,25,0,No,24.73,1.43,0,789265.09,4620607.46
5412,R1-299,EDISTRIBUCIÓN REDES DIGITALES S.L.U.,Lleida,Tiurana,847815.45,4651611.43,RIALB,110,0,No,0,0,0,847815.45,4651611.43
5413,R1-299,EDISTRIBUCIÓN REDES DIGITALES S.L.U.,Lleida,Camarasa,818382.5,4640642.65,S.LLORENÇ,110,0,No,0,0,0,818382.5,4640642.65
5414,R1-299,EDISTRIBUCIÓN REDES DIGITALES S.L.U.,Lleida,Espot,835128.33,4722201.75,S.MAURICI,110,0,No,0,0,0,835128.33,4722201.75
5415,R1-299,EDISTRIBUCIÓN REDES DIGITALES S.L.U.,Lleida,Benavent de Segrià,800832.82,4622239.14,SEGRIA,110,0,No,5,0,0,800832.82,4622239.14
5416,R1-299,EDISTRIBUCIÓN REDES DIGITALES S.L.U.,Lleida,Benavent de Segrià,800832.82,4622239.14,SEGRIA,25,0,No,37.08,0,0,800832.82,4622239.14
5417,R1-299,EDISTRIBUCIÓN REDES DIGITALES S.L.U.,Lleida,Aitona,789059.58,4596497.14,SEROS,110,0,No,0,0,0,789059.58,4596497.14
5418,R1-299,EDISTRIBUCIÓN REDES DIGITALES S.L.U.,Lleida,Aitona,789059.58,4596497.14,SEROS,25,0,No,43.03,0,0,789059.58,4596497.14
5419,R1-299,EDISTRIBUCIÓN REDES DIGITALES S.L.U.,Lleida,Olius,871456.82,4659039.69,SOLSONA,110,0,No,0,0,0,871456.82,4659039.69
5420,R1-299,EDISTRIBUCIÓN REDES DIGITALES S.L.U.,Lleida,Olius,871456.82,4659039.69,SOLSONA,25,0,No,14.51,0,0,871456.82,4659039.69
5421,R1-299,EDISTRIBUCIÓN REDES DIGITALES S.L.U.,Lleida,Talarn,822764.11,4676542.66,TALARN,110,0,No,0,0,0,822764.11,4676542.66
5422,R1-299,EDISTRIBUCIÓN REDES DIGITALES S.L.U.,Lleida,Talarn,822764.11,4676542.66,TALARN,25,0,No,7.17,0,0,822764.11,4676542.66
5423,R1-299,EDISTRIBUCIÓN REDES DIGITALES S.L.U.,Lleida,Tàrrega,844040.59,4621553.43,TARREGA,110,0,No,0,0,0,844040.59,4621553.43
5424,R1-299,EDISTRIBUCIÓN REDES DIGITALES S.L.U.,Lleida,Tàrrega,844040.59,4621553.43,TARREGA,25,0,No,21.3,0,0,844040.59,4621553.43
5425,R1-299,EDISTRIBUCIÓN REDES DIGITALES S.L.U.,Lleida,Castell de Mur,822360.85,4662326.76,TERRADETS,110,0,No,0,0,0,822360.85,4662326.76
5426,R1-299,EDISTRIBUCIÓN REDES DIGITALES S.L.U.,Lleida,Vielha e Mijaran,810998.99,4735506.44,VIELHA,110,0,No,0,0,0,810998.99,4735506.44
5427,R1-299,EDISTRIBUCIÓN REDES DIGITALES S.L.U.,Lleida,Vielha e Mijaran,810998.99,4735506.44,VIELHA,25,0,No,8.26,0,0,810998.99,4735506.44
5428,R1-299,EDISTRIBUCIÓN REDES DIGITALES S.L.U.,Lleida,Vilaller,804888.4,4707133.58,VILALLER,132,0,No,0,0,0,804888.4,4707133.58
5429,R1-299,EDISTRIBUCIÓN REDES DIGITALES S.L.U.,Tarragona,Alcanar,797580.42,4496066.01,ALCANAR,110,0,No,0,0,0,797580.42,4496066.01
5430,R1-299,EDISTRIBUCIÓN REDES DIGITALES S.L.U.,Tarragona,Alcanar,797580.42,4496066.01,ALCANAR,25,0,No,25.97,0,0,797580.42,4496066.01
5431,R1-299,EDISTRIBUCIÓN REDES DIGITALES S.L.U.,Tarragona,Altafulla,867011.92,4565102.08,ALTAFULLA,110,0,No,0,0,0,867011.92,4565102.08
5432,R1-299,EDISTRIBUCIÓN REDES DIGITALES S.L.U.,Tarragona,Constantí,851339.87,4565032.73,TARRACO,25,0,No,37.67,1.52,0,851339.87,4565032.73
5433,R1-299,EDISTRIBUCIÓN REDES DIGITALES S.L.U.,Tarragona,Tortosa,797436.45,4522417.96,TORTOSA,110,0,No,0,0,0,797436.45,4522417.96
5434,R1-299,EDISTRIBUCIÓN REDES DIGITALES S.L.U.,Tarragona,Tortosa,797436.45,4522417.96,TORTOSA,25,0,No,45.52,0,0,797436.45,4522417.96
5435,R1-299,EDISTRIBUCIÓN REDES DIGITALES S.L.U.,Tarragona,Valls,856403.54,4580148.65,VALLS,110,0,No,0,0,0,856403.54,4580148.65
5436,R1-299,EDISTRIBUCIÓN REDES DIGITALES S.L.U.,Tarragona,Vandellòs i l'Hospitalet de l'Infant,826248.98,4542966.82,VANDELLOS,110,0,No,0,0,0,826248.98,4542966.82
5437,R1-299,EDISTRIBUCIÓN REDES DIGITALES S.L.U.,Tarragona,Altafulla,867011.92,4565102.08,ALTAFULLA,25,0,No,40.16,0,0,867011.92,4565102.08
5438,R1-299,EDISTRIBUCIÓN REDES DIGITALES S.L.U.,Tarragona,"Ampolla, L'",809735.67,4523084.82,AMPOLLA,110,0,No,1.94,0,0,809735.67,4523084.82
5439,R1-299,EDISTRIBUCIÓN REDES DIGITALES S.L.U.,Tarragona,"Ampolla, L'",809735.67,4523084.82,AMPOLLA,25,0,No,46.88,0,0,809735.67,4523084.82
5440,R1-299,EDISTRIBUCIÓN REDES DIGITALES S.L.U.,Tarragona,Amposta,800847.27,4512507.11,AMPOSTA,110,0,No,0,0,0,800847.27,4512507.11
5441,R1-299,EDISTRIBUCIÓN REDES DIGITALES S.L.U.,Tarragona,Amposta,800847.27,4512507.11,AMPOSTA,25,0,No,68.11,0.01,0,800847.27,4512507.11
5442,R1-299,EDISTRIBUCIÓN REDES DIGITALES S.L.U.,Tarragona,Ascó,798777.43,4567012.12,ASCO,110,0,No,5.98,0,0,798777.43,4567012.12
5443,R1-299,EDISTRIBUCIÓN REDES DIGITALES S.L.U.,Tarragona,Garcia,805752.98,4558292.05,AUBALS,25,0,No,57.5,0,0,805752.98,4558292.05
5444,R1-299,EDISTRIBUCIÓN REDES DIGITALES S.L.U.,Tarragona,Reus,849585.19,4559923.09,BELLISSENS,25,0,No,168.06,0,0,849585.19,4559923.09
5445,R1-299,EDISTRIBUCIÓN REDES DIGITALES S.L.U.,Tarragona,Cambrils,839227.14,4555883.81,CAMBRILS,110,0,No,0,0,0,839227.14,4555883.81
5446,R1-299,EDISTRIBUCIÓN REDES DIGITALES S.L.U.,Tarragona,Cambrils,839227.14,4555883.81,CAMBRILS,25,0,No,62.86,3.09,0,839227.14,4555883.81
5447,R1-299,EDISTRIBUCIÓN REDES DIGITALES S.L.U.,Tarragona,Tortosa,798474.93,4519108.26,CAMPREDO,110,0,No,1.4,0,0,798474.93,4519108.26
5448,R1-299,EDISTRIBUCIÓN REDES DIGITALES S.L.U.,Tarragona,Tortosa,804409.34,4524853.32,COLLDALBA,110,0,No,15,0,0,804409.34,4524853.32
5449,R1-299,EDISTRIBUCIÓN REDES DIGITALES S.L.U.,Tarragona,Tarragona,854604.76,4562387.55,CONSTANTI,25,0,No,102.15,4.66,0,854604.76,4562387.55
5450,R1-299,EDISTRIBUCIÓN REDES DIGITALES S.L.U.,Tarragona,Flix,796274.44,4570183.38,ERKIMIA,110,0,No,82.66,0,0,796274.44,4570183.38
5451,R1-299,EDISTRIBUCIÓN REDES DIGITALES S.L.U.,Tarragona,Flix,797435.51,4570204.11,FLIX,110,0,No,0,0,0,797435.51,4570204.11
5452,R1-299,EDISTRIBUCIÓN REDES DIGITALES S.L.U.,Tarragona,Flix,797435.51,4570204.11,FLIX,25,0,No,42.08,0,0,797435.51,4570204.11
5453,R1-299,EDISTRIBUCIÓN REDES DIGITALES S.L.U.,Tarragona,"Torre de l'Espanyol, La",808255.79,4567012.26,GARGANTA,110,0,No,0,0,0,808255.79,4567012.26
5454,R1-299,EDISTRIBUCIÓN REDES DIGITALES S.L.U.,Tarragona,"Selva del Camp, La",847952.55,4570269.53,LASELVA,25,0,No,68.17,0,0,847952.55,4570269.53
5455,R1-299,EDISTRIBUCIÓN REDES DIGITALES S.L.U.,Tarragona,Montblanc,845666.77,4590961.15,MONTBLANC,25,0,No,73.44,0,0,845666.77,4590961.15
5456,R1-299,EDISTRIBUCIÓN REDES DIGITALES S.L.U.,Tarragona,Ulldecona,785079.7,4502234.64,MONTSIA,110,0,No,2.47,0,0,785079.7,4502234.64
5457,R1-299,EDISTRIBUCIÓN REDES DIGITALES S.L.U.,Tarragona,Ulldecona,785079.7,4502234.64,MONTSIA,25,0,No,16.12,0,0,785079.7,4502234.64
5458,R1-299,EDISTRIBUCIÓN REDES DIGITALES S.L.U.,Tarragona,Perafort,856294.67,4569059.03,PERAFORT,66,0,No,0,25,0,856294.67,4569059.03
5459,R1-299,EDISTRIBUCIÓN REDES DIGITALES S.L.U.,Tarragona,Perafort,856294.67,4569059.03,PERAFORT,25,0,No,41.63,1.52,0,856294.67,4569059.03
5460,R1-299,EDISTRIBUCIÓN REDES DIGITALES S.L.U.,Tarragona,"Perelló, El",810122.05,4533800.27,PERELLO,110,0,No,0,0,0,810122.05,4533800.27
5461,R1-299,EDISTRIBUCIÓN REDES DIGITALES S.L.U.,Tarragona,Pradell de la Teixeta,826339.6,4561833.64,PRADELL,110,0,No,0,0,0,826339.6,4561833.64
5462,R1-299,EDISTRIBUCIÓN REDES DIGITALES S.L.U.,Tarragona,Pradell de la Teixeta,826339.6,4561833.64,PRADELL,25,0,No,17.71,0,0,826339.6,4561833.64
5463,R1-299,EDISTRIBUCIÓN REDES DIGITALES S.L.U.,Tarragona,Riba-roja d'Ebre,787516.31,4571334.62,RIBARROJA,25,0,No,14.17,0,0,787516.31,4571334.62
5464,R1-299,EDISTRIBUCIÓN REDES DIGITALES S.L.U.,Tarragona,Constantí,851339.87,4565032.73,TARRACO,110,0,No,0,0,0,851339.87,4565032.73
5465,R1-299,EDISTRIBUCIÓN REDES DIGITALES S.L.U.,Tarragona,Puigpelat,859388.2,4579102.55,PUIGPELAT,25,0,No,75.2,0,0,859388.2,4579102.55
5466,R1-299,EDISTRIBUCIÓN REDES DIGITALES S.L.U.,Tarragona,"Pobla de Mafumet, La",854718.17,4566885.91,REPSOL,66,0,No,204.03,0,0,854718.17,4566885.91
5467,R1-299,EDISTRIBUCIÓN REDES DIGITALES S.L.U.,Tarragona,Reus,844524.35,4565530.86,REUS,110,0,No,0,0,0,844524.35,4565530.86
5468,R1-299,EDISTRIBUCIÓN REDES DIGITALES S.L.U.,Tarragona,Reus,844524.35,4565530.86,REUS,25,0,No,74.13,0,0,844524.35,4565530.86
5469,R1-299,EDISTRIBUCIÓN REDES DIGITALES S.L.U.,Tarragona,Reus,844524.35,4565530.86,REUS,11,0,No,9.07,2.23,0,844524.35,4565530.86
5470,R1-299,EDISTRIBUCIÓN REDES DIGITALES S.L.U.,Tarragona,Tarragona,852501.74,4559902.05,TARRAGONA,110,0,No,121,0,0,852501.74,4559902.05
5471,R1-299,EDISTRIBUCIÓN REDES DIGITALES S.L.U.,Tarragona,Tarragona,852501.74,4559902.05,TARRAGONA,25,0,No,191.33,0,0,852501.74,4559902.05
5472,R1-299,EDISTRIBUCIÓN REDES DIGITALES S.L.U.,Tarragona,Valls,856403.54,4580148.65,VALLS,25,0,No,38.95,0,0,856403.54,4580148.65
5473,R1-299,EDISTRIBUCIÓN REDES DIGITALES S.L.U.,Tarragona,Vandellòs i l'Hospitalet de l'Infant,826248.98,4542966.82,VANDELLOS,25,0,No,65.71,0,0,826248.98,4542966.82
5474,R1-299,EDISTRIBUCIÓN REDES DIGITALES S.L.U.,Tarragona,"Vendrell, El",877927.57,4571223.6,VENDRELL,110,0,No,0,0,0,877927.57,4571223.6
5475,R1-299,EDISTRIBUCIÓN REDES DIGITALES S.L.U.,Tarragona,"Vendrell, El",877927.57,4571223.6,VENDRELL,25,0,No,41.65,3.71,0,877927.57,4571223.6
5476,R1-299,EDISTRIBUCIÓN REDES DIGITALES S.L.U.,Tarragona,Xerta,793556.29,4536162.88,XERTA,110,0,No,0,0,0,793556.29,4536162.88
5477,R1-299,EDISTRIBUCIÓN REDES DIGITALES S.L.U.,Tarragona,Xerta,793556.29,4536162.88,XERTA,25,0,No,14.62,0,0,793556.29,4536162.88
5478,R1-299,EDISTRIBUCIÓN REDES DIGITALES S.L.U.,Badajoz,Alconchel,145818.29,4270996.83,ALCONCHE,66,0,No,0,0,0,145818.29,4270996.83
5479,R1-299,EDISTRIBUCIÓN REDES DIGITALES S.L.U.,Badajoz,Alconchel,145818.29,4270996.83,ALCONCHE,20,0,No,5.61,0,0,145818.29,4270996.83
5480,R1-299,EDISTRIBUCIÓN REDES DIGITALES S.L.U.,Badajoz,Alconera,195369.68,4253775.14,ALCONERA,66,0,No,17,0,0,195369.68,4253775.14
5481,R1-299,EDISTRIBUCIÓN REDES DIGITALES S.L.U.,Badajoz,Almendralejo,204395.68,4288519.28,ALMENDRA,66,0,No,0,0,0,204395.68,4288519.28
5482,R1-299,EDISTRIBUCIÓN REDES DIGITALES S.L.U.,Badajoz,Almendralejo,204395.68,4288519.28,ALMENDRA,15,0,No,41.74,0,0,204395.68,4288519.28
5483,R1-299,EDISTRIBUCIÓN REDES DIGITALES S.L.U.,Badajoz,Badajoz,169916.31,4300018.95,ALVARADO,66,0,No,0,0,0,169916.31,4300018.95
5484,R1-299,EDISTRIBUCIÓN REDES DIGITALES S.L.U.,Badajoz,Badajoz,169916.31,4300018.95,ALVARADO,20,0,No,7.69,0,0,169916.31,4300018.95
5485,R1-299,EDISTRIBUCIÓN REDES DIGITALES S.L.U.,Badajoz,Arroyo de San Serván,199380.57,4307489.14,ARROYO,66,0,No,0,0,0,199380.57,4307489.14
5486,R1-299,EDISTRIBUCIÓN REDES DIGITALES S.L.U.,Badajoz,Arroyo de San Serván,199380.57,4307489.14,ARROYO,15,0,No,5.3,0,0,199380.57,4307489.14
5487,R1-299,EDISTRIBUCIÓN REDES DIGITALES S.L.U.,Badajoz,Azuaga,265506.7,4238588.79,AZUAGA,66,0,No,0,0,0,265506.7,4238588.79
5488,R1-299,EDISTRIBUCIÓN REDES DIGITALES S.L.U.,Badajoz,Badajoz,159335.88,4311454.45,BADAJOZ,66,0,No,0,0,0,159335.88,4311454.45
5489,R1-299,EDISTRIBUCIÓN REDES DIGITALES S.L.U.,Badajoz,Badajoz,159335.88,4311454.45,BADAJOZ,20,0,No,28.24,0,0,159335.88,4311454.45
5490,R1-299,EDISTRIBUCIÓN REDES DIGITALES S.L.U.,Badajoz,Jerez de los Caballeros,175429.41,4248439.22,BALBOA,66,0,No,0,0,0,175429.41,4248439.22
5491,R1-299,EDISTRIBUCIÓN REDES DIGITALES S.L.U.,Badajoz,Jerez de los Caballeros,175429.41,4248439.22,BALBOA,20,0,No,6.14,0,0,175429.41,4248439.22
5492,R1-299,EDISTRIBUCIÓN REDES DIGITALES S.L.U.,Badajoz,Villafranca de los Barros,207315.9,4273894.3,BARBOSA,66,0,No,21.2,0,0,207315.9,4273894.3
5493,R1-299,EDISTRIBUCIÓN REDES DIGITALES S.L.U.,Badajoz,Barcarrota,162164.61,4270637.44,BARCAROT,66,0,No,5,0,0,162164.61,4270637.44
5494,R1-299,EDISTRIBUCIÓN REDES DIGITALES S.L.U.,Badajoz,Barcarrota,162164.61,4270637.44,BARCAROT,20,0,No,4.64,0,0,162164.61,4270637.44
5495,R1-299,EDISTRIBUCIÓN REDES DIGITALES S.L.U.,Badajoz,Burguillos del Cerro,186463.73,4252912.7,BURGUILL,66,0,No,1,0,0,186463.73,4252912.7
5496,R1-299,EDISTRIBUCIÓN REDES DIGITALES S.L.U.,Badajoz,Burguillos del Cerro,186463.73,4252912.7,BURGUILL,15,0,No,2.23,0,0,186463.73,4252912.7
5497,R1-299,EDISTRIBUCIÓN REDES DIGITALES S.L.U.,Badajoz,Valdelacalzada,181124.23,4310901.71,CALZADAR,66,0,No,0,0,0,181124.23,4310901.71
5498,R1-299,EDISTRIBUCIÓN REDES DIGITALES S.L.U.,Badajoz,Valdelacalzada,181124.23,4310901.71,CALZADAR,20,0,No,23.9,0,0,181124.23,4310901.71
5499,R1-299,EDISTRIBUCIÓN REDES DIGITALES S.L.U.,Badajoz,Badajoz,161072.71,4311106.46,CERROGOR,66,0,No,0,0,0,161072.71,4311106.46
5500,R1-299,EDISTRIBUCIÓN REDES DIGITALES S.L.U.,Badajoz,Badajoz,161072.71,4311106.46,CERROGOR,20,0,No,2.72,0,0,161072.71,4311106.46
5501,R1-299,EDISTRIBUCIÓN REDES DIGITALES S.L.U.,Badajoz,Herrera del Duque,326278.38,4359900.01,CIJARA,132,0,No,0,0,0,326278.38,4359900.01
5502,R1-299,EDISTRIBUCIÓN REDES DIGITALES S.L.U.,Badajoz,Fregenal de la Sierra,181342.8,4231125.65,FREGENAL,66,0,No,0,0,0,181342.8,4231125.65
5503,R1-299,EDISTRIBUCIÓN REDES DIGITALES S.L.U.,Badajoz,Fregenal de la Sierra,181342.8,4231125.65,FREGENAL,15,0,No,19.83,0,0,181342.8,4231125.65
5504,R1-299,EDISTRIBUCIÓN REDES DIGITALES S.L.U.,Badajoz,Fuente de Cantos,211346.29,4239331.24,FUENTEDE,66,0,No,0,0,0,211346.29,4239331.24
5505,R1-299,EDISTRIBUCIÓN REDES DIGITALES S.L.U.,Badajoz,Fuente de Cantos,211346.29,4239331.24,FUENTEDE,15,0,No,7.4,0,0,211346.29,4239331.24
5506,R1-299,EDISTRIBUCIÓN REDES DIGITALES S.L.U.,Badajoz,Hinojosa del Valle,217918.12,4263550.26,HI_VALLE,66,0,No,0,0,0,217918.12,4263550.26
5507,R1-299,EDISTRIBUCIÓN REDES DIGITALES S.L.U.,Badajoz,Hinojosa del Valle,217918.12,4263550.26,HI_VALLE,15,0,No,1.56,0,0,217918.12,4263550.26
5508,R1-299,EDISTRIBUCIÓN REDES DIGITALES S.L.U.,Badajoz,Hornachos,231538.81,4272709.81,HORNACHO,66,0,No,0,0,0,231538.81,4272709.81
5509,R1-299,EDISTRIBUCIÓN REDES DIGITALES S.L.U.,Badajoz,Hornachos,231538.81,4272709.81,HORNACHO,15,0,No,5.43,0,0,231538.81,4272709.81
5510,R1-299,EDISTRIBUCIÓN REDES DIGITALES S.L.U.,Badajoz,Jerez de los Caballeros,170808.6,4247437.22,JEREZCAB,66,0,No,0,0,0,170808.6,4247437.22
5511,R1-299,EDISTRIBUCIÓN REDES DIGITALES S.L.U.,Badajoz,Jerez de los Caballeros,170808.6,4247437.22,JEREZCAB,15,0,No,9.8,0,0,170808.6,4247437.22
5512,R1-299,EDISTRIBUCIÓN REDES DIGITALES S.L.U.,Badajoz,Mérida,214975.43,4310498.73,JUDIO,132,0,No,0,0,0,214975.43,4310498.73
5513,R1-299,EDISTRIBUCIÓN REDES DIGITALES S.L.U.,Badajoz,Mérida,214975.43,4310498.73,JUDIO,15,0,No,13.3,0,0,214975.43,4310498.73
5514,R1-299,EDISTRIBUCIÓN REDES DIGITALES S.L.U.,Badajoz,Llerena,237170.3,4236935.96,LLERENA,66,0,No,0,0,0,237170.3,4236935.96
5515,R1-299,EDISTRIBUCIÓN REDES DIGITALES S.L.U.,Badajoz,Llerena,237170.3,4236935.96,LLERENA,15,0,No,8.43,1.66,0,237170.3,4236935.96
5516,R1-299,EDISTRIBUCIÓN REDES DIGITALES S.L.U.,Badajoz,Lobón,186107.6,4305774.7,LOBON,66,0,No,0,0,0,186107.6,4305774.7
5517,R1-299,EDISTRIBUCIÓN REDES DIGITALES S.L.U.,Badajoz,Lobón,186107.6,4305774.7,LOBON,20,0,No,21.93,0,0,186107.6,4305774.7
5518,R1-299,EDISTRIBUCIÓN REDES DIGITALES S.L.U.,Badajoz,Mérida,210185.21,4310609.96,MERIDA,132,0,No,4.51,0,0,210185.21,4310609.96
5519,R1-299,EDISTRIBUCIÓN REDES DIGITALES S.L.U.,Badajoz,Mérida,210185.21,4310609.96,MERIDA,66,0,No,0,0,0,210185.21,4310609.96
5520,R1-299,EDISTRIBUCIÓN REDES DIGITALES S.L.U.,Badajoz,Mérida,210185.21,4310609.96,MERIDA,15,0,No,34.14,0,0,210185.21,4310609.96
5521,R1-299,EDISTRIBUCIÓN REDES DIGITALES S.L.U.,Badajoz,Badajoz,153724.48,4312055.85,NEVERO,66,0,No,0,0,0,153724.48,4312055.85
5522,R1-299,EDISTRIBUCIÓN REDES DIGITALES S.L.U.,Badajoz,Badajoz,153724.48,4312055.85,NEVERO,20,0,No,49.56,0,0,153724.48,4312055.85
5523,R1-299,EDISTRIBUCIÓN REDES DIGITALES S.L.U.,Badajoz,Olivenza,143306.11,4290618.72,OLIVENZA,66,0,No,0,0,0,143306.11,4290618.72
5524,R1-299,EDISTRIBUCIÓN REDES DIGITALES S.L.U.,Badajoz,Olivenza,143306.11,4290618.72,OLIVENZA,20,0,No,12.36,0,0,143306.11,4290618.72
5525,R1-299,EDISTRIBUCIÓN REDES DIGITALES S.L.U.,Badajoz,Orellana la Vieja,280036.01,4318245.45,ORELLANA,132,0,No,1.71,0,0,280036.01,4318245.45
5526,R1-299,EDISTRIBUCIÓN REDES DIGITALES S.L.U.,Badajoz,Mérida,208249.18,4304713.29,PARQ_SUR,66,0,No,39.71,0,0,208249.18,4304713.29
5527,R1-299,EDISTRIBUCIÓN REDES DIGITALES S.L.U.,Badajoz,Mérida,208249.18,4304713.29,PARQ_SUR,15,0,No,2.86,0,0,208249.18,4304713.29
5528,R1-299,EDISTRIBUCIÓN REDES DIGITALES S.L.U.,Badajoz,Mérida,206315.15,4312779.21,PRADO,66,0,No,0,0,0,206315.15,4312779.21
5529,R1-299,EDISTRIBUCIÓN REDES DIGITALES S.L.U.,Badajoz,Mérida,206315.15,4312779.21,PRADO,15,0,No,32.69,0.05,0,206315.15,4312779.21
5530,R1-299,EDISTRIBUCIÓN REDES DIGITALES S.L.U.,Badajoz,Mérida,209889.98,4315069.31,PROSERPI,66,0,No,0,0,0,209889.98,4315069.31
5531,R1-299,EDISTRIBUCIÓN REDES DIGITALES S.L.U.,Badajoz,Mérida,209889.98,4315069.31,PROSERPI,15,0,No,17.77,0.05,0,209889.98,4315069.31
5532,R1-299,EDISTRIBUCIÓN REDES DIGITALES S.L.U.,Badajoz,Talarrubias,311338.75,4334918.95,PTO_PENA,132,0,No,0,0,0,311338.75,4334918.95
5533,R1-299,EDISTRIBUCIÓN REDES DIGITALES S.L.U.,Badajoz,Alconera,198113.33,4251756.7,PUEBLA,66,0,No,0,0,0,198113.33,4251756.7
5534,R1-299,EDISTRIBUCIÓN REDES DIGITALES S.L.U.,Badajoz,Alconera,198113.33,4251756.7,PUEBLA,15,0,No,2.28,0,0,198113.33,4251756.7
5535,R1-299,EDISTRIBUCIÓN REDES DIGITALES S.L.U.,Badajoz,Badajoz,152857.74,4315202.12,RIOCAYA,66,0,No,23.52,0,0,152857.74,4315202.12
5536,R1-299,EDISTRIBUCIÓN REDES DIGITALES S.L.U.,Badajoz,Badajoz,152857.74,4315202.12,RIOCAYA,20,0,No,65.67,5.46,0,152857.74,4315202.12
5537,R1-299,EDISTRIBUCIÓN REDES DIGITALES S.L.U.,Badajoz,Monesterio,220582.56,4206927.33,RIONARCE,66,0,No,12,0,0,220582.56,4206927.33
5538,R1-299,EDISTRIBUCIÓN REDES DIGITALES S.L.U.,Badajoz,Badajoz,153543.19,4310197.35,S_MARINA,66,0,No,0,0,0,153543.19,4310197.35
5539,R1-299,EDISTRIBUCIÓN REDES DIGITALES S.L.U.,Badajoz,Badajoz,153543.19,4310197.35,S_MARINA,20,0,No,43.34,0,0,153543.19,4310197.35
5540,R1-299,EDISTRIBUCIÓN REDES DIGITALES S.L.U.,Badajoz,Fuente del Maestre,203991.09,4265824,SANJORGE,66,0,No,1.6,0,0,203991.09,4265824
5541,R1-299,EDISTRIBUCIÓN REDES DIGITALES S.L.U.,Badajoz,Castuera,290503.86,4309720.73,SERENA,132,0,No,0,0,0,290503.86,4309720.73
5542,R1-299,EDISTRIBUCIÓN REDES DIGITALES S.L.U.,Badajoz,Torre de Miguel Sesmero,174536.88,4285431.08,T_MIGUEL,66,0,No,3.61,0,0,174536.88,4285431.08
5543,R1-299,EDISTRIBUCIÓN REDES DIGITALES S.L.U.,Badajoz,Torre de Miguel Sesmero,174536.88,4285431.08,T_MIGUEL,20,0,No,15.74,0,0,174536.88,4285431.08
5544,R1-299,EDISTRIBUCIÓN REDES DIGITALES S.L.U.,Badajoz,Puebla de Sancho Pérez,204159.76,4258958.18,TALIA,66,0,No,0,0,0,204159.76,4258958.18
5545,R1-299,EDISTRIBUCIÓN REDES DIGITALES S.L.U.,Badajoz,Almendralejo,205632.8,4285539.25,533413975,66,0,No,0,0,0,205632.8,4285539.25
5546,R1-299,EDISTRIBUCIÓN REDES DIGITALES S.L.U.,Badajoz,Almendralejo,205632.8,4285539.25,533413975,15,0,No,10.23,0,0,205632.8,4285539.25
5547,R1-299,EDISTRIBUCIÓN REDES DIGITALES S.L.U.,Badajoz,Torremejía,207546.16,4300509.17,TORREMEJ,66,0,No,0,0,0,207546.16,4300509.17
5548,R1-299,EDISTRIBUCIÓN REDES DIGITALES S.L.U.,Badajoz,Torremejía,207546.16,4300509.17,TORREMEJ,15,0,No,9.37,0.1,0,207546.16,4300509.17
5549,R1-299,EDISTRIBUCIÓN REDES DIGITALES S.L.U.,Badajoz,Badajoz,154611.65,4306321.15,VAGUADAS,66,0,No,0,0,0,154611.65,4306321.15
5550,R1-299,EDISTRIBUCIÓN REDES DIGITALES S.L.U.,Badajoz,Badajoz,154611.65,4306321.15,VAGUADAS,20,0,No,26.64,0,0,154611.65,4306321.15
5551,R1-299,EDISTRIBUCIÓN REDES DIGITALES S.L.U.,Badajoz,Badajoz,165419.52,4310872.25,VEGASBAJ,66,0,No,0,0,0,165419.52,4310872.25
5552,R1-299,EDISTRIBUCIÓN REDES DIGITALES S.L.U.,Badajoz,Badajoz,165419.52,4310872.25,VEGASBAJ,20,0,No,21.73,0,0,165419.52,4310872.25
5553,R1-299,EDISTRIBUCIÓN REDES DIGITALES S.L.U.,Badajoz,Villafranca de los Barros,208130,4273120.27,VILLFRAB,66,0,No,0,0,0,208130,4273120.27
5554,R1-299,EDISTRIBUCIÓN REDES DIGITALES S.L.U.,Badajoz,Villafranca de los Barros,208130,4273120.27,VILLFRAB,15,0,No,22.09,0,0,208130,4273120.27
5555,R1-299,EDISTRIBUCIÓN REDES DIGITALES S.L.U.,Badajoz,Zafra,201612.26,4259213.93,ZAFRA,66,0,No,0,0,0,201612.26,4259213.93
5556,R1-299,EDISTRIBUCIÓN REDES DIGITALES S.L.U.,Badajoz,Zafra,201612.26,4259213.93,ZAFRA,15,0,No,29.83,3.33,0,201612.26,4259213.93
5557,R1-299,EDISTRIBUCIÓN REDES DIGITALES S.L.U.,Badajoz,"Zarza, La",215432.11,4300153.9,ZARZA,66,0,No,0,0,0,215432.11,4300153.9
5558,R1-299,EDISTRIBUCIÓN REDES DIGITALES S.L.U.,Badajoz,Castuera,285121.69,4310403.05,ZUJAR,132,0,No,0,0,0,285121.69,4310403.05
5559,R1-299,EDISTRIBUCIÓN REDES DIGITALES S.L.U.,"Coruña, A","Pontes de García Rodríguez, As",104131.63,4822690.07,TESOURO,132,0,No,18,0,0,104131.63,4822690.07
5560,R1-299,EDISTRIBUCIÓN REDES DIGITALES S.L.U.,"Coruña, A","Pontes de García Rodríguez, As",104131.63,4822690.07,TESOURO,20,0,No,10.28,0,0,104131.63,4822690.07
5561,R1-299,EDISTRIBUCIÓN REDES DIGITALES S.L.U.,Ourense,Viana do Bolo,164304.38,4674813.93,S.AGUSTIN,50,13.06,No,7,0,0,164304.38,4674813.93
5562,R1-299,EDISTRIBUCIÓN REDES DIGITALES S.L.U.,Ourense,Viana do Bolo,164304.38,4674813.93,S.AGUSTIN,15,1.9,No,2.35,0,0,164304.38,4674813.93
5563,R1-299,EDISTRIBUCIÓN REDES DIGITALES S.L.U.,Ourense,Viana do Bolo,170592.02,4671467.72,S.SEBAS,50,13.06,No,0,0,0,170592.02,4671467.72
5564,R1-299,EDISTRIBUCIÓN REDES DIGITALES S.L.U.,Ourense,Viana do Bolo,170592.02,4671467.72,S.SEBAS,15,2.99,No,1.25,0,0,170592.02,4671467.72
5565,R1-299,EDISTRIBUCIÓN REDES DIGITALES S.L.U.,Navarra,Roncal/Erronkari,666875.66,4739971.36,RONCAL,45,0,No,0,0,0,666875.66,4739971.36
5566,R1-299,EDISTRIBUCIÓN REDES DIGITALES S.L.U.,Navarra,Roncal/Erronkari,666875.66,4739971.36,RONCAL,15,0,No,1.08,0,0,666875.66,4739971.36
5567,R1-026,ENERGÍAS DE ARAGÓN I S.L.,Huesca,Panticosa,726456.39,4738114.82,1500043,3,0,No,0.88,0,0,726456.39,4738114.82
5568,R1-026,ENERGÍAS DE ARAGÓN I S.L.,Huesca,Sahún,786538.17,4721080.96,ERISTE,25,0,No,9.1,0,0,786538.17,4721080.96
5569,R1-026,ENERGÍAS DE ARAGÓN I S.L.,Huesca,Panticosa,720582.45,4734210.88,1500044,11,0,No,6.76,0,0,720582.45,4734210.88
5570,R1-026,ENERGÍAS DE ARAGÓN I S.L.,Huesca,Sabiñánigo,717030.34,4710543.32,1500056,11,0,No,0.13,0,0,717030.34,4710543.32
5571,R1-026,ENERGÍAS DE ARAGÓN I S.L.,Huesca,Sallent de Gállego,718136.19,4738788.97,1500049,20,0,No,11.32,0,0,718136.19,4738788.97
5572,R1-002,"UFD DISTRIBUCIÓN ELECTRICIDAD, SA","Coruña, A","Coruña, A",62446.17,4813073.95,EIRIS,15,5.22,No,66.69,0.61,0,62446.1699999999,4813073.95
5573,R1-002,"UFD DISTRIBUCIÓN ELECTRICIDAD, SA","Coruña, A","Coruña, A",62270.7,4815730.82,EL PUERTO,15,0,No,93.39,0,0,62270.7000000002,4815730.82
5574,R1-002,"UFD DISTRIBUCIÓN ELECTRICIDAD, SA","Coruña, A","Coruña, A",59908.54,4813203.12,LA GRELA 2,15,0.94,No,174.09,3.76,0,59908.54,4813203.12
5575,R1-002,"UFD DISTRIBUCIÓN ELECTRICIDAD, SA","Coruña, A","Coruña, A",59618.82,4816233.16,SAN PEDRO DE VISMA,15,0,No,68.39,0,0,59618.8200000003,4816233.16
5576,R1-002,"UFD DISTRIBUCIÓN ELECTRICIDAD, SA","Coruña, A","Coruña, A",59618.82,4816233.16,SAN PEDRO DE VISMA,66,0,No,0,0,0,59618.8200000003,4816233.16
5577,R1-002,"UFD DISTRIBUCIÓN ELECTRICIDAD, SA","Coruña, A","Laracha, A",47049.94,4803791.01,LARACHA,15,0,No,23.12,0,0,47049.9400000004,4803791.01
5578,R1-002,"UFD DISTRIBUCIÓN ELECTRICIDAD, SA","Coruña, A","Laracha, A",47049.94,4803791.01,LARACHA,20,0,No,12.23,0,0,47049.9400000004,4803791.01
5579,R1-002,"UFD DISTRIBUCIÓN ELECTRICIDAD, SA","Coruña, A","Laracha, A",47049.94,4803791.01,LARACHA,66,0,No,0,0,0,47049.9400000004,4803791.01
5580,R1-002,"UFD DISTRIBUCIÓN ELECTRICIDAD, SA","Coruña, A",Arteixo,54888.92,4808686.85,MORAS,15,0,No,25.56,5.88,0,54888.9199999999,4808686.85
5581,R1-002,"UFD DISTRIBUCIÓN ELECTRICIDAD, SA","Coruña, A",Arteixo,54888.92,4808686.85,MORAS,66,0,No,0,0,0,54888.9199999999,4808686.85
5582,R1-002,"UFD DISTRIBUCIÓN ELECTRICIDAD, SA","Coruña, A",Arteixo,53998.65,4811999.49,SABON,15,0,No,35.43,0,0,53998.6500000004,4811999.49
5583,R1-002,"UFD DISTRIBUCIÓN ELECTRICIDAD, SA","Coruña, A",Arteixo,53998.65,4811999.49,SABON,66,0,No,7,0,0,53998.6500000004,4811999.49
5584,R1-002,"UFD DISTRIBUCIÓN ELECTRICIDAD, SA","Coruña, A",Arteixo,53998.65,4811999.49,SABON,132,0,No,13.72,0,0,53998.6500000004,4811999.49
5585,R1-002,"UFD DISTRIBUCIÓN ELECTRICIDAD, SA","Coruña, A","Pontes de García Rodríguez, As",107113.25,4820443.59,MOURELA,20,0,No,26.3,0,0,107113.25,4820443.59
5586,R1-002,"UFD DISTRIBUCIÓN ELECTRICIDAD, SA","Coruña, A","Pontes de García Rodríguez, As",107113.25,4820443.59,MOURELA,132,0,No,0,0,0,107113.25,4820443.59
5587,R1-002,"UFD DISTRIBUCIÓN ELECTRICIDAD, SA","Coruña, A","Somozas, As",102251.64,4832385.96,SOMOZAS,20,0,No,6.81,0,0,102251.64,4832385.96
5588,R1-002,"UFD DISTRIBUCIÓN ELECTRICIDAD, SA","Coruña, A","Somozas, As",102251.64,4832385.96,SOMOZAS,132,0,No,0,0,0,102251.64,4832385.96
5589,R1-002,"UFD DISTRIBUCIÓN ELECTRICIDAD, SA","Coruña, A",Bergondo,74788.15,4805241.95,BERGONDO,15,0,No,59.02,0,0,74788.1500000004,4805241.95
5590,R1-002,"UFD DISTRIBUCIÓN ELECTRICIDAD, SA","Coruña, A",Bergondo,74788.15,4805241.95,BERGONDO,66,0,No,0,50,0,74788.1500000004,4805241.95
5591,R1-002,"UFD DISTRIBUCIÓN ELECTRICIDAD, SA","Coruña, A",Bergondo,77454.41,4810105.85,PEDRIDO,15,0,No,35.67,0,0,77454.4100000001,4810105.85
5592,R1-002,"UFD DISTRIBUCIÓN ELECTRICIDAD, SA","Coruña, A",Bergondo,77454.41,4810105.85,PEDRIDO,66,0,No,0,0,0,77454.4100000001,4810105.85
5593,R1-002,"UFD DISTRIBUCIÓN ELECTRICIDAD, SA","Coruña, A",Bergondo,77454.41,4810105.85,PEDRIDO,132,0,No,0,0,0,77454.4100000001,4810105.85
5594,R1-002,"UFD DISTRIBUCIÓN ELECTRICIDAD, SA","Coruña, A",Boiro,18836.91,4740875.89,BOIRO,20,0,No,55.44,0.5,0,18836.9100000001,4740875.89
5595,R1-002,"UFD DISTRIBUCIÓN ELECTRICIDAD, SA","Coruña, A",Boiro,18836.91,4740875.89,BOIRO,66,0.44,No,0,0,0,18836.9100000001,4740875.89
5596,R1-002,"UFD DISTRIBUCIÓN ELECTRICIDAD, SA","Coruña, A",Cabana de Bergantiños,21859.03,4801568.01,CABANA,20,0,No,13.97,0,0,21859.0300000003,4801568.01
5597,R1-002,"UFD DISTRIBUCIÓN ELECTRICIDAD, SA","Coruña, A",Cabana de Bergantiños,21859.03,4801568.01,CABANA,66,6.3,No,13.15,0,0,21859.0300000003,4801568.01
5598,R1-002,"UFD DISTRIBUCIÓN ELECTRICIDAD, SA","Coruña, A",Cabana de Bergantiños,18298.4,4796303.24,CATASOL,66,7.49,No,0,0,0,18298.4000000004,4796303.24
5599,R1-002,"UFD DISTRIBUCIÓN ELECTRICIDAD, SA","Coruña, A",Cabanas,81923.46,4822617.13,VILAR DO COLO,15,0,No,28.37,0,0,81923.46,4822617.13
5600,R1-002,"UFD DISTRIBUCIÓN ELECTRICIDAD, SA","Coruña, A",Cabanas,81923.46,4822617.13,VILAR DO COLO,132,0,No,0,0,0,81923.46,4822617.13
5601,R1-002,"UFD DISTRIBUCIÓN ELECTRICIDAD, SA","Coruña, A",Camariñas,-1965.15,4796659.53,DO VILAN,20,0,No,12.36,0,0,-1965.15000000037,4796659.53
5602,R1-002,"UFD DISTRIBUCIÓN ELECTRICIDAD, SA","Coruña, A",Camariñas,-1965.15,4796659.53,DO VILAN,66,8.12,No,0,0,0,-1965.15000000037,4796659.53
5603,R1-002,"UFD DISTRIBUCIÓN ELECTRICIDAD, SA","Coruña, A",Carballo,38605.21,4802325.91,BERTOA,15,0,No,28.46,2.66,0,38605.21,4802325.91
5604,R1-002,"UFD DISTRIBUCIÓN ELECTRICIDAD, SA","Coruña, A",Carballo,38605.21,4802325.91,BERTOA,66,0,No,0,0,0,38605.21,4802325.91
5605,R1-002,"UFD DISTRIBUCIÓN ELECTRICIDAD, SA","Coruña, A",Carballo,38115,4799304.67,CARBALLO,15,0,No,38.16,0,0,38115,4799304.67
5606,R1-002,"UFD DISTRIBUCIÓN ELECTRICIDAD, SA","Coruña, A",Carballo,38115,4799304.67,CARBALLO,66,0,No,0.44,0,0,38115,4799304.67
5607,R1-002,"UFD DISTRIBUCIÓN ELECTRICIDAD, SA","Coruña, A",Carral,64450.81,4799780.73,CARRAL,15,0,No,10.44,3.95,0,64450.8099999996,4799780.73
5608,R1-002,"UFD DISTRIBUCIÓN ELECTRICIDAD, SA","Coruña, A",Carral,64450.81,4799780.73,CARRAL,66,0,No,0,0,0,64450.8099999996,4799780.73
5609,R1-002,"UFD DISTRIBUCIÓN ELECTRICIDAD, SA","Coruña, A",Carral,64601.91,4793422.36,MESON DO VENTO,66,0,No,0,0.25,0,64601.9100000001,4793422.36
5610,R1-002,"UFD DISTRIBUCIÓN ELECTRICIDAD, SA","Coruña, A",Cedeira,93621.57,4844026.2,CEDEIRA,20,0,No,27.46,0.64,0,93621.5700000003,4844026.2
5611,R1-002,"UFD DISTRIBUCIÓN ELECTRICIDAD, SA","Coruña, A",Cedeira,93621.57,4844026.2,CEDEIRA,132,0,No,0,0,0,93621.5700000003,4844026.2
5612,R1-002,"UFD DISTRIBUCIÓN ELECTRICIDAD, SA","Coruña, A",Cee,-3419.41,4773455.33,PONTELLA,20,0,No,40.11,0,0,-3419.41000000015,4773455.33
5613,R1-002,"UFD DISTRIBUCIÓN ELECTRICIDAD, SA","Coruña, A",Cee,-3419.41,4773455.33,PONTELLA,66,4.19,No,0,0,0,-3419.41000000015,4773455.33
5614,R1-002,"UFD DISTRIBUCIÓN ELECTRICIDAD, SA","Coruña, A",Cerceda,60245.46,4793821.82,MEIRAMA,20,0,No,65.91,0,0,60245.46,4793821.82
5615,R1-002,"UFD DISTRIBUCIÓN ELECTRICIDAD, SA","Coruña, A",Curtis,91492.38,4789890.65,SIDEGASA-TEIXEIRO,15,0,No,45.38,0.25,0,91492.3799999999,4789890.65
5616,R1-002,"UFD DISTRIBUCIÓN ELECTRICIDAD, SA","Coruña, A",Curtis,91492.38,4789890.65,SIDEGASA-TEIXEIRO,66,0,No,28.33,0,0,91492.3799999999,4789890.65
5617,R1-002,"UFD DISTRIBUCIÓN ELECTRICIDAD, SA","Coruña, A",Fene,81491.95,4826586.83,ASTANO,15,0,No,9.49,0.85,0,81491.9500000002,4826586.83
5618,R1-002,"UFD DISTRIBUCIÓN ELECTRICIDAD, SA","Coruña, A",Fene,81491.95,4826586.83,ASTANO,132,0,No,0,0,0,81491.9500000002,4826586.83
5619,R1-002,"UFD DISTRIBUCIÓN ELECTRICIDAD, SA","Coruña, A",Ferrol,69577.45,4826592.57,PUERTO EXTERIOR FERROL,15,0,No,22.72,0,0,69577.4500000002,4826592.57
5620,R1-002,"UFD DISTRIBUCIÓN ELECTRICIDAD, SA","Coruña, A",Ferrol,69577.45,4826592.57,PUERTO EXTERIOR FERROL,132,0,No,0,0,0,69577.4500000002,4826592.57
5621,R1-002,"UFD DISTRIBUCIÓN ELECTRICIDAD, SA","Coruña, A",Ferrol,77423.46,4829002.85,SANTA MARINA,15,0,No,55.2,1.55,0,77423.46,4829002.85
5622,R1-002,"UFD DISTRIBUCIÓN ELECTRICIDAD, SA","Coruña, A",Ferrol,77423.46,4829002.85,SANTA MARINA,132,0,No,0,0,0,77423.46,4829002.85
5623,R1-002,"UFD DISTRIBUCIÓN ELECTRICIDAD, SA","Coruña, A",Mazaricos,7594.58,4766465.02,MAZARICOS,66,5.62,No,0,5.8,0,7594.58000000007,4766465.02
5624,R1-002,"UFD DISTRIBUCIÓN ELECTRICIDAD, SA","Coruña, A",Melide,88983.24,4763359.33,MELIDE,15,0,No,13.85,0,0,88983.2400000002,4763359.33
5625,R1-002,"UFD DISTRIBUCIÓN ELECTRICIDAD, SA","Coruña, A",Melide,88983.24,4763359.33,MELIDE,66,0.3,No,0,0,0,88983.2400000002,4763359.33
5626,R1-002,"UFD DISTRIBUCIÓN ELECTRICIDAD, SA","Coruña, A",Monfero,91540.07,4818243.61,EUME,15,0,No,5.49,0.8,0,91540.0700000003,4818243.61
5627,R1-002,"UFD DISTRIBUCIÓN ELECTRICIDAD, SA","Coruña, A",Monfero,91540.07,4818243.61,EUME,132,0,No,0,0,0,91540.0700000003,4818243.61
5628,R1-002,"UFD DISTRIBUCIÓN ELECTRICIDAD, SA","Coruña, A",Muros,3106.44,4754864.57,MUROS,20,0,No,8.52,0,0,3106.44000000041,4754864.57
5629,R1-002,"UFD DISTRIBUCIÓN ELECTRICIDAD, SA","Coruña, A",Muros,3106.44,4754864.57,MUROS,66,0.49,No,0,0,0,3106.44000000041,4754864.57
5630,R1-002,"UFD DISTRIBUCIÓN ELECTRICIDAD, SA","Coruña, A",Muxía,-7666.03,4785975.29,MUXIA,66,7.44,No,0.43,0,0,-7666.03000000026,4785975.29
5631,R1-002,"UFD DISTRIBUCIÓN ELECTRICIDAD, SA","Coruña, A",Narón,82108.71,4830341.67,CORNIDO,15,0,No,46.29,0,0,82108.71,4830341.67
5632,R1-002,"UFD DISTRIBUCIÓN ELECTRICIDAD, SA","Coruña, A",Narón,82108.71,4830341.67,CORNIDO,132,0,No,0,0,0,82108.71,4830341.67
5633,R1-002,"UFD DISTRIBUCIÓN ELECTRICIDAD, SA","Coruña, A",Narón,82662.83,4830785.66,MEGASA,132,0,No,107.87,0,0,82662.8300000001,4830785.66
5634,R1-002,"UFD DISTRIBUCIÓN ELECTRICIDAD, SA","Coruña, A",Narón,79226.42,4834049.31,RIO DO POZO,15,0,No,30.77,0,0,79226.4199999999,4834049.31
5635,R1-002,"UFD DISTRIBUCIÓN ELECTRICIDAD, SA","Coruña, A",Narón,79226.42,4834049.31,RIO DO POZO,132,0,No,0,0,0,79226.4199999999,4834049.31
5636,R1-002,"UFD DISTRIBUCIÓN ELECTRICIDAD, SA","Coruña, A",Negreira,31789.02,4767456.11,NEGREIRA,20,0,No,26.59,0,0,31789.0199999996,4767456.11
5637,R1-002,"UFD DISTRIBUCIÓN ELECTRICIDAD, SA","Coruña, A",Negreira,31789.02,4767456.11,NEGREIRA,66,0.24,No,15,0,0,31789.0199999996,4767456.11
5638,R1-002,"UFD DISTRIBUCIÓN ELECTRICIDAD, SA","Coruña, A",Noia,22197.98,4758818.53,TAMBRE II,20,0,No,19.27,0,0,22197.9800000004,4758818.53
5639,R1-002,"UFD DISTRIBUCIÓN ELECTRICIDAD, SA","Coruña, A",Noia,22197.98,4758818.53,TAMBRE II,66,0.37,No,0,0,0,22197.9800000004,4758818.53
5640,R1-002,"UFD DISTRIBUCIÓN ELECTRICIDAD, SA","Coruña, A",Oleiros,66227.58,4809101.1,SAN MARCOS,15,0,No,108.14,0,0,66227.5800000001,4809101.1
5641,R1-002,"UFD DISTRIBUCIÓN ELECTRICIDAD, SA","Coruña, A",Oleiros,66227.58,4809101.1,SAN MARCOS,132,0,No,0,0,0,66227.5800000001,4809101.1
5642,R1-002,"UFD DISTRIBUCIÓN ELECTRICIDAD, SA","Coruña, A",Oroso,56007.3,4773167.28,SIGÜEIRO,20,0,No,23.59,0,0,56007.2999999998,4773167.28
5643,R1-002,"UFD DISTRIBUCIÓN ELECTRICIDAD, SA","Coruña, A",Oroso,56007.3,4773167.28,SIGÜEIRO,66,0,No,0,0,0,56007.2999999998,4773167.28
5644,R1-002,"UFD DISTRIBUCIÓN ELECTRICIDAD, SA","Coruña, A",Ortigueira,105606.5,4846278.52,MERA,20,0,No,13.29,0,0,105606.5,4846278.52
5645,R1-002,"UFD DISTRIBUCIÓN ELECTRICIDAD, SA","Coruña, A",Ortigueira,105606.5,4846278.52,MERA,132,0,No,0,0,0,105606.5,4846278.52
5646,R1-002,"UFD DISTRIBUCIÓN ELECTRICIDAD, SA","Coruña, A",Oza-Cesuras,80663.02,4788879.42,CESURAS,15,0,No,14.01,0,0,80663.0199999996,4788879.42
5647,R1-002,"UFD DISTRIBUCIÓN ELECTRICIDAD, SA","Coruña, A",Oza-Cesuras,80663.02,4788879.42,CESURAS,66,0,No,0.23,0,0,80663.0199999996,4788879.42
5648,R1-002,"UFD DISTRIBUCIÓN ELECTRICIDAD, SA","Coruña, A",Padrón,36889.47,4747667.8,PADRON,20,0,No,45.66,1,0,36889.4699999997,4747667.8
5649,R1-002,"UFD DISTRIBUCIÓN ELECTRICIDAD, SA","Coruña, A",Padrón,36889.47,4747667.8,PADRON,66,2.7,No,7,0,0,36889.4699999997,4747667.8
5650,R1-002,"UFD DISTRIBUCIÓN ELECTRICIDAD, SA","Coruña, A",Porto do Son,9871.76,4747838.18,PORTO DO SON,20,0,No,9.49,0,0,9871.75999999978,4747838.18
5651,R1-002,"UFD DISTRIBUCIÓN ELECTRICIDAD, SA","Coruña, A",Porto do Son,9871.76,4747838.18,PORTO DO SON,66,0.29,No,0,0,0,9871.75999999978,4747838.18
5652,R1-002,"UFD DISTRIBUCIÓN ELECTRICIDAD, SA","Coruña, A",Ribeira,9922.41,4731023.64,PALMEIRA,20,0,No,58.25,0,0,9922.41000000015,4731023.64
5653,R1-002,"UFD DISTRIBUCIÓN ELECTRICIDAD, SA","Coruña, A",Ribeira,9922.41,4731023.64,PALMEIRA,66,0.42,No,0,0,0,9922.41000000015,4731023.64
5654,R1-002,"UFD DISTRIBUCIÓN ELECTRICIDAD, SA","Coruña, A",Rois,30644.18,4753221.28,ROIS,66,0.4,No,0,0,0,30644.1799999997,4753221.28
5655,R1-002,"UFD DISTRIBUCIÓN ELECTRICIDAD, SA","Coruña, A",Sada,69771.68,4813480.06,SADA,15,0,No,51.84,0,0,69771.6799999997,4813480.06
5656,R1-002,"UFD DISTRIBUCIÓN ELECTRICIDAD, SA","Coruña, A",Sada,69771.68,4813480.06,SADA,132,0,No,0,0,0,69771.6799999997,4813480.06
5657,R1-002,"UFD DISTRIBUCIÓN ELECTRICIDAD, SA","Coruña, A",San Sadurniño,92406.15,4825857.39,P.E. FORGOSELO,132,0,No,0.23,0,0,92406.1500000004,4825857.39
5658,R1-002,"UFD DISTRIBUCIÓN ELECTRICIDAD, SA","Coruña, A",Santa Comba,30018.09,4787791,BOAÑA,66,0.15,No,10,0,0,30018.0899999999,4787791
5659,R1-002,"UFD DISTRIBUCIÓN ELECTRICIDAD, SA","Coruña, A",Santa Comba,28012.88,4780060.75,SANTA COMBA,66,0.27,No,0,2.22,0,28012.8799999999,4780060.75
5660,R1-002,"UFD DISTRIBUCIÓN ELECTRICIDAD, SA","Coruña, A",Santiago de Compostela,51474.8,4765986.44,FORMARIS,20,0,No,24.95,0.35,0,51474.7999999998,4765986.44
5661,R1-002,"UFD DISTRIBUCIÓN ELECTRICIDAD, SA","Coruña, A",Santiago de Compostela,51474.8,4765986.44,FORMARIS,66,0.57,No,0,0,0,51474.7999999998,4765986.44
5662,R1-002,"UFD DISTRIBUCIÓN ELECTRICIDAD, SA","Coruña, A",Santiago de Compostela,48264.24,4763639.06,SAN CAYETANO,20,0,No,103.3,0.74,0,48264.2400000002,4763639.06
5663,R1-002,"UFD DISTRIBUCIÓN ELECTRICIDAD, SA","Coruña, A",Santiago de Compostela,44195.11,4759808.16,SANTIAGO,20,0,No,125.86,7.37,0,44195.1100000003,4759808.16
5664,R1-002,"UFD DISTRIBUCIÓN ELECTRICIDAD, SA","Coruña, A",Santiago de Compostela,44195.11,4759808.16,SANTIAGO,66,0.54,No,0,0,0,44195.1100000003,4759808.16
5665,R1-002,"UFD DISTRIBUCIÓN ELECTRICIDAD, SA","Coruña, A",Vimianzo,7757.9,4789836.79,VIMIANZO,20,0,No,40.02,0,0,7757.90000000037,4789836.79
5666,R1-002,"UFD DISTRIBUCIÓN ELECTRICIDAD, SA","Coruña, A",Vimianzo,7757.9,4789836.79,VIMIANZO,66,9.53,No,0,0,0,7757.90000000037,4789836.79
5667,R1-002,"UFD DISTRIBUCIÓN ELECTRICIDAD, SA",Asturias,Tineo,224554.66,4798844.38,C.T. NARCEA,132,0,No,0,0,0,224554.66,4798844.38
5668,R1-002,"UFD DISTRIBUCIÓN ELECTRICIDAD, SA",Ávila,"Tiemblo, El",370636.45,4476221.14,C.H.BURGUILLO,132,0,No,0,0,0,370636.45,4476221.14
5669,R1-002,"UFD DISTRIBUCIÓN ELECTRICIDAD, SA",Ávila,"Tiemblo, El",377683.89,4474588.5,C.H.PUENTENUEVO,132,0,No,0,0,0,377683.89,4474588.5
5670,R1-002,"UFD DISTRIBUCIÓN ELECTRICIDAD, SA",Barcelona,"Prat de Llobregat, El",929574.31,4586213.19,ZAL,25,0,No,85,86.28,0,929574.31,4586213.19
5671,R1-002,"UFD DISTRIBUCIÓN ELECTRICIDAD, SA",Ciudad Real,Abenójar,382415.04,4305410.43,ABENOJAR,15,1.41,No,2.88,0,0,382415.04,4305410.43
5672,R1-002,"UFD DISTRIBUCIÓN ELECTRICIDAD, SA",Ciudad Real,Abenójar,382415.04,4305410.43,ABENOJAR,45,2.41,No,14,0,0,382415.04,4305410.43
5673,R1-002,"UFD DISTRIBUCIÓN ELECTRICIDAD, SA",Ciudad Real,Abenójar,382415.04,4305410.43,ABENOJAR,132,0,No,0,0,0,382415.04,4305410.43
5674,R1-002,"UFD DISTRIBUCIÓN ELECTRICIDAD, SA",Ciudad Real,Alcázar de San Juan,481466.92,4358914.54,ALCAZAR 1,15,0,No,34.07,7.4,0,481466.92,4358914.54
5675,R1-002,"UFD DISTRIBUCIÓN ELECTRICIDAD, SA",Ciudad Real,Alcázar de San Juan,481466.92,4358914.54,ALCAZAR 1,45,0,No,0,0,0,481466.92,4358914.54
5676,R1-002,"UFD DISTRIBUCIÓN ELECTRICIDAD, SA",Ciudad Real,Alcázar de San Juan,481466.92,4358914.54,ALCAZAR 1,132,0,No,0,18,0,481466.92,4358914.54
5677,R1-002,"UFD DISTRIBUCIÓN ELECTRICIDAD, SA",Ciudad Real,Alcázar de San Juan,480314.47,4362478.24,ALCAZAR 2,15,0,No,24.36,0,0,480314.47,4362478.24
5678,R1-002,"UFD DISTRIBUCIÓN ELECTRICIDAD, SA",Ciudad Real,Alcázar de San Juan,480314.47,4362478.24,ALCAZAR 2,45,0,No,0,0,0,480314.47,4362478.24
5679,R1-002,"UFD DISTRIBUCIÓN ELECTRICIDAD, SA",Ciudad Real,Alcázar de San Juan,479968.34,4336431.05,CINCO CASAS,15,0,No,12.18,0,0,479968.34,4336431.05
5680,R1-002,"UFD DISTRIBUCIÓN ELECTRICIDAD, SA",Ciudad Real,Alcázar de San Juan,479968.34,4336431.05,CINCO CASAS,45,0,No,0,0,0,479968.34,4336431.05
5681,R1-002,"UFD DISTRIBUCIÓN ELECTRICIDAD, SA",Ciudad Real,Alcázar de San Juan,479968.34,4336431.05,CINCO CASAS,132,0,No,0,0,0,479968.34,4336431.05
5682,R1-002,"UFD DISTRIBUCIÓN ELECTRICIDAD, SA",Ciudad Real,Alcázar de San Juan,468877.11,4349713.93,MARAÑON,15,0,No,4.03,0,0,468877.11,4349713.93
5683,R1-002,"UFD DISTRIBUCIÓN ELECTRICIDAD, SA",Ciudad Real,Alcázar de San Juan,468877.11,4349713.93,MARAÑON,45,0,No,0,0,0,468877.11,4349713.93
5684,R1-002,"UFD DISTRIBUCIÓN ELECTRICIDAD, SA",Ciudad Real,Alhambra,486234.29,4301070.12,EL CUBO,15,0,No,1.93,0,0,486234.29,4301070.12
5685,R1-002,"UFD DISTRIBUCIÓN ELECTRICIDAD, SA",Ciudad Real,Alhambra,486234.29,4301070.12,EL CUBO,45,0,No,0,0,0,486234.29,4301070.12
5686,R1-002,"UFD DISTRIBUCIÓN ELECTRICIDAD, SA",Ciudad Real,Alhambra,485281.29,4302733.24,P.E. ALHAMBRA,45,0,No,0,0,0,485281.29,4302733.24
5687,R1-002,"UFD DISTRIBUCIÓN ELECTRICIDAD, SA",Ciudad Real,Alhambra,485281.29,4302733.24,P.E. ALHAMBRA,132,0,No,0,0,0,485281.29,4302733.24
5688,R1-002,"UFD DISTRIBUCIÓN ELECTRICIDAD, SA",Ciudad Real,Almadén,340273.29,4292899.71,ALMADEN,15,0,No,13.74,0,0,340273.29,4292899.71
5689,R1-299,EDISTRIBUCIÓN REDES DIGITALES S.L.U.,"Palmas, Las",San Bartolomé de Tirajana,452947.74,3080583.97,ALDEA_BLAN,20,10.83,No,30,0,0,-734073.9175,3143917.9102
5690,R1-299,EDISTRIBUCIÓN REDES DIGITALES S.L.U.,"Palmas, Las","Palmas de Gran Canaria, Las",456853.36,3107692.15,APOLINARIO,20,0,No,56.27,0,0,-727370.8914,3171001.944
5691,R1-299,EDISTRIBUCIÓN REDES DIGITALES S.L.U.,"Palmas, Las",Mogán,433131.95,3071637.49,ARGUINEGUI,20,0,No,58.15,0,0,-755071.6155,3136841.5198
5692,R1-299,EDISTRIBUCIÓN REDES DIGITALES S.L.U.,"Palmas, Las",Arucas,447956.61,3108243.77,ARUCAS,20,9.57,No,31.63,0,0,-736333.2995,3172465.4038
5693,R1-299,EDISTRIBUCIÓN REDES DIGITALES S.L.U.,Teruel,Alcañiz,739206.54,4550300.4,ALCAÑIZ,132,0,No,0,0,0,739206.54,4550300.4
5694,R1-299,EDISTRIBUCIÓN REDES DIGITALES S.L.U.,"Palmas, Las",San Bartolomé,636404.93,3207594.47,BARTOLOME,20,13.56,No,30.14,0,0,-535666.5299,3253556.9989
5695,R1-299,EDISTRIBUCIÓN REDES DIGITALES S.L.U.,"Palmas, Las","Palmas de Gran Canaria, Las",456744.69,3105432.51,BCO_SECO,20,3.62,No,42.18,0,0,-727710.558,3168722.6983
5696,R1-299,EDISTRIBUCIÓN REDES DIGITALES S.L.U.,Teruel,Alcañiz,739206.54,4550300.4,ALCAÑIZ,45,0,No,0,0,0,739206.54,4550300.4
5697,R1-299,EDISTRIBUCIÓN REDES DIGITALES S.L.U.,"Palmas, Las",Ingenio,458334.69,3087771.17,CARRIZAL,20,14.64,No,45.58,0,0,-727887.6347,3150660.1291
5698,R1-299,EDISTRIBUCIÓN REDES DIGITALES S.L.U.,Teruel,Alcañiz,739206.54,4550300.4,ALCAÑIZ,10,0,No,7.54,0,0,739206.54,4550300.4
5699,R1-299,EDISTRIBUCIÓN REDES DIGITALES S.L.U.,"Palmas, Las",Telde,462302.1,3094847.42,CINSA,20,7.24,No,34.32,0,0,-723151.0159,3157431.1404
5700,R1-299,EDISTRIBUCIÓN REDES DIGITALES S.L.U.,Teruel,Alcorisa,720396.09,4530758.28,ALCORISA,45,0,No,0,0,0,720396.09,4530758.28
5701,R1-299,EDISTRIBUCIÓN REDES DIGITALES S.L.U.,"Palmas, Las","Palmas de Gran Canaria, Las",457057.04,3110827.99,BUENAVISTA,20,0,No,50.64,0,0,-726845.6852,3174159.5396
5702,R1-299,EDISTRIBUCIÓN REDES DIGITALES S.L.U.,Teruel,Alcorisa,720396.09,4530758.28,ALCORISA,15,0,No,4.3,0,0,720396.09,4530758.28
5703,R1-299,EDISTRIBUCIÓN REDES DIGITALES S.L.U.,"Palmas, Las","Oliva, La",609642.78,3176778.14,CORRALEJO,20,5.49,No,34.11,0,0,-565825.4031,3225246.4837
5704,R1-299,EDISTRIBUCIÓN REDES DIGITALES S.L.U.,Teruel,Aliaga,696129.02,4506482.14,ALIAGA,132,0,No,0,0,0,696129.02,4506482.14
5705,R1-299,EDISTRIBUCIÓN REDES DIGITALES S.L.U.,"Palmas, Las",Tuineje,596184.78,3123417.94,G_TARAJAL,20,0,No,18.23,0,0,-584846.9662,3172776.6124
5706,R1-299,EDISTRIBUCIÓN REDES DIGITALES S.L.U.,Teruel,Aliaga,696129.02,4506482.14,ALIAGA,45,0,No,0,0,0,696129.02,4506482.14
5707,R1-299,EDISTRIBUCIÓN REDES DIGITALES S.L.U.,"Palmas, Las","Palmas de Gran Canaria, Las",456547.89,3111906.81,GUANARTEME,20,30.37,No,44.37,0,0,-727251.992,3175304.7469
5708,R1-299,EDISTRIBUCIÓN REDES DIGITALES S.L.U.,Teruel,Aliaga,696129.02,4506482.14,ALIAGA,20,0,No,2.78,0,0,696129.02,4506482.14
5709,R1-299,EDISTRIBUCIÓN REDES DIGITALES S.L.U.,"Palmas, Las",Santa María de Guía de Gran Canaria,439342.33,3111544.31,GUIA,20,0,No,40.95,0,0,-744731.7142,3176688.4413
5710,R1-299,EDISTRIBUCIÓN REDES DIGITALES S.L.U.,Teruel,Andorra,715951.31,4538825.37,ANDORRA,45,0,No,0,0,0,715951.31,4538825.37
5711,R1-299,EDISTRIBUCIÓN REDES DIGITALES S.L.U.,"Palmas, Las","Palmas de Gran Canaria, Las",455446.4,3107367.7,LA_PATERNA,20,0,No,61.24,0,0,-728829.9171,3170816.0471
5712,R1-299,EDISTRIBUCIÓN REDES DIGITALES S.L.U.,Teruel,Andorra,715951.31,4538825.37,ANDORRA,15,0,No,3.28,1.14,0,715951.31,4538825.37
5713,R1-299,EDISTRIBUCIÓN REDES DIGITALES S.L.U.,"Palmas, Las",San Bartolomé de Tirajana,442763.74,3072099.6,LOMO_MASP,20,0,No,38.93,0,0,-745255.301,3136340.6286
5714,R1-299,EDISTRIBUCIÓN REDES DIGITALES S.L.U.,Teruel,Azaila,709908.34,4573602.31,AZAILA,132,0,No,0,0,0,709908.34,4573602.31
5715,R1-299,EDISTRIBUCIÓN REDES DIGITALES S.L.U.,"Palmas, Las","Palmas de Gran Canaria, Las",459016.72,3114233.22,M_GRANDE,20,0,No,71.07,4.75,0,-724513.1142,3177411.3188
5716,R1-299,EDISTRIBUCIÓN REDES DIGITALES S.L.U.,Teruel,Azaila,709908.34,4573602.31,AZAILA,45,0,No,0,0,0,709908.34,4573602.31
5717,R1-299,EDISTRIBUCIÓN REDES DIGITALES S.L.U.,"Palmas, Las",Tías,628174.96,3203348.1,MACHER,20,7.21,No,39.52,0,0,-544400.4478,3250128.3714
5718,R1-299,EDISTRIBUCIÓN REDES DIGITALES S.L.U.,Teruel,Azaila,709908.34,4573602.31,AZAILA,10,0,No,3.03,0,0,709908.34,4573602.31
5719,R1-299,EDISTRIBUCIÓN REDES DIGITALES S.L.U.,"Palmas, Las",Telde,458721.33,3100636.72,MARZAGAN,20,0,No,42.34,0,0,-726193.7313,3163661.3383
5720,R1-299,EDISTRIBUCIÓN REDES DIGITALES S.L.U.,Teruel,Calamocha,644427.51,4530824.6,CALAMOCHA,132,0,No,0,0,0,644427.51,4530824.6
5721,R1-299,EDISTRIBUCIÓN REDES DIGITALES S.L.U.,"Palmas, Las",Pájara,570369.53,3110923.27,MATAS_BLAN,20,16.28,No,34.79,0,0,-612178.8115,3162770.4598
5722,R1-299,EDISTRIBUCIÓN REDES DIGITALES S.L.U.,Teruel,Calamocha,644427.51,4530824.6,CALAMOCHA,45,0,No,0,0,0,644427.51,4530824.6
5723,R1-299,EDISTRIBUCIÓN REDES DIGITALES S.L.U.,"Palmas, Las",San Bartolomé de Tirajana,456833.23,3076178.79,MATORRAL,20,3.5,No,37.68,0,0,-730578.7067,3139060.4949
5724,R1-299,EDISTRIBUCIÓN REDES DIGITALES S.L.U.,Teruel,Calamocha,644427.51,4530824.6,CALAMOCHA,20,0,No,54.65,0,0,644427.51,4530824.6
5725,R1-299,EDISTRIBUCIÓN REDES DIGITALES S.L.U.,"Palmas, Las",Arrecife,644431.43,3206665.51,P_GRANDE,20,25.78,No,57.25,14.25,0,-527674.8898,3251790.8171
5726,R1-299,EDISTRIBUCIÓN REDES DIGITALES S.L.U.,Teruel,Calanda,733356.79,4536956.78,CALANDA,45,0,No,2.21,0,0,733356.79,4536956.78
5727,R1-299,EDISTRIBUCIÓN REDES DIGITALES S.L.U.,"Palmas, Las",Yaiza,617016.62,3194030.24,PLAYA_BLAN,20,0.59,No,41.5,0,0,-556612.5332,3241886.6573
5728,R1-299,EDISTRIBUCIÓN REDES DIGITALES S.L.U.,Teruel,Calanda,733356.79,4536956.78,CALANDA,30,0,No,3.05,0,0,733356.79,4536956.78
5729,R1-299,EDISTRIBUCIÓN REDES DIGITALES S.L.U.,"Palmas, Las",San Bartolomé de Tirajana,445397.42,3071644.39,S_AGUSTIN,20,0.44,No,43.77,0,0,-742630.1706,3135613.9472
5730,R1-299,EDISTRIBUCIÓN REDES DIGITALES S.L.U.,"Palmas, Las",Puerto del Rosario,612931.79,3153525.68,SALINAS,20,0,No,69.76,15.1,0,-564888.2235,3201454.8406
5731,R1-299,EDISTRIBUCIÓN REDES DIGITALES S.L.U.,Teruel,Calanda,733356.79,4536956.78,CALANDA,10,0,No,5.03,0,0,733356.79,4536956.78
5732,R1-299,EDISTRIBUCIÓN REDES DIGITALES S.L.U.,"Palmas, Las",Vega de San Mateo,446563,3098296.56,SAN_MATEO,20,0,No,27.63,0,0,-738756.2321,3162521.811
5733,R1-299,EDISTRIBUCIÓN REDES DIGITALES S.L.U.,Teruel,Utrillas,679744.66,4520912.9,CASTIN_ROS,132,0,No,30,0,0,679744.66,4520912.9
5734,R1-299,EDISTRIBUCIÓN REDES DIGITALES S.L.U.,"Palmas, Las",San Bartolomé de Tirajana,440190.37,3071289.16,TABLERO,20,28.4,No,19.17,0,0,-747946.8417,3135777.6501
5735,R1-299,EDISTRIBUCIÓN REDES DIGITALES S.L.U.,Teruel,Cella,649153.01,4479911.04,CELLA,132,0,No,0,0,0,649153.01,4479911.04
5736,R1-299,EDISTRIBUCIÓN REDES DIGITALES S.L.U.,"Palmas, Las",Telde,457041.26,3096005.03,TELDE,20,15.22,No,27.02,0,0,-728365.9285,3159136.9864
5737,R1-299,EDISTRIBUCIÓN REDES DIGITALES S.L.U.,Teruel,Cella,649153.01,4479911.04,CELLA,45,0,No,12.5,0,0,649153.01,4479911.04
5738,R1-299,EDISTRIBUCIÓN REDES DIGITALES S.L.U.,Santa Cruz de Tenerife,Arico,358085.92,3115824.31,ARICO_2,20,21.94,No,22.8,0,0,-826788.0731,3189333.4836
5739,R1-299,EDISTRIBUCIÓN REDES DIGITALES S.L.U.,Teruel,Cella,649153.01,4479911.04,CELLA,20,0,No,10.3,0,0,649153.01,4479911.04
5740,R1-299,EDISTRIBUCIÓN REDES DIGITALES S.L.U.,Teruel,Alcañiz,734050.12,4552090.88,CIUD_MOTOR,132,0,No,4,0,0,734050.12,4552090.88
5741,R1-299,EDISTRIBUCIÓN REDES DIGITALES S.L.U.,Santa Cruz de Tenerife,Arona,338528.3,3103815.98,ARONA,20,0,No,66.9,0.01,0,-847902.0212,3179125.9336
5742,R1-299,EDISTRIBUCIÓN REDES DIGITALES S.L.U.,Teruel,Alcañiz,734050.12,4552090.88,CIUD_MOTOR,10,0,No,1.51,0,0,734050.12,4552090.88
5743,R1-299,EDISTRIBUCIÓN REDES DIGITALES S.L.U.,Santa Cruz de Tenerife,Santa Cruz de Tenerife,375782.08,3148221.97,B_AIRES,20,11,No,117.03,0,0,-805474.8119,3220430.2369
5744,R1-299,EDISTRIBUCIÓN REDES DIGITALES S.L.U.,Teruel,Teruel,660182.41,4466479.02,CNF_TERUEL,45,0,No,0,0,0,660182.41,4466479.02
5745,R1-299,EDISTRIBUCIÓN REDES DIGITALES S.L.U.,Santa Cruz de Tenerife,Candelaria,366935.97,3140280.72,C_CANDELA_,20,0,No,9.05,0,0,-815280.6539,3213276.2937
5746,R1-299,EDISTRIBUCIÓN REDES DIGITALES S.L.U.,Teruel,Cuevas de Almudén,681568.21,4508266.35,CUEVAS_ALM,132,0,No,0,0,0,681568.21,4508266.35
5747,R1-299,EDISTRIBUCIÓN REDES DIGITALES S.L.U.,Santa Cruz de Tenerife,Breña Alta,229450.45,3173991.44,C_GUINCHOS,20,0,No,28.09,0,0,-951718.7662,3261899.0475
5748,R1-299,EDISTRIBUCIÓN REDES DIGITALES S.L.U.,Teruel,Teruel,661226.53,4467284.66,EL_CERRO,45,0,No,0,0,0,661226.53,4467284.66
5749,R1-299,EDISTRIBUCIÓN REDES DIGITALES S.L.U.,Santa Cruz de Tenerife,Arona,333039.36,3106164.27,CHAYOFA,20,0,No,94.43,1.14,0,-853244.8095,3182075.9126
5750,R1-299,EDISTRIBUCIÓN REDES DIGITALES S.L.U.,Teruel,Teruel,661226.53,4467284.66,EL_CERRO,10,0,No,6.96,0,0,661226.53,4467284.66
5751,R1-299,EDISTRIBUCIÓN REDES DIGITALES S.L.U.,Santa Cruz de Tenerife,Santa Úrsula,353169.08,3144495.14,CUES_VILLA,20,0,No,85.29,0,0,-828835.2078,3218980.0909
5752,R1-299,EDISTRIBUCIÓN REDES DIGITALES S.L.U.,Teruel,Escucha,685316.58,4518576.6,ESCUCHA,45,0,No,0,0,0,685316.58,4518576.6
5753,R1-299,EDISTRIBUCIÓN REDES DIGITALES S.L.U.,Santa Cruz de Tenerife,Santa Cruz de Tenerife,382102.07,3153068.63,DIQUE_ESTE,20,1.83,No,37.3,0,0,-798555.4887,3224699.1674
5754,R1-299,EDISTRIBUCIÓN REDES DIGITALES S.L.U.,Teruel,Escucha,685316.58,4518576.6,ESCUCHA,15,0,No,5.24,0,0,685316.58,4518576.6
5755,R1-299,EDISTRIBUCIÓN REDES DIGITALES S.L.U.,Santa Cruz de Tenerife,San Cristóbal de La Laguna,371298.41,3148657.07,GENETO,20,0,No,52.31,0,0,-809984.1163,3221335.4573
5756,R1-299,EDISTRIBUCIÓN REDES DIGITALES S.L.U.,Teruel,Escucha,684246.02,4518428.71,ESCUCHA_CT,132,0,No,0,0,0,684246.02,4518428.71
5757,R1-299,EDISTRIBUCIÓN REDES DIGITALES S.L.U.,Santa Cruz de Tenerife,San Cristóbal de La Laguna,372803.06,3149531.16,GUAJARA,20,0,No,62.52,0,0,-808365.3782,3222067.8335
5758,R1-299,EDISTRIBUCIÓN REDES DIGITALES S.L.U.,Teruel,Escucha,684246.02,4518428.71,ESCUCHA_CT,45,0,No,0,0,0,684246.02,4518428.71
5759,R1-299,EDISTRIBUCIÓN REDES DIGITALES S.L.U.,Santa Cruz de Tenerife,Guía de Isora,322966.3,3123245.8,GUIA_ISORA,20,0,No,48.77,0,0,-861739.149,3200486.7135
5760,R1-299,EDISTRIBUCIÓN REDES DIGITALES S.L.U.,Teruel,Estercuel,699652.28,4525662.07,ESTERCUEL,45,0,No,0,0,0,699652.28,4525662.07
5761,R1-299,EDISTRIBUCIÓN REDES DIGITALES S.L.U.,Santa Cruz de Tenerife,Icod de los Vinos,333369.64,3139146.08,ICOD,20,3.29,No,20.34,0,0,-849517.5051,3215587.6045
5762,R1-299,EDISTRIBUCIÓN REDES DIGITALES S.L.U.,Teruel,Estercuel,699652.28,4525662.07,ESTERCUEL,15,0,No,3.47,0,0,699652.28,4525662.07
5763,R1-299,EDISTRIBUCIÓN REDES DIGITALES S.L.U.,Santa Cruz de Tenerife,Adeje,328761.81,3112321.51,LOS_OLIVOS,20,2.12,No,84.82,0,0,-856965.3721,3188777.5835
5764,R1-299,EDISTRIBUCIÓN REDES DIGITALES S.L.U.,Teruel,Teruel,661814.85,4465419.43,FUENFRESCA,45,0,No,0,0,0,661814.85,4465419.43
5765,R1-299,EDISTRIBUCIÓN REDES DIGITALES S.L.U.,Santa Cruz de Tenerife,Santa Cruz de Tenerife,375028.65,3149848.38,M_CRUZ,20,0,No,36.54,0,0,-806072.0037,3222160.0086
5766,R1-299,EDISTRIBUCIÓN REDES DIGITALES S.L.U.,Teruel,Teruel,661814.85,4465419.43,FUENFRESCA,10,0,No,5.44,0,0,661814.85,4465419.43
5767,R1-299,EDISTRIBUCIÓN REDES DIGITALES S.L.U.,Santa Cruz de Tenerife,Granadilla de Abona,352683.2,3107093.28,P_GRANAD,20,0,No,60.21,0,0,-833173.6626,3181011.2509
5768,R1-299,EDISTRIBUCIÓN REDES DIGITALES S.L.U.,Teruel,Híjar,716563.85,4561088.33,HIJAR,132,0,No,100,0,0,716563.85,4561088.33
5769,R1-299,EDISTRIBUCIÓN REDES DIGITALES S.L.U.,Teruel,Alloza,709620.95,4542491.66,L_OPORTUNA,132,0,No,0,0,0,709620.95,4542491.66
5770,R1-299,EDISTRIBUCIÓN REDES DIGITALES S.L.U.,Santa Cruz de Tenerife,Arafo,365396.51,3135419.54,P_GUIMAR,20,0,No,43.53,0,0,-817345.7833,3208495.8569
5771,R1-299,EDISTRIBUCIÓN REDES DIGITALES S.L.U.,Santa Cruz de Tenerife,"Realejos, Los",345821.32,3140659.73,REALEJOS,20,0,No,50.56,0,0,-836700.3381,3215840.5172
5772,R1-299,EDISTRIBUCIÓN REDES DIGITALES S.L.U.,Teruel,Alloza,709620.95,4542491.66,L_OPORTUNA,45,0,No,0,0,0,709620.95,4542491.66
5773,R1-299,EDISTRIBUCIÓN REDES DIGITALES S.L.U.,Santa Cruz de Tenerife,Tacoronte,361519.14,3150603.14,TACORONTE,20,0,No,44.18,0,0,-819718.0896,3224323.7788
5774,R1-299,EDISTRIBUCIÓN REDES DIGITALES S.L.U.,Teruel,Alloza,709620.95,4542491.66,L_OPORTUNA,30,0,No,2.22,1.43,0,709620.95,4542491.66
5775,R1-299,EDISTRIBUCIÓN REDES DIGITALES S.L.U.,Santa Cruz de Tenerife,"Llanos de Aridane, Los",215008.78,3174278.32,VALLE,20,0,No,18.6,2.16,0,-966419.4193,3263709.2933
5776,R1-299,EDISTRIBUCIÓN REDES DIGITALES S.L.U.,Teruel,Híjar,708897.11,4564883.46,LA_CULTIA,10,0,No,0.09,0,0,708897.11,4564883.46
5777,R1-299,EDISTRIBUCIÓN REDES DIGITALES S.L.U.,Teruel,"Puebla de Híjar, La",714141.48,4566750.42,LA_PUEBLA,45,0,No,0,0,0,714141.48,4566750.42
5778,R1-299,EDISTRIBUCIÓN REDES DIGITALES S.L.U.,Teruel,"Puebla de Híjar, La",714141.48,4566750.42,LA_PUEBLA,15,0,No,6.15,0,0,714141.48,4566750.42
5779,R1-299,EDISTRIBUCIÓN REDES DIGITALES S.L.U.,Teruel,Alcañiz,743810.7,4545483.17,LAS_HORCAS,45,0,No,0.86,0,0,743810.7,4545483.17
5780,R1-299,EDISTRIBUCIÓN REDES DIGITALES S.L.U.,Teruel,Alcañiz,743810.7,4545483.17,LAS_HORCAS,10,0,No,6.09,0,0,743810.7,4545483.17
5781,R1-299,EDISTRIBUCIÓN REDES DIGITALES S.L.U.,Teruel,Andorra,711926.73,4546625.77,LOS_ARCOS,132,0,No,0,0,0,711926.73,4546625.77
5782,R1-299,EDISTRIBUCIÓN REDES DIGITALES S.L.U.,Teruel,Olba,699955.12,4444784.61,LS_VILNVAS,20,7.52,No,1.46,0,0,699955.12,4444784.61
5783,R1-299,EDISTRIBUCIÓN REDES DIGITALES S.L.U.,Teruel,Martín del Río,677066.04,4523396.61,MARTIN_RIO,45,0,No,0,0,0,677066.04,4523396.61
5784,R1-299,EDISTRIBUCIÓN REDES DIGITALES S.L.U.,Teruel,Martín del Río,677066.04,4523396.61,MARTIN_RIO,15,0,No,3.99,0,0,677066.04,4523396.61
5785,R1-299,EDISTRIBUCIÓN REDES DIGITALES S.L.U.,Teruel,Alcañiz,740719.69,4548634.67,MOLI_MAYOR,45,0,No,0,0,0,740719.69,4548634.67
5786,R1-299,EDISTRIBUCIÓN REDES DIGITALES S.L.U.,Teruel,Alcañiz,740719.69,4548634.67,MOLI_MAYOR,10,0,No,7.67,0,0,740719.69,4548634.67
5787,R1-299,EDISTRIBUCIÓN REDES DIGITALES S.L.U.,Teruel,Monreal del Campo,639773.28,4515585.84,MONREAL,45,0,No,0,0,0,639773.28,4515585.84
5788,R1-299,EDISTRIBUCIÓN REDES DIGITALES S.L.U.,Teruel,Monreal del Campo,639773.28,4515585.84,MONREAL,20,0,No,6.12,0,0,639773.28,4515585.84
5789,R1-299,EDISTRIBUCIÓN REDES DIGITALES S.L.U.,Teruel,"Puebla de Valverde, La",671658.59,4461778.55,P_ESCANDON,132,0,No,0,0,0,671658.59,4461778.55
5790,R1-299,EDISTRIBUCIÓN REDES DIGITALES S.L.U.,Teruel,Andorra,718999.51,4541248.54,PEAN,132,0,No,28,0,0,718999.51,4541248.54
5791,R1-299,EDISTRIBUCIÓN REDES DIGITALES S.L.U.,Teruel,Andorra,718999.51,4541248.54,PEAN,15,0,No,9.58,0,0,718999.51,4541248.54
5792,R1-299,EDISTRIBUCIÓN REDES DIGITALES S.L.U.,Teruel,Andorra,714559.82,4540302.53,PI.ANDORRA,45,0,No,0,0,0,714559.82,4540302.53
5793,R1-299,EDISTRIBUCIÓN REDES DIGITALES S.L.U.,Teruel,Andorra,714559.82,4540302.53,PI.ANDORRA,15,0,No,3.1,0,0,714559.82,4540302.53
5794,R1-299,EDISTRIBUCIÓN REDES DIGITALES S.L.U.,Teruel,Teruel,656195.75,4471113.11,PLATEA,132,0,No,88.05,0,0,656195.75,4471113.11
5795,R1-299,EDISTRIBUCIÓN REDES DIGITALES S.L.U.,Teruel,Teruel,656195.75,4471113.11,PLATEA,20,0,No,27.76,0,0,656195.75,4471113.11
5796,R1-299,EDISTRIBUCIÓN REDES DIGITALES S.L.U.,Teruel,"Puebla de Valverde, La",676622.4,4454045.76,PUEBLA_VAL,132,0,No,0,0,0,676622.4,4454045.76
5797,R1-299,EDISTRIBUCIÓN REDES DIGITALES S.L.U.,Teruel,"Puebla de Valverde, La",676622.4,4454045.76,PUEBLA_VAL,20,0,No,8.54,0,0,676622.4,4454045.76
5798,R1-299,EDISTRIBUCIÓN REDES DIGITALES S.L.U.,Teruel,Alcañiz,734808.74,4542359.75,R_MONTORO,45,0,No,0,0,0,734808.74,4542359.75
5799,R1-299,EDISTRIBUCIÓN REDES DIGITALES S.L.U.,Teruel,Alcañiz,734808.74,4542359.75,R_MONTORO,15,0,No,3.58,0,0,734808.74,4542359.75
5800,R1-299,EDISTRIBUCIÓN REDES DIGITALES S.L.U.,Teruel,Santa Eulalia,641157.08,4490691.97,ST_EULALIA,132,0,No,0,0,0,641157.08,4490691.97
5801,R1-299,EDISTRIBUCIÓN REDES DIGITALES S.L.U.,Teruel,Santa Eulalia,641157.08,4490691.97,ST_EULALIA,20,0,No,6.01,0,0,641157.08,4490691.97
5802,R1-299,EDISTRIBUCIÓN REDES DIGITALES S.L.U.,Teruel,Teruel,661104.73,4468798.53,TERUEL,132,0,No,0,0,0,661104.73,4468798.53
5803,R1-299,EDISTRIBUCIÓN REDES DIGITALES S.L.U.,Teruel,Teruel,661104.73,4468798.53,TERUEL,45,0,No,0,0,0,661104.73,4468798.53
5804,R1-299,EDISTRIBUCIÓN REDES DIGITALES S.L.U.,Teruel,Teruel,661104.73,4468798.53,TERUEL,20,0,No,10.92,0,0,661104.73,4468798.53
5805,R1-299,EDISTRIBUCIÓN REDES DIGITALES S.L.U.,Teruel,Teruel,661104.73,4468798.53,TERUEL,10,0,No,9.86,0,0,661104.73,4468798.53
5806,R1-299,EDISTRIBUCIÓN REDES DIGITALES S.L.U.,Teruel,Monreal del Campo,639873.12,4515394.42,TOLLO,132,0,No,5.37,0,0,639873.12,4515394.42
5807,R1-299,EDISTRIBUCIÓN REDES DIGITALES S.L.U.,Teruel,Utrillas,679681.05,4520849.3,UTRILLAS,45,0,No,0,0,0,679681.05,4520849.3
5808,R1-299,EDISTRIBUCIÓN REDES DIGITALES S.L.U.,Teruel,Utrillas,679681.05,4520849.3,UTRILLAS,15,0,No,2.27,0,0,679681.05,4520849.3
5809,R1-299,EDISTRIBUCIÓN REDES DIGITALES S.L.U.,Teruel,Valderrobres,766444.91,4530377.02,VALDERROBR,132,0,No,0,0,0,766444.91,4530377.02
5810,R1-299,EDISTRIBUCIÓN REDES DIGITALES S.L.U.,Teruel,Valderrobres,766444.91,4530377.02,VALDERROBR,25,0,No,8.53,0,0,766444.91,4530377.02
5811,R1-299,EDISTRIBUCIÓN REDES DIGITALES S.L.U.,Teruel,Albentosa,693104.55,4444486.2,VENTA-AIRE,132,0,No,0,0,0,693104.55,4444486.2
5812,R1-299,EDISTRIBUCIÓN REDES DIGITALES S.L.U.,Teruel,Albentosa,693104.55,4444486.2,VENTA-AIRE,20,0,No,6.89,0,0,693104.55,4444486.2
5813,R1-299,EDISTRIBUCIÓN REDES DIGITALES S.L.U.,Teruel,Villel,654502.12,4456080.56,VILLEL,45,0,No,0,0,0,654502.12,4456080.56
5814,R1-299,EDISTRIBUCIÓN REDES DIGITALES S.L.U.,Teruel,Villel,654502.12,4456080.56,VILLEL,20,0,No,6.87,0,0,654502.12,4456080.56
5815,R1-299,EDISTRIBUCIÓN REDES DIGITALES S.L.U.,Teruel,Vinaceite,700019.82,4575515.02,VINACEITE,45,0,No,0,0,0,700019.82,4575515.02
5816,R1-299,EDISTRIBUCIÓN REDES DIGITALES S.L.U.,Zaragoza,Zaragoza,675798.19,4615124.79,ACTUR,45,0,No,0,0,0,675798.19,4615124.79
5817,R1-299,EDISTRIBUCIÓN REDES DIGITALES S.L.U.,Zaragoza,Zaragoza,675798.19,4615124.79,ACTUR,10,0,No,23.98,0,0,675798.19,4615124.79
5818,R1-299,EDISTRIBUCIÓN REDES DIGITALES S.L.U.,Zaragoza,Alfamén,647164.08,4589462.51,ALFAMEN,45,0,No,0,0,0,647164.08,4589462.51
5819,R1-299,EDISTRIBUCIÓN REDES DIGITALES S.L.U.,Zaragoza,Alfamén,647164.08,4589462.51,ALFAMEN,15,0,No,3.13,0,0,647164.08,4589462.51
5820,R1-299,EDISTRIBUCIÓN REDES DIGITALES S.L.U.,Zaragoza,Alhama de Aragón,592203.81,4571605.05,ALHAMA,45,0,No,0,0,0,592203.81,4571605.05
5821,R1-299,EDISTRIBUCIÓN REDES DIGITALES S.L.U.,Zaragoza,Alhama de Aragón,592203.81,4571605.05,ALHAMA,15,0,No,13.87,0,0,592203.81,4571605.05
5822,R1-299,EDISTRIBUCIÓN REDES DIGITALES S.L.U.,Zaragoza,Zaragoza,680351.06,4608489.81,ALUMALSA,45,0,No,1.74,0,0,680351.06,4608489.81
5823,R1-299,EDISTRIBUCIÓN REDES DIGITALES S.L.U.,Zaragoza,Zaragoza,674138.69,4611924.98,ARAGONIA,45,0,No,0,0,0,674138.69,4611924.98
5824,R1-299,EDISTRIBUCIÓN REDES DIGITALES S.L.U.,Zaragoza,Zaragoza,674138.69,4611924.98,ARAGONIA,10,0,No,4.23,0,0,674138.69,4611924.98
5825,R1-299,EDISTRIBUCIÓN REDES DIGITALES S.L.U.,Zaragoza,Zaragoza,669545.88,4611392.85,ARCOSUR,132,0,No,0,0,0,669545.88,4611392.85
5826,R1-299,EDISTRIBUCIÓN REDES DIGITALES S.L.U.,Zaragoza,Zaragoza,669545.88,4611392.85,ARCOSUR,15,0,No,91.74,0,0,669545.88,4611392.85
5827,R1-299,EDISTRIBUCIÓN REDES DIGITALES S.L.U.,Zaragoza,Ariza,579952.94,4574078.22,ARIZA,45,0,No,0.36,0,0,579952.94,4574078.22
5828,R1-299,EDISTRIBUCIÓN REDES DIGITALES S.L.U.,Zaragoza,Ariza,579952.94,4574078.22,ARIZA,15,0,No,6.98,0,0,579952.94,4574078.22
5829,R1-299,EDISTRIBUCIÓN REDES DIGITALES S.L.U.,Zaragoza,Ateca,601122.39,4575467.55,ATECA,45,0,No,0,0,0,601122.39,4575467.55
5830,R1-299,EDISTRIBUCIÓN REDES DIGITALES S.L.U.,Zaragoza,Ateca,601122.39,4575467.55,ATECA,15,0,No,3.62,0,0,601122.39,4575467.55
5831,R1-299,EDISTRIBUCIÓN REDES DIGITALES S.L.U.,Zaragoza,Zaragoza,673503.41,4613993.41,AUGUSTA,45,0,No,1.67,0,0,673503.41,4613993.41
5832,R1-299,EDISTRIBUCIÓN REDES DIGITALES S.L.U.,Zaragoza,Zaragoza,673503.41,4613993.41,AUGUSTA,15,0,No,20.05,0,0,673503.41,4613993.41
5833,R1-299,EDISTRIBUCIÓN REDES DIGITALES S.L.U.,Zaragoza,Zaragoza,673503.41,4613993.41,AUGUSTA,10,0,No,18.13,0,0,673503.41,4613993.41
5834,R1-299,EDISTRIBUCIÓN REDES DIGITALES S.L.U.,Zaragoza,Zaragoza,661418.22,4616408.1,BASE_AEREA,45,0,No,4.02,0,0,661418.22,4616408.1
5835,R1-299,EDISTRIBUCIÓN REDES DIGITALES S.L.U.,Zaragoza,Belchite,688299.62,4574395.53,BELCHITE,45,0,No,0,0,0,688299.62,4574395.53
5836,R1-299,EDISTRIBUCIÓN REDES DIGITALES S.L.U.,Zaragoza,Belchite,688299.62,4574395.53,BELCHITE,15,0,No,6.1,0,0,688299.62,4574395.53
5837,R1-299,EDISTRIBUCIÓN REDES DIGITALES S.L.U.,Zaragoza,Borja,623367.38,4632084.8,BORJA,45,0,No,0,0,0,623367.38,4632084.8
5838,R1-299,EDISTRIBUCIÓN REDES DIGITALES S.L.U.,Zaragoza,Borja,623367.38,4632084.8,BORJA,15,0,No,11.02,0,0,623367.38,4632084.8
5839,R1-299,EDISTRIBUCIÓN REDES DIGITALES S.L.U.,Zaragoza,Botorrita,663458.48,4598244.56,BOTORRITA,132,0,No,0,0,0,663458.48,4598244.56
5840,R1-299,EDISTRIBUCIÓN REDES DIGITALES S.L.U.,Zaragoza,Calatayud,613606.12,4576461.09,CALATAYUD,132,0,No,0,0,0,613606.12,4576461.09
5841,R1-299,EDISTRIBUCIÓN REDES DIGITALES S.L.U.,Zaragoza,Calatayud,613606.12,4576461.09,CALATAYUD,45,0,No,0.94,0,0,613606.12,4576461.09
5842,R1-299,EDISTRIBUCIÓN REDES DIGITALES S.L.U.,Zaragoza,Calatayud,613606.12,4576461.09,CALATAYUD,15,0,No,23.67,1.14,0,613606.12,4576461.09
5843,R1-299,EDISTRIBUCIÓN REDES DIGITALES S.L.U.,Zaragoza,Zaragoza,669480.19,4609076.5,CAMPILLO,132,0,No,0,0,0,669480.19,4609076.5
5844,R1-299,EDISTRIBUCIÓN REDES DIGITALES S.L.U.,Zaragoza,Cariñena,647738.04,4578976.74,CARIÑENA,45,0,No,0,0,0,647738.04,4578976.74
5845,R1-299,EDISTRIBUCIÓN REDES DIGITALES S.L.U.,Zaragoza,Cariñena,647738.04,4578976.74,CARIÑENA,15,0,No,15.89,0,0,647738.04,4578976.74
5846,R1-299,EDISTRIBUCIÓN REDES DIGITALES S.L.U.,Zaragoza,Zaragoza,679853.58,4606503.41,CARTUJOS,45,0,No,17,0,0,679853.58,4606503.41
5847,R1-299,EDISTRIBUCIÓN REDES DIGITALES S.L.U.,Zaragoza,Zaragoza,679853.58,4606503.41,CARTUJOS,15,0,No,56.11,0,0,679853.58,4606503.41
5848,R1-299,EDISTRIBUCIÓN REDES DIGITALES S.L.U.,Zaragoza,Zaragoza,673921.32,4610305.95,CASABLANCA,132,0,No,0,0,0,673921.32,4610305.95
5849,R1-299,EDISTRIBUCIÓN REDES DIGITALES S.L.U.,Zaragoza,Zaragoza,673921.32,4610305.95,CASABLANCA,45,0,No,0,0,0,673921.32,4610305.95
5850,R1-299,EDISTRIBUCIÓN REDES DIGITALES S.L.U.,Zaragoza,Zaragoza,673921.32,4610305.95,CASABLANCA,10,0,No,15.5,0,0,673921.32,4610305.95
5851,R1-299,EDISTRIBUCIÓN REDES DIGITALES S.L.U.,Zaragoza,Caspe,746491.31,4570271.01,CASPE,132,0,No,27.5,0,0,746491.31,4570271.01
5852,R1-299,EDISTRIBUCIÓN REDES DIGITALES S.L.U.,Zaragoza,Caspe,746491.31,4570271.01,CASPE,66,0,No,0,0,0,746491.31,4570271.01
5853,R1-299,EDISTRIBUCIÓN REDES DIGITALES S.L.U.,Zaragoza,Caspe,746491.31,4570271.01,CASPE,25,0,No,28.45,1.24,0,746491.31,4570271.01
5854,R1-299,EDISTRIBUCIÓN REDES DIGITALES S.L.U.,Zaragoza,"Muela, La",659418.75,4608008.88,CENTROVIA,132,0,No,20,0,0,659418.75,4608008.88
5855,R1-299,EDISTRIBUCIÓN REDES DIGITALES S.L.U.,Zaragoza,"Muela, La",659418.75,4608008.88,CENTROVIA,15,0,No,41.76,0,0,659418.75,4608008.88
5856,R1-299,EDISTRIBUCIÓN REDES DIGITALES S.L.U.,Zaragoza,Belchite,687529.65,4583333.22,CLARIANA,132,0,No,0,0,0,687529.65,4583333.22
5857,R1-299,EDISTRIBUCIÓN REDES DIGITALES S.L.U.,Zaragoza,Belchite,687529.65,4583333.22,CLARIANA,45,0,No,2.08,0,0,687529.65,4583333.22
5858,R1-299,EDISTRIBUCIÓN REDES DIGITALES S.L.U.,Zaragoza,Zaragoza,677904.96,4615271.88,COGULLADA,45,0,No,0,0,0,677904.96,4615271.88
5859,R1-299,EDISTRIBUCIÓN REDES DIGITALES S.L.U.,Zaragoza,Zaragoza,677904.96,4615271.88,COGULLADA,10,0,No,19.11,0,0,677904.96,4615271.88
5860,R1-299,EDISTRIBUCIÓN REDES DIGITALES S.L.U.,Zaragoza,Zaragoza,676180.24,4612543.43,COR_INGLES,45,0,No,0.76,0,0,676180.24,4612543.43
5861,R1-299,EDISTRIBUCIÓN REDES DIGITALES S.L.U.,Zaragoza,Zaragoza,670914.86,4612116.29,CR_MADRID,45,0,No,0,0,0,670914.86,4612116.29
5862,R1-299,EDISTRIBUCIÓN REDES DIGITALES S.L.U.,Zaragoza,Zaragoza,670914.86,4612116.29,CR_MADRID,15,0,No,14.71,0,0,670914.86,4612116.29
5863,R1-299,EDISTRIBUCIÓN REDES DIGITALES S.L.U.,Zaragoza,Zaragoza,671811.52,4607198.02,CUARTE,45,0,No,20,0,0,671811.52,4607198.02
5864,R1-299,EDISTRIBUCIÓN REDES DIGITALES S.L.U.,Zaragoza,Zaragoza,671811.52,4607198.02,CUARTE,15,0,No,16.65,0,0,671811.52,4607198.02
5865,R1-299,EDISTRIBUCIÓN REDES DIGITALES S.L.U.,Zaragoza,Zaragoza,682374.11,4608685.24,D_CARTUJA,45,0,No,2.14,0,0,682374.11,4608685.24
5866,R1-299,EDISTRIBUCIÓN REDES DIGITALES S.L.U.,Zaragoza,Daroca,634940.32,4553554.36,DAROCA,45,0,No,0,0,0,634940.32,4553554.36
5867,R1-299,EDISTRIBUCIÓN REDES DIGITALES S.L.U.,Zaragoza,Daroca,634940.32,4553554.36,DAROCA,15,0,No,7.53,0,0,634940.32,4553554.36
5868,R1-299,EDISTRIBUCIÓN REDES DIGITALES S.L.U.,Zaragoza,Zaragoza,672400.64,4609339.78,ECOCIUDAD,132,0,No,0,0,0,672400.64,4609339.78
5869,R1-299,EDISTRIBUCIÓN REDES DIGITALES S.L.U.,Zaragoza,Zaragoza,672400.64,4609339.78,ECOCIUDAD,15,0,No,9.64,0,0,672400.64,4609339.78
5870,R1-299,EDISTRIBUCIÓN REDES DIGITALES S.L.U.,Zaragoza,Ejea de los Caballeros,653105.97,4663542.78,EJEA,66,0,No,1.3,0,0,653105.97,4663542.78
5871,R1-299,EDISTRIBUCIÓN REDES DIGITALES S.L.U.,Zaragoza,Ejea de los Caballeros,653105.97,4663542.78,EJEA,13,0,No,16.18,0,0,653105.97,4663542.78
5872,R1-299,EDISTRIBUCIÓN REDES DIGITALES S.L.U.,Zaragoza,"Burgo de Ebro, El",689260.79,4603759.74,EL_BURGO,45,0,No,0,0,0,689260.79,4603759.74
5873,R1-299,EDISTRIBUCIÓN REDES DIGITALES S.L.U.,Zaragoza,"Burgo de Ebro, El",689260.79,4603759.74,EL_BURGO,10,0,No,8.69,0,0,689260.79,4603759.74
5874,R1-299,EDISTRIBUCIÓN REDES DIGITALES S.L.U.,Zaragoza,"Frasno, El",624740.09,4587532.99,EL_FRASNO,45,0,No,0,0,0,624740.09,4587532.99
5875,R1-299,EDISTRIBUCIÓN REDES DIGITALES S.L.U.,Zaragoza,"Frasno, El",624740.09,4587532.99,EL_FRASNO,15,0,No,2.22,0,0,624740.09,4587532.99
5876,R1-299,EDISTRIBUCIÓN REDES DIGITALES S.L.U.,Zaragoza,Zaragoza,675556.96,4614142.91,ELEV_AGUAS,45,0,No,0,0,0,675556.96,4614142.91
5877,R1-299,EDISTRIBUCIÓN REDES DIGITALES S.L.U.,Zaragoza,Zaragoza,675556.96,4614142.91,ELEV_AGUAS,10,0,No,34.44,0,0,675556.96,4614142.91
5878,R1-299,EDISTRIBUCIÓN REDES DIGITALES S.L.U.,Zaragoza,Calatayud,616185.98,4584217.57,EMBID,45,0,No,0,0,0,616185.98,4584217.57
5879,R1-299,EDISTRIBUCIÓN REDES DIGITALES S.L.U.,Zaragoza,Pedrola,650759.35,4623457.15,ENTRERRIOS,45,0,No,0,0,0,650759.35,4623457.15
5880,R1-299,EDISTRIBUCIÓN REDES DIGITALES S.L.U.,Zaragoza,Escatrón,722562.06,4574945.12,ESCATRON,132,0,No,111.35,0,0,722562.06,4574945.12
5881,R1-299,EDISTRIBUCIÓN REDES DIGITALES S.L.U.,Zaragoza,Escatrón,722562.06,4574945.12,ESCATRON,110,0,No,0,0,0,722562.06,4574945.12
5882,R1-299,EDISTRIBUCIÓN REDES DIGITALES S.L.U.,Zaragoza,Escatrón,722562.06,4574945.12,ESCATRON,25,0,No,9.45,0,0,722562.06,4574945.12
5883,R1-299,EDISTRIBUCIÓN REDES DIGITALES S.L.U.,Zaragoza,"Burgo de Ebro, El",693600.8,4601646.68,ESPARTAL,45,0,No,23.61,0,0,693600.8,4601646.68
5884,R1-299,EDISTRIBUCIÓN REDES DIGITALES S.L.U.,Zaragoza,"Burgo de Ebro, El",693600.8,4601646.68,ESPARTAL,15,0,No,41.99,0,0,693600.8,4601646.68
5885,R1-299,EDISTRIBUCIÓN REDES DIGITALES S.L.U.,Zaragoza,Zaragoza,674847.17,4615959.66,EXPO,132,0,No,0,0,0,674847.17,4615959.66
5886,R1-299,EDISTRIBUCIÓN REDES DIGITALES S.L.U.,Zaragoza,Zaragoza,674847.17,4615959.66,EXPO,15,0,No,3.12,0,0,674847.17,4615959.66
5887,R1-299,EDISTRIBUCIÓN REDES DIGITALES S.L.U.,Zaragoza,Zaragoza,668182.65,4610245.2,F_MUESTRAS,45,0,No,0,0,0,668182.65,4610245.2
5888,R1-299,EDISTRIBUCIÓN REDES DIGITALES S.L.U.,Zaragoza,Zaragoza,668182.65,4610245.2,F_MUESTRAS,15,0,No,11.72,0,0,668182.65,4610245.2
5889,R1-299,EDISTRIBUCIÓN REDES DIGITALES S.L.U.,Zaragoza,Figueruelas,652621.48,4625025.94,FIGUERUELA,45,0,No,0,0,0,652621.48,4625025.94
5890,R1-299,EDISTRIBUCIÓN REDES DIGITALES S.L.U.,Zaragoza,Figueruelas,652621.48,4625025.94,FIGUERUELA,15,0,No,29.28,0,0,652621.48,4625025.94
5891,R1-299,EDISTRIBUCIÓN REDES DIGITALES S.L.U.,Zaragoza,Fuendetodos,669169.47,4578169.79,FUENDETODO,132,0,No,0,0,0,669169.47,4578169.79
5892,R1-299,EDISTRIBUCIÓN REDES DIGITALES S.L.U.,Zaragoza,Fuentes de Ebro,697248.55,4598136.15,FUENTES,45,0,No,0,0,0,697248.55,4598136.15
5893,R1-299,EDISTRIBUCIÓN REDES DIGITALES S.L.U.,Zaragoza,Fuentes de Ebro,697248.55,4598136.15,FUENTES,10,0,No,6.45,0,0,697248.55,4598136.15
5894,R1-299,EDISTRIBUCIÓN REDES DIGITALES S.L.U.,Zaragoza,Zaragoza,679036.22,4616196.78,GALLEGO,45,0,No,35,0,0,679036.22,4616196.78
5895,R1-299,EDISTRIBUCIÓN REDES DIGITALES S.L.U.,Zaragoza,Zaragoza,679036.22,4616196.78,GALLEGO,10,0,No,9.77,0,0,679036.22,4616196.78
5896,R1-299,EDISTRIBUCIÓN REDES DIGITALES S.L.U.,Zaragoza,Gallur,639790.57,4635744.18,GALLUR,66,6.85,No,0.66,0,0,639790.57,4635744.18
5897,R1-299,EDISTRIBUCIÓN REDES DIGITALES S.L.U.,Zaragoza,Gallur,639790.57,4635744.18,GALLUR,13,0,No,16.13,0,0,639790.57,4635744.18
5898,R1-299,EDISTRIBUCIÓN REDES DIGITALES S.L.U.,Zaragoza,Gelsa,711857.94,4589318.1,GELSA,45,0,No,5.08,2,0,711857.94,4589318.1
5899,R1-299,EDISTRIBUCIÓN REDES DIGITALES S.L.U.,Zaragoza,Gelsa,711857.94,4589318.1,GELSA,15,0,No,0.51,0,0,711857.94,4589318.1
5900,R1-299,EDISTRIBUCIÓN REDES DIGITALES S.L.U.,Zaragoza,Zaragoza,683084.63,4614722.97,GLORIA,45,0,No,0,0,0,683084.63,4614722.97
5901,R1-299,EDISTRIBUCIÓN REDES DIGITALES S.L.U.,Zaragoza,Zaragoza,683084.63,4614722.97,GLORIA,15,0,No,16.13,0,0,683084.63,4614722.97
5902,R1-299,EDISTRIBUCIÓN REDES DIGITALES S.L.U.,Zaragoza,Zaragoza,683084.63,4614722.97,GLORIA,10,0,No,5.74,0.03,0,683084.63,4614722.97
5903,R1-299,EDISTRIBUCIÓN REDES DIGITALES S.L.U.,Zaragoza,Zaragoza,674969.71,4611528.7,H_M_SERVET,45,0,No,8,0,0,674969.71,4611528.7
5904,R1-299,EDISTRIBUCIÓN REDES DIGITALES S.L.U.,Zaragoza,"Burgo de Ebro, El",693384.38,4600802.5,HIGUERAL,45,0,No,40,0,0,693384.38,4600802.5
5905,R1-299,EDISTRIBUCIÓN REDES DIGITALES S.L.U.,Zaragoza,Zaragoza,677161.11,4612903.45,HUERVA,45,0,No,0,0,0,677161.11,4612903.45
5906,R1-299,EDISTRIBUCIÓN REDES DIGITALES S.L.U.,Zaragoza,Zaragoza,677161.11,4612903.45,HUERVA,10,0,No,21.82,0,0,677161.11,4612903.45
5907,R1-299,EDISTRIBUCIÓN REDES DIGITALES S.L.U.,Zaragoza,Zaragoza,676186.53,4612774.65,IBERCAJA,45,0,No,1.16,0,0,676186.53,4612774.65
5908,R1-299,EDISTRIBUCIÓN REDES DIGITALES S.L.U.,Zaragoza,Illueca,615262.18,4598672.05,ILLUECA,45,0,No,0,0,0,615262.18,4598672.05
5909,R1-299,EDISTRIBUCIÓN REDES DIGITALES S.L.U.,Zaragoza,Illueca,615262.18,4598672.05,ILLUECA,15,0,No,4.01,0,0,615262.18,4598672.05
5910,R1-299,EDISTRIBUCIÓN REDES DIGITALES S.L.U.,Zaragoza,Zaragoza,679923.12,4615696.05,JARANDIN,45,0,No,1.05,0,0,679923.12,4615696.05
5911,R1-299,EDISTRIBUCIÓN REDES DIGITALES S.L.U.,Zaragoza,Zaragoza,679923.12,4615696.05,JARANDIN,10,0,No,11.83,0,0,679923.12,4615696.05
5912,R1-299,EDISTRIBUCIÓN REDES DIGITALES S.L.U.,Zaragoza,Zaragoza,675266.43,4617981.33,JUSLIBOL,45,0,No,0,0,0,675266.43,4617981.33
5913,R1-299,EDISTRIBUCIÓN REDES DIGITALES S.L.U.,Zaragoza,Zaragoza,675266.43,4617981.33,JUSLIBOL,15,0,No,1.58,0,0,675266.43,4617981.33
5914,R1-299,EDISTRIBUCIÓN REDES DIGITALES S.L.U.,Zaragoza,"Almunia de Doña Godina, La",636994.39,4594597.52,LA_ALMUNIA,132,0,No,0.58,0,0,636994.39,4594597.52
5915,R1-299,EDISTRIBUCIÓN REDES DIGITALES S.L.U.,Zaragoza,"Almunia de Doña Godina, La",636994.39,4594597.52,LA_ALMUNIA,45,0,No,0.67,0,0,636994.39,4594597.52
5916,R1-299,EDISTRIBUCIÓN REDES DIGITALES S.L.U.,Zaragoza,"Almunia de Doña Godina, La",636994.39,4594597.52,LA_ALMUNIA,15,0,No,28.44,0,0,636994.39,4594597.52
5917,R1-299,EDISTRIBUCIÓN REDES DIGITALES S.L.U.,Zaragoza,"Joyosa, La",661819.18,4622149.55,LA_JOYOSA,45,0,No,0,0,0,661819.18,4622149.55
5918,R1-299,EDISTRIBUCIÓN REDES DIGITALES S.L.U.,Zaragoza,"Joyosa, La",661819.18,4622149.55,LA_JOYOSA,15,0,No,14.53,0,0,661819.18,4622149.55
5919,R1-299,EDISTRIBUCIÓN REDES DIGITALES S.L.U.,Zaragoza,Boquiñeni,640231.6,4632199.69,LA_LOTETA,66,7.02,No,0,0,0,640231.6,4632199.69
5920,R1-299,EDISTRIBUCIÓN REDES DIGITALES S.L.U.,Zaragoza,"Muela, La",659023.4,4605646.45,LA_MUELA,45,0,No,0,0,0,659023.4,4605646.45
5921,R1-299,EDISTRIBUCIÓN REDES DIGITALES S.L.U.,Zaragoza,"Muela, La",659023.4,4605646.45,LA_MUELA,15,0,No,10.01,4.09,0,659023.4,4605646.45
5922,R1-299,EDISTRIBUCIÓN REDES DIGITALES S.L.U.,Zaragoza,Zaragoza,675539.73,4608176.21,LA_PAZ,132,0,No,40,0,0,675539.73,4608176.21
5923,R1-299,EDISTRIBUCIÓN REDES DIGITALES S.L.U.,Zaragoza,Zaragoza,675539.73,4608176.21,LA_PAZ,15,0,No,26.37,0,0,675539.73,4608176.21
5924,R1-299,EDISTRIBUCIÓN REDES DIGITALES S.L.U.,Zaragoza,Santa Eulalia de Gállego,684797.32,4682142.81,LA_RALLA,132,0,No,0,0,0,684797.32,4682142.81
5925,R1-299,EDISTRIBUCIÓN REDES DIGITALES S.L.U.,Zaragoza,Santa Eulalia de Gállego,684797.32,4682142.81,LA_RALLA,45,0,No,0,0,0,684797.32,4682142.81
5926,R1-299,EDISTRIBUCIÓN REDES DIGITALES S.L.U.,Zaragoza,Sástago,716089.15,4577604.95,LA_ZAIDA,45,0,No,0,2.07,0,716089.15,4577604.95
5927,R1-299,EDISTRIBUCIÓN REDES DIGITALES S.L.U.,Zaragoza,Sástago,716089.15,4577604.95,LA_ZAIDA,15,0,No,2.37,0,0,716089.15,4577604.95
5928,R1-299,EDISTRIBUCIÓN REDES DIGITALES S.L.U.,Zaragoza,Tarazona,608464.53,4635297.05,LANZAS_AGU,66,0,No,76,0,0,608464.53,4635297.05
5929,R1-299,EDISTRIBUCIÓN REDES DIGITALES S.L.U.,Zaragoza,Lécera,692537.72,4563246.62,LECERA,45,0,No,0,0,0,692537.72,4563246.62
5930,R1-299,EDISTRIBUCIÓN REDES DIGITALES S.L.U.,Zaragoza,Lécera,692537.72,4563246.62,LECERA,15,0,No,2.54,0,0,692537.72,4563246.62
5931,R1-299,EDISTRIBUCIÓN REDES DIGITALES S.L.U.,Zaragoza,Zaragoza,667699.15,4612675.86,LOGISTICA,45,0,No,0,0,0,667699.15,4612675.86
5932,R1-299,EDISTRIBUCIÓN REDES DIGITALES S.L.U.,Zaragoza,Zaragoza,667699.15,4612675.86,LOGISTICA,15,0,No,23.9,0,0,667699.15,4612675.86
5933,R1-299,EDISTRIBUCIÓN REDES DIGITALES S.L.U.,Zaragoza,Zaragoza,676978.43,4617673.06,LOS_LEONES,132,0,No,0,0,0,676978.43,4617673.06
5934,R1-299,EDISTRIBUCIÓN REDES DIGITALES S.L.U.,Zaragoza,Zaragoza,676978.43,4617673.06,LOS_LEONES,45,0,No,12,0,0,676978.43,4617673.06
5935,R1-299,EDISTRIBUCIÓN REDES DIGITALES S.L.U.,Zaragoza,Zaragoza,676978.43,4617673.06,LOS_LEONES,10,0,No,45.58,1.31,0,676978.43,4617673.06
5936,R1-299,EDISTRIBUCIÓN REDES DIGITALES S.L.U.,Zaragoza,Muel,655361.16,4595299.31,LS_VIENTOS,132,0,No,28.5,0,0,655361.16,4595299.31
5937,R1-299,EDISTRIBUCIÓN REDES DIGITALES S.L.U.,Zaragoza,Magallón,634584.67,4633990.34,MAGALLON,66,7.2,No,60.7,0,0,634584.67,4633990.34
5938,R1-299,EDISTRIBUCIÓN REDES DIGITALES S.L.U.,Zaragoza,Magallón,634584.67,4633990.34,MAGALLON,15,0,No,8.94,0,0,634584.67,4633990.34
5939,R1-299,EDISTRIBUCIÓN REDES DIGITALES S.L.U.,Zaragoza,Zaragoza,678623.07,4614646.04,MALLORCA,45,0,No,0,0,0,678623.07,4614646.04
5940,R1-299,EDISTRIBUCIÓN REDES DIGITALES S.L.U.,Zaragoza,Zaragoza,678623.07,4614646.04,MALLORCA,10,0,No,38.69,0,0,678623.07,4614646.04
5941,R1-299,EDISTRIBUCIÓN REDES DIGITALES S.L.U.,Zaragoza,"Puebla de Alfindén, La",685967.84,4612901.5,MALPICA,132,0,No,74.5,0,0,685967.84,4612901.5
5942,R1-299,EDISTRIBUCIÓN REDES DIGITALES S.L.U.,Zaragoza,"Puebla de Alfindén, La",685967.84,4612901.5,MALPICA,45,0,No,25.07,0,0,685967.84,4612901.5
5943,R1-299,EDISTRIBUCIÓN REDES DIGITALES S.L.U.,Zaragoza,"Puebla de Alfindén, La",685967.84,4612901.5,MALPICA,15,0,No,40.82,0,0,685967.84,4612901.5
5944,R1-299,EDISTRIBUCIÓN REDES DIGITALES S.L.U.,Zaragoza,María de Huerva,666598.5,4600030.02,MARIA_HUER,45,0,No,0,0,0,666598.5,4600030.02
5945,R1-299,EDISTRIBUCIÓN REDES DIGITALES S.L.U.,Zaragoza,María de Huerva,666598.5,4600030.02,MARIA_HUER,15,0,No,8.83,0,0,666598.5,4600030.02
5946,R1-299,EDISTRIBUCIÓN REDES DIGITALES S.L.U.,Zaragoza,Marracos,684258.22,4659144.7,MARRACOS,45,0,No,0,0,0,684258.22,4659144.7
5947,R1-299,EDISTRIBUCIÓN REDES DIGITALES S.L.U.,Zaragoza,Marracos,684258.22,4659144.7,MARRACOS,15,0,No,6.3,0,0,684258.22,4659144.7
5948,R1-299,EDISTRIBUCIÓN REDES DIGITALES S.L.U.,Zaragoza,Calatayud,615194.94,4579153.46,MEDIAVEGA,45,0,No,0,0,0,615194.94,4579153.46
5949,R1-299,EDISTRIBUCIÓN REDES DIGITALES S.L.U.,Zaragoza,Calatayud,615194.94,4579153.46,MEDIAVEGA,15,0,No,6.3,0,0,615194.94,4579153.46
5950,R1-299,EDISTRIBUCIÓN REDES DIGITALES S.L.U.,Zaragoza,Mequinenza,774078.94,4584890.72,MEQUINENZA,66,0,No,0.34,0,0,774078.94,4584890.72
5951,R1-299,EDISTRIBUCIÓN REDES DIGITALES S.L.U.,Zaragoza,Mequinenza,774078.94,4584890.72,MEQUINENZA,25,0,No,18.08,0,0,774078.94,4584890.72
5952,R1-299,EDISTRIBUCIÓN REDES DIGITALES S.L.U.,Zaragoza,Zaragoza,676744.55,4612472.33,MIRAFLORES,132,0,No,0,0,0,676744.55,4612472.33
5953,R1-299,EDISTRIBUCIÓN REDES DIGITALES S.L.U.,Zaragoza,Zaragoza,676744.55,4612472.33,MIRAFLORES,45,0,No,0,0,0,676744.55,4612472.33
5954,R1-299,EDISTRIBUCIÓN REDES DIGITALES S.L.U.,Zaragoza,Zaragoza,676744.55,4612472.33,MIRAFLORES,10,0,No,33.41,0,0,676744.55,4612472.33
5955,R1-299,EDISTRIBUCIÓN REDES DIGITALES S.L.U.,Zaragoza,Zaragoza,668802.96,4617560.66,MONZALBARB,45,0,No,0,0,0,668802.96,4617560.66
5956,R1-299,EDISTRIBUCIÓN REDES DIGITALES S.L.U.,Zaragoza,Zaragoza,668802.96,4617560.66,MONZALBARB,15,0,No,14.09,0,0,668802.96,4617560.66
5957,R1-299,EDISTRIBUCIÓN REDES DIGITALES S.L.U.,Zaragoza,Morata de Jalón,626332.93,4592305.84,MORATA,45,0,No,25.4,0,0,626332.93,4592305.84
5958,R1-299,EDISTRIBUCIÓN REDES DIGITALES S.L.U.,Zaragoza,Morés,619528,4593558.17,MORES,45,0,No,0.29,0,0,619528,4593558.17
5959,R1-299,EDISTRIBUCIÓN REDES DIGITALES S.L.U.,Zaragoza,Morés,619528,4593558.17,MORES,15,0,No,2.62,0,0,619528,4593558.17
5960,R1-299,EDISTRIBUCIÓN REDES DIGITALES S.L.U.,Zaragoza,Muel,659373.9,4592396.38,MUEL,45,0,No,0,0,0,659373.9,4592396.38
5961,R1-299,EDISTRIBUCIÓN REDES DIGITALES S.L.U.,Zaragoza,Muel,659373.9,4592396.38,MUEL,15,0,No,5.61,0,0,659373.9,4592396.38
5962,R1-299,EDISTRIBUCIÓN REDES DIGITALES S.L.U.,Zaragoza,Novallas,608189.45,4645400.93,NOVALLAS,66,0,No,0,0,0,608189.45,4645400.93
5963,R1-299,EDISTRIBUCIÓN REDES DIGITALES S.L.U.,Zaragoza,Alfajarín,694048.98,4607332.13,NUEZ,45,0,No,0,0,0,694048.98,4607332.13
5964,R1-299,EDISTRIBUCIÓN REDES DIGITALES S.L.U.,Zaragoza,Alfajarín,694048.98,4607332.13,NUEZ,15,0,No,11.33,0,0,694048.98,4607332.13
5965,R1-299,EDISTRIBUCIÓN REDES DIGITALES S.L.U.,Zaragoza,Zaragoza,678541.43,4612106.42,OLIVERA,45,0,No,20.18,0,0,678541.43,4612106.42
5966,R1-299,EDISTRIBUCIÓN REDES DIGITALES S.L.U.,Zaragoza,Zaragoza,678541.43,4612106.42,OLIVERA,10,0,No,29,5.04,0,678541.43,4612106.42
5967,R1-299,EDISTRIBUCIÓN REDES DIGITALES S.L.U.,Zaragoza,Grisel,607284.76,4637952.89,P.TARAZONA,66,0,No,2.91,0,0,607284.76,4637952.89
5968,R1-299,EDISTRIBUCIÓN REDES DIGITALES S.L.U.,Zaragoza,Grisel,607284.76,4637952.89,P.TARAZONA,13,0,No,4.74,0,0,607284.76,4637952.89
5969,R1-299,EDISTRIBUCIÓN REDES DIGITALES S.L.U.,Zaragoza,Paracuellos de Jiloca,615367.9,4574944.45,PARACUEL,132,0,No,0,0,0,615367.9,4574944.45
5970,R1-299,EDISTRIBUCIÓN REDES DIGITALES S.L.U.,Zaragoza,Zaragoza,676027.3,4612750.28,PARAISO,45,0,No,0,0,0,676027.3,4612750.28
5971,R1-299,EDISTRIBUCIÓN REDES DIGITALES S.L.U.,Zaragoza,Zaragoza,676027.3,4612750.28,PARAISO,10,0,No,35.96,0,0,676027.3,4612750.28
5972,R1-299,EDISTRIBUCIÓN REDES DIGITALES S.L.U.,Zaragoza,Villamayor de Gállego,687830.13,4621382.99,PEÑAFLOR,132,0,No,80,0,0,687830.13,4621382.99
5973,R1-299,EDISTRIBUCIÓN REDES DIGITALES S.L.U.,Zaragoza,Épila,644197.56,4606031.55,PI_EPILA,45,0,No,0,0,0,644197.56,4606031.55
5974,R1-299,EDISTRIBUCIÓN REDES DIGITALES S.L.U.,Zaragoza,Épila,644197.56,4606031.55,PI_EPILA,15,0,No,14.28,0,0,644197.56,4606031.55
5975,R1-299,EDISTRIBUCIÓN REDES DIGITALES S.L.U.,Zaragoza,Fuentes de Ebro,699979.06,4597767.94,PI_FUENTES,45,0,No,6.6,0,0,699979.06,4597767.94
5976,R1-299,EDISTRIBUCIÓN REDES DIGITALES S.L.U.,Zaragoza,Fuentes de Ebro,699979.06,4597767.94,PI_FUENTES,15,0,No,10.51,0,0,699979.06,4597767.94
5977,R1-299,EDISTRIBUCIÓN REDES DIGITALES S.L.U.,Zaragoza,Pina de Ebro,707620.07,4596951.25,PINA,45,0,No,0,0,0,707620.07,4596951.25
5978,R1-299,EDISTRIBUCIÓN REDES DIGITALES S.L.U.,Zaragoza,Pina de Ebro,707620.07,4596951.25,PINA,15,0,No,5.64,0,0,707620.07,4596951.25
5979,R1-299,EDISTRIBUCIÓN REDES DIGITALES S.L.U.,Zaragoza,Muel,658180.44,4594126.68,PITARCO,132,0,No,0,0,0,658180.44,4594126.68
5980,R1-299,EDISTRIBUCIÓN REDES DIGITALES S.L.U.,Zaragoza,Muel,658180.44,4594126.68,PITARCO,45,0,No,0,0,0,658180.44,4594126.68
5981,R1-299,EDISTRIBUCIÓN REDES DIGITALES S.L.U.,Zaragoza,Muel,658180.44,4594126.68,PITARCO,15,0,No,38.02,0,0,658180.44,4594126.68
5982,R1-299,EDISTRIBUCIÓN REDES DIGITALES S.L.U.,Zaragoza,Plasencia de Jalón,646889.32,4616713.52,PLASENCIA,45,0,No,0.66,0,0,646889.32,4616713.52
5983,R1-299,EDISTRIBUCIÓN REDES DIGITALES S.L.U.,Zaragoza,Zaragoza,666813.86,4610632.17,PLAZA,132,0,No,91.38,0,0,666813.86,4610632.17
5984,R1-299,EDISTRIBUCIÓN REDES DIGITALES S.L.U.,Zaragoza,Zaragoza,666813.86,4610632.17,PLAZA,45,0,No,0.31,0,0,666813.86,4610632.17
5985,R1-299,EDISTRIBUCIÓN REDES DIGITALES S.L.U.,Zaragoza,Zaragoza,666813.86,4610632.17,PLAZA,15,0,No,66.69,7.41,0,666813.86,4610632.17
5986,R1-299,EDISTRIBUCIÓN REDES DIGITALES S.L.U.,Zaragoza,"Muela, La",653561.8,4606115.96,PORTILLADA,132,0,No,0,0,0,653561.8,4606115.96
5987,R1-299,EDISTRIBUCIÓN REDES DIGITALES S.L.U.,Zaragoza,Zaragoza,675217.38,4613478.33,PORTILLO,132,0,No,0,0,0,675217.38,4613478.33
5988,R1-299,EDISTRIBUCIÓN REDES DIGITALES S.L.U.,Zaragoza,Zaragoza,675217.38,4613478.33,PORTILLO,45,0,No,0,0,0,675217.38,4613478.33
5989,R1-299,EDISTRIBUCIÓN REDES DIGITALES S.L.U.,Zaragoza,Zaragoza,675217.38,4613478.33,PORTILLO,10,0,No,36.08,0,0,675217.38,4613478.33
5990,R1-299,EDISTRIBUCIÓN REDES DIGITALES S.L.U.,Zaragoza,Pedrola,650577.69,4622074.83,PRADILLO,45,0,No,30,0,0,650577.69,4622074.83
5991,R1-299,EDISTRIBUCIÓN REDES DIGITALES S.L.U.,Zaragoza,Pedrola,650577.69,4622074.83,PRADILLO,15,0,No,30.56,0,0,650577.69,4622074.83
5992,R1-299,EDISTRIBUCIÓN REDES DIGITALES S.L.U.,Zaragoza,Zaragoza,683904.66,4606568.61,PRYDES,45,0,No,0,0,0,683904.66,4606568.61
5993,R1-299,EDISTRIBUCIÓN REDES DIGITALES S.L.U.,Zaragoza,Zaragoza,683904.66,4606568.61,PRYDES,10,0,No,3.84,0,0,683904.66,4606568.61
5994,R1-299,EDISTRIBUCIÓN REDES DIGITALES S.L.U.,Zaragoza,Zuera,690263.69,4646936.02,PUILATOS,45,0,No,0,0,0,690263.69,4646936.02
5995,R1-299,EDISTRIBUCIÓN REDES DIGITALES S.L.U.,Zaragoza,Zuera,690263.69,4646936.02,PUILATOS,15,0,No,5.37,0,0,690263.69,4646936.02
5996,R1-299,EDISTRIBUCIÓN REDES DIGITALES S.L.U.,Zaragoza,Quinto,710446.92,4586897.25,QUINTO,45,0,No,1.91,0,0,710446.92,4586897.25
5997,R1-299,EDISTRIBUCIÓN REDES DIGITALES S.L.U.,Zaragoza,Quinto,710446.92,4586897.25,QUINTO,15,0,No,11.26,2.85,0,710446.92,4586897.25
5998,R1-299,EDISTRIBUCIÓN REDES DIGITALES S.L.U.,Zaragoza,Bubierca,595808.52,4574614.78,R.BUBIERCA,45,0,No,0.53,0,0,595808.52,4574614.78
5999,R1-299,EDISTRIBUCIÓN REDES DIGITALES S.L.U.,Zaragoza,Luceni,645657.25,4632016.12,R_LUCENI,45,0,No,1.67,0,0,645657.25,4632016.12
6000,R1-299,EDISTRIBUCIÓN REDES DIGITALES S.L.U.,Zaragoza,Zaragoza,667433.85,4610088.31,REN.F.MUES,45,0,No,1.38,0,0,667433.85,4610088.31
6001,R1-299,EDISTRIBUCIÓN REDES DIGITALES S.L.U.,Zaragoza,Zaragoza,674144.47,4615124.61,RIOEBRO,45,0,No,0,0,0,674144.47,4615124.61
6002,R1-299,EDISTRIBUCIÓN REDES DIGITALES S.L.U.,Zaragoza,Zaragoza,674144.47,4615124.61,RIOEBRO,15,0,No,5.63,0,0,674144.47,4615124.61
6003,R1-299,EDISTRIBUCIÓN REDES DIGITALES S.L.U.,Zaragoza,Zaragoza,674324.04,4611546.93,ROMAREDA,45,0,No,0,0,0,674324.04,4611546.93
6004,R1-299,EDISTRIBUCIÓN REDES DIGITALES S.L.U.,Zaragoza,Zaragoza,674324.04,4611546.93,ROMAREDA,10,0,No,29.3,0,0,674324.04,4611546.93
6005,R1-299,EDISTRIBUCIÓN REDES DIGITALES S.L.U.,Zaragoza,Sádaba,642581.42,4681283.15,SADABA,66,0,No,0,0,0,642581.42,4681283.15
6006,R1-299,EDISTRIBUCIÓN REDES DIGITALES S.L.U.,Zaragoza,Sádaba,642581.42,4681283.15,SADABA,13,0,No,5.3,0,0,642581.42,4681283.15
6007,R1-299,EDISTRIBUCIÓN REDES DIGITALES S.L.U.,Zaragoza,Zaragoza,676678.38,4610868.02,SAGUNTO,45,0,No,0,0,0,676678.38,4610868.02
6008,R1-299,EDISTRIBUCIÓN REDES DIGITALES S.L.U.,Zaragoza,Zaragoza,676678.38,4610868.02,SAGUNTO,10,0,No,30.39,0,0,676678.38,4610868.02
6009,R1-299,EDISTRIBUCIÓN REDES DIGITALES S.L.U.,Zaragoza,Zaragoza,677494.36,4615342.26,SAICA_I,45,0,No,28.2,0,0,677494.36,4615342.26
6010,R1-299,EDISTRIBUCIÓN REDES DIGITALES S.L.U.,Zaragoza,Zaragoza,680609.63,4604705.35,SAN_BRUNO,45,0,No,0,0,0,680609.63,4604705.35
6011,R1-299,EDISTRIBUCIÓN REDES DIGITALES S.L.U.,Zaragoza,Zaragoza,680609.63,4604705.35,SAN_BRUNO,15,0,No,25.24,0,0,680609.63,4604705.35
6012,R1-299,EDISTRIBUCIÓN REDES DIGITALES S.L.U.,Zaragoza,San Mateo de Gállego,684889.33,4631746.97,SAN_MATEO,45,0,No,0,0,0,684889.33,4631746.97
6013,R1-299,EDISTRIBUCIÓN REDES DIGITALES S.L.U.,Zaragoza,San Mateo de Gállego,684889.33,4631746.97,SAN_MATEO,15,0,No,16.82,0,0,684889.33,4631746.97
6014,R1-299,EDISTRIBUCIÓN REDES DIGITALES S.L.U.,Zaragoza,Sástago,720624.49,4577324.13,SASTAGO,110,0,No,0,0,0,720624.49,4577324.13
6015,R1-299,EDISTRIBUCIÓN REDES DIGITALES S.L.U.,Zaragoza,Sástago,720624.49,4577324.13,SASTAGO,30,0,No,6.5,0,0,720624.49,4577324.13
6016,R1-299,EDISTRIBUCIÓN REDES DIGITALES S.L.U.,Zaragoza,Azuara,675506.51,4573968.28,SEC.AZUARA,132,0,No,0.06,0,0,675506.51,4573968.28
6017,R1-299,EDISTRIBUCIÓN REDES DIGITALES S.L.U.,Zaragoza,Zaragoza,685071.54,4613765.5,SEC_CABLEN,45,0,No,2.22,0,0,685071.54,4613765.5
6018,R1-299,EDISTRIBUCIÓN REDES DIGITALES S.L.U.,Zaragoza,Épila,650014.47,4601769.53,SEC_EPILA,45,0,No,0,0,0,650014.47,4601769.53
6019,R1-299,EDISTRIBUCIÓN REDES DIGITALES S.L.U.,Zaragoza,Tarazona,605161.49,4639443.18,TARAZONA,66,0,No,0,0,0,605161.49,4639443.18
6020,R1-299,EDISTRIBUCIÓN REDES DIGITALES S.L.U.,Zaragoza,Tarazona,605161.49,4639443.18,TARAZONA,13,0,No,9.78,0,0,605161.49,4639443.18
6021,R1-299,EDISTRIBUCIÓN REDES DIGITALES S.L.U.,Zaragoza,Tauste,644941.31,4643639.71,TAUSTE,66,0,No,5.36,0,0,644941.31,4643639.71
6022,R1-299,EDISTRIBUCIÓN REDES DIGITALES S.L.U.,Zaragoza,Tauste,644941.31,4643639.71,TAUSTE,13,0,No,18.54,1.9,0,644941.31,4643639.71
6023,R1-299,EDISTRIBUCIÓN REDES DIGITALES S.L.U.,Zaragoza,Zaragoza,678874.09,4607361.19,TORRERO,132,0,No,101.03,0,0,678874.09,4607361.19
6024,R1-299,EDISTRIBUCIÓN REDES DIGITALES S.L.U.,Zaragoza,Zaragoza,678874.09,4607361.19,TORRERO,45,0,No,0,0,0,678874.09,4607361.19
6025,R1-299,EDISTRIBUCIÓN REDES DIGITALES S.L.U.,Zaragoza,Zaragoza,678874.09,4607361.19,TORRERO,10,0,No,10.06,0,0,678874.09,4607361.19
6026,R1-299,EDISTRIBUCIÓN REDES DIGITALES S.L.U.,Zaragoza,Trasmoz,607890.4,4631273.6,TRASMOZ,45,0,No,0,0,0,607890.4,4631273.6
6027,R1-299,EDISTRIBUCIÓN REDES DIGITALES S.L.U.,Zaragoza,Trasmoz,607890.4,4631273.6,TRASMOZ,15,0,No,1.21,0,0,607890.4,4631273.6
6028,R1-299,EDISTRIBUCIÓN REDES DIGITALES S.L.U.,Zaragoza,Zaragoza,682357.59,4606725.39,TUDOR,45,0,No,3.04,0,0,682357.59,4606725.39
6029,R1-299,EDISTRIBUCIÓN REDES DIGITALES S.L.U.,Zaragoza,Zaragoza,673879.42,4612490,UNIVERSITA,132,0,No,0,0,0,673879.42,4612490
6030,R1-299,EDISTRIBUCIÓN REDES DIGITALES S.L.U.,Zaragoza,Zaragoza,673879.42,4612490,UNIVERSITA,45,0,No,0,0,0,673879.42,4612490
6031,R1-299,EDISTRIBUCIÓN REDES DIGITALES S.L.U.,Zaragoza,Zaragoza,673879.42,4612490,UNIVERSITA,10,0,No,20.18,0,0,673879.42,4612490
6032,R1-299,EDISTRIBUCIÓN REDES DIGITALES S.L.U.,Zaragoza,Zaragoza,665166.69,4620029.64,UTEBO,45,0,No,0.71,0,0,665166.69,4620029.64
6033,R1-299,EDISTRIBUCIÓN REDES DIGITALES S.L.U.,Zaragoza,Zaragoza,665166.69,4620029.64,UTEBO,15,0,No,28.48,0,0,665166.69,4620029.64
6034,R1-299,EDISTRIBUCIÓN REDES DIGITALES S.L.U.,Zaragoza,Cuarte de Huerva,673697.48,4606473.84,VALDECON,132,0,No,0,0,0,673697.48,4606473.84
6035,R1-299,EDISTRIBUCIÓN REDES DIGITALES S.L.U.,Zaragoza,Cuarte de Huerva,673697.48,4606473.84,VALDECON,15,0,No,14.49,0,0,673697.48,4606473.84
6036,R1-299,EDISTRIBUCIÓN REDES DIGITALES S.L.U.,Zaragoza,Ejea de los Caballeros,650711.84,4665051.15,VALDEFERRI,66,0,No,24.75,0,0,650711.84,4665051.15
6037,R1-299,EDISTRIBUCIÓN REDES DIGITALES S.L.U.,Zaragoza,Ejea de los Caballeros,650711.84,4665051.15,VALDEFERRI,13,0,No,21.26,0,0,650711.84,4665051.15
6038,R1-299,EDISTRIBUCIÓN REDES DIGITALES S.L.U.,Zaragoza,Caspe,756119.75,4573559.04,VALDEPILAS,132,0,No,0,0,0,756119.75,4573559.04
6039,R1-299,EDISTRIBUCIÓN REDES DIGITALES S.L.U.,Zaragoza,Caspe,756119.75,4573559.04,VALDEPILAS,25,0,No,9.24,0,0,756119.75,4573559.04
6040,R1-299,EDISTRIBUCIÓN REDES DIGITALES S.L.U.,Zaragoza,Ejea de los Caballeros,650899.3,4657828.67,VALENTIN,66,0,No,0,0,0,650899.3,4657828.67
6041,R1-299,EDISTRIBUCIÓN REDES DIGITALES S.L.U.,Zaragoza,Zaragoza,665977.75,4612343.39,VALENZUELA,45,0,No,0,0,0,665977.75,4612343.39
6042,R1-299,EDISTRIBUCIÓN REDES DIGITALES S.L.U.,Zaragoza,Zaragoza,665977.75,4612343.39,VALENZUELA,15,0,No,11.22,0,0,665977.75,4612343.39
6043,R1-299,EDISTRIBUCIÓN REDES DIGITALES S.L.U.,Zaragoza,Villanueva de Gállego,680206.54,4627325.91,VILLANUE_O,132,0,No,96,0,0,680206.54,4627325.91
6044,R1-299,EDISTRIBUCIÓN REDES DIGITALES S.L.U.,Zaragoza,Villanueva de Gállego,680206.54,4627325.91,VILLANUE_O,15,0,No,35.69,0,0,680206.54,4627325.91
6045,R1-299,EDISTRIBUCIÓN REDES DIGITALES S.L.U.,Zaragoza,Villanueva de Gállego,679024.35,4623385.92,VILLANUEVA,132,0,No,100,0,0,679024.35,4623385.92
6046,R1-299,EDISTRIBUCIÓN REDES DIGITALES S.L.U.,Zaragoza,Villanueva de Gállego,679024.35,4623385.92,VILLANUEVA,45,0,No,0,0,0,679024.35,4623385.92
6047,R1-299,EDISTRIBUCIÓN REDES DIGITALES S.L.U.,Zaragoza,Villanueva de Gállego,679024.35,4623385.92,VILLANUEVA,15,0,No,24.91,0,0,679024.35,4623385.92
6048,R1-299,EDISTRIBUCIÓN REDES DIGITALES S.L.U.,Zaragoza,Villanueva de Gállego,679024.35,4623385.92,VILLANUEVA,10,0,No,12.87,0,0,679024.35,4623385.92
6049,R1-299,EDISTRIBUCIÓN REDES DIGITALES S.L.U.,Zaragoza,Zaragoza,679538.74,4609932.82,ZARAGOZANA,45,0,No,4.39,0,0,679538.74,4609932.82
6050,R1-299,EDISTRIBUCIÓN REDES DIGITALES S.L.U.,Zaragoza,Zuera,683397.92,4640454.78,ZUERA,45,0,No,20.02,0,0,683397.92,4640454.78
6051,R1-299,EDISTRIBUCIÓN REDES DIGITALES S.L.U.,Zaragoza,Zuera,683397.92,4640454.78,ZUERA,15,0,No,32.05,0,0,683397.92,4640454.78
6052,R1-299,EDISTRIBUCIÓN REDES DIGITALES S.L.U.,Zaragoza,Zuera,682808.35,4638006.22,ZUERAOESTE,132,0,No,0,0,0,682808.35,4638006.22
6053,R1-299,EDISTRIBUCIÓN REDES DIGITALES S.L.U.,Zaragoza,Zuera,682808.35,4638006.22,ZUERAOESTE,45,0,No,0,0,0,682808.35,4638006.22
6054,R1-299,EDISTRIBUCIÓN REDES DIGITALES S.L.U.,Zaragoza,Zuera,682808.35,4638006.22,ZUERAOESTE,15,0,No,10.32,0,0,682808.35,4638006.22
6055,R1-299,EDISTRIBUCIÓN REDES DIGITALES S.L.U.,Soria,"Rábanos, Los",543803.46,4617422.15,LS_RABANOS,15,0,No,2.07,0,0,543803.46,4617422.15
6056,R1-299,EDISTRIBUCIÓN REDES DIGITALES S.L.U.,Soria,Ólvega,589477.58,4622188.88,MONCAYO,45,8.9,No,37,0,0,589477.58,4622188.88
6057,R1-299,EDISTRIBUCIÓN REDES DIGITALES S.L.U.,Soria,"Rábanos, Los",539467.34,4614451.69,NAVALCABAL,45,0,No,0,0,0,539467.34,4614451.69
6058,R1-299,EDISTRIBUCIÓN REDES DIGITALES S.L.U.,Soria,"Rábanos, Los",539467.34,4614451.69,NAVALCABAL,15,0,No,4.34,1.43,0,539467.34,4614451.69
6059,R1-299,EDISTRIBUCIÓN REDES DIGITALES S.L.U.,León,Ponferrada,207735.91,4720066.14,BARCENA,132,0,No,0,0,0,207735.91,4720066.14
6060,R1-299,EDISTRIBUCIÓN REDES DIGITALES S.L.U.,León,Cubillos del Sil,207515.95,4724144.36,COMPOST.2,132,0,No,45,0,0,207515.95,4724144.36
6061,R1-299,EDISTRIBUCIÓN REDES DIGITALES S.L.U.,León,Toreno,212113.09,4730161.07,S.MARINA,132,0,No,0,0,0,212113.09,4730161.07
6062,R1-299,EDISTRIBUCIÓN REDES DIGITALES S.L.U.,Soria,Ágreda,589548.81,4633360.05,AGREDA,45,0,No,0,0,0,589548.81,4633360.05
6063,R1-299,EDISTRIBUCIÓN REDES DIGITALES S.L.U.,Soria,Ágreda,589548.81,4633360.05,AGREDA,15,0,No,5.01,0,0,589548.81,4633360.05
6064,R1-299,EDISTRIBUCIÓN REDES DIGITALES S.L.U.,Soria,Almazán,540839.53,4593643.26,ALMAZAN,132,0,No,0.7,0,0,540839.53,4593643.26
6065,R1-299,EDISTRIBUCIÓN REDES DIGITALES S.L.U.,Soria,Almazán,540839.53,4593643.26,ALMAZAN,45,0,No,2.78,0,0,540839.53,4593643.26
6066,R1-299,EDISTRIBUCIÓN REDES DIGITALES S.L.U.,Soria,Almazán,540839.53,4593643.26,ALMAZAN,15,0,No,16.74,0,0,540839.53,4593643.26
6067,R1-299,EDISTRIBUCIÓN REDES DIGITALES S.L.U.,Soria,Cubo de la Solana,541176.12,4606676.93,ALTOSLUBIA,45,0,No,0,0,0,541176.12,4606676.93
6068,R1-299,EDISTRIBUCIÓN REDES DIGITALES S.L.U.,Soria,Ólvega,584275.52,4627724.56,LA_LOMA,45,8.58,No,30,9,0,584275.52,4627724.56
6069,R1-299,EDISTRIBUCIÓN REDES DIGITALES S.L.U.,Soria,Ólvega,584275.52,4627724.56,LA_LOMA,15,0,No,8.18,2.85,0,584275.52,4627724.56
6070,R1-299,EDISTRIBUCIÓN REDES DIGITALES S.L.U.,Soria,"Rábanos, Los",543803.46,4617422.15,LS_RABANOS,45,0,No,0,0,0,543803.46,4617422.15
6071,R1-299,EDISTRIBUCIÓN REDES DIGITALES S.L.U.,Soria,Ólvega,583177.12,4626140.05,OLVEGA,45,0,No,0,0,0,583177.12,4626140.05
6072,R1-299,EDISTRIBUCIÓN REDES DIGITALES S.L.U.,Soria,Ólvega,583177.12,4626140.05,OLVEGA,15,0,No,11.9,0,0,583177.12,4626140.05
6073,R1-299,EDISTRIBUCIÓN REDES DIGITALES S.L.U.,Soria,Oncala,562412.1,4645960.52,ONCALA,30,1.26,No,1.61,0,0,562412.1,4645960.52
6074,R1-299,EDISTRIBUCIÓN REDES DIGITALES S.L.U.,Soria,Ólvega,583968.77,4622114.63,S_MADERO,45,9.03,No,0,0,0,583968.77,4622114.63
6075,R1-299,EDISTRIBUCIÓN REDES DIGITALES S.L.U.,Zamora,Porto,176914.75,4674157.36,PORTO,50,13.06,No,0,0,0,176914.75,4674157.36
6076,R1-299,EDISTRIBUCIÓN REDES DIGITALES S.L.U.,Ciudad Real,Puertollano,407637.55,4281577.29,E_QUIMIC,132,0,No,40,0,0,407637.55,4281577.29
6077,R1-299,EDISTRIBUCIÓN REDES DIGITALES S.L.U.,Ciudad Real,Puertollano,406729.67,4280441.13,EDI_RED,132,0,No,16.24,0,0,406729.67,4280441.13
6078,R1-299,EDISTRIBUCIÓN REDES DIGITALES S.L.U.,Ciudad Real,Puertollano,402252.6,4278412.6,PTOLLANO,132,0,No,100,0,0,402252.6,4278412.6
6079,R1-299,EDISTRIBUCIÓN REDES DIGITALES S.L.U.,Barcelona,Abrera,908521.03,4606693.55,ABRERA,25,0,No,106.9,0,0,908521.03,4606693.55
6080,R1-299,EDISTRIBUCIÓN REDES DIGITALES S.L.U.,Barcelona,"Prat de Llobregat, El",927240.9,4586287.23,AEROPORT,25,0,No,59.58,0,0,927240.9,4586287.23
6081,R1-299,EDISTRIBUCIÓN REDES DIGITALES S.L.U.,Barcelona,Vilanova del Camí,889118.85,4613349.42,ANOIA,25,0.26,No,71.46,6.55,0,889118.85,4613349.42
6082,R1-299,EDISTRIBUCIÓN REDES DIGITALES S.L.U.,Barcelona,Montcada i Reixac,932448.91,4604392.83,ASLAND,110,0,No,8.5,0,0,932448.91,4604392.83
6083,R1-299,EDISTRIBUCIÓN REDES DIGITALES S.L.U.,Barcelona,Montcada i Reixac,932448.91,4604392.83,ASLAND,25,0,No,40.22,0,0,932448.91,4604392.83
6084,R1-299,EDISTRIBUCIÓN REDES DIGITALES S.L.U.,Barcelona,Sant Adrià de Besòs,937460.16,4599476.81,BADALONA,25,0,No,73.55,3.76,0,937460.16,4599476.81
6085,R1-299,EDISTRIBUCIÓN REDES DIGITALES S.L.U.,Barcelona,Sant Adrià de Besòs,937460.16,4599476.81,BADALONA,11,0,No,35.4,0,0,937460.16,4599476.81
6086,R1-299,EDISTRIBUCIÓN REDES DIGITALES S.L.U.,Barcelona,Barberà del Vallès,929199.06,4608113.1,BARBERA,110,0,No,0,0,0,929199.06,4608113.1
6087,R1-299,EDISTRIBUCIÓN REDES DIGITALES S.L.U.,Barcelona,Barberà del Vallès,929199.06,4608113.1,BARBERA,25,0,No,44.15,0.01,0,929199.06,4608113.1
6088,R1-299,EDISTRIBUCIÓN REDES DIGITALES S.L.U.,Barcelona,Vallirana,910133.4,4589846.99,BEGUES,25,0,No,58.69,0,0,910133.4,4589846.99
6089,R1-299,EDISTRIBUCIÓN REDES DIGITALES S.L.U.,Barcelona,Sant Adrià de Besòs,936975.97,4598590.83,BESOS,110,10.61,No,21.99,0,0,936975.97,4598590.83
6090,R1-299,EDISTRIBUCIÓN REDES DIGITALES S.L.U.,Barcelona,Sant Adrià de Besòs,936975.97,4598590.83,BESOS,66,41.28,No,2.57,0,0,936975.97,4598590.83
6091,R1-299,EDISTRIBUCIÓN REDES DIGITALES S.L.U.,Barcelona,Sant Adrià de Besòs,936975.97,4598590.83,BESOS,25,5.37,No,177.42,0,0,936975.97,4598590.83
6092,R1-299,EDISTRIBUCIÓN REDES DIGITALES S.L.U.,Barcelona,Calders,910253.24,4635685.26,CALDERS,110,0,No,0,0,0,910253.24,4635685.26
6093,R1-299,EDISTRIBUCIÓN REDES DIGITALES S.L.U.,Barcelona,Calders,910253.24,4635685.26,CALDERS,25,0,No,60.25,0.01,0,910253.24,4635685.26
6094,R1-299,EDISTRIBUCIÓN REDES DIGITALES S.L.U.,Barcelona,Calella,970708.47,4623773.35,CALELLA,110,0,No,0,0,0,970708.47,4623773.35
6095,R1-299,EDISTRIBUCIÓN REDES DIGITALES S.L.U.,Barcelona,Calella,970708.47,4623773.35,CALELLA,25,0,No,41.32,0,0,970708.47,4623773.35
6096,R1-299,EDISTRIBUCIÓN REDES DIGITALES S.L.U.,Barcelona,Sant Adrià de Besòs,936975.97,4598590.83,BESOS,11,0,No,4.66,0,0,936975.97,4598590.83
6097,R1-299,EDISTRIBUCIÓN REDES DIGITALES S.L.U.,Barcelona,Terrassa,921713.55,4612535.45,CANBARBA,110,0,No,0,0,0,921713.55,4612535.45
6098,R1-299,EDISTRIBUCIÓN REDES DIGITALES S.L.U.,Barcelona,Terrassa,921713.55,4612535.45,CANBARBA,25,0,No,111.76,0,0,921713.55,4612535.45
6099,R1-299,EDISTRIBUCIÓN REDES DIGITALES S.L.U.,Barcelona,Terrassa,921713.55,4612535.45,CANBARBA,11,0,No,0.96,0,0,921713.55,4612535.45
6100,R1-299,EDISTRIBUCIÓN REDES DIGITALES S.L.U.,Barcelona,Rubí,919488.18,4603650.68,CANJARDI,110,0,No,7.1,0,0,919488.18,4603650.68
6101,R1-299,EDISTRIBUCIÓN REDES DIGITALES S.L.U.,Barcelona,Rubí,919488.18,4603650.68,CANJARDI,25,0,No,110.35,0,0,919488.18,4603650.68
6102,R1-299,EDISTRIBUCIÓN REDES DIGITALES S.L.U.,Barcelona,Badalona,937574.7,4605073.46,CANRUTI,110,0,No,0,0,0,937574.7,4605073.46
6103,R1-299,EDISTRIBUCIÓN REDES DIGITALES S.L.U.,Barcelona,Badalona,937574.7,4605073.46,CANRUTI,25,0,No,82.21,0,0,937574.7,4605073.46
6104,R1-299,EDISTRIBUCIÓN REDES DIGITALES S.L.U.,Barcelona,"Torre de Claramunt, La",890435.65,4607736.06,CAPELLADES,110,0,No,30,0,0,890435.65,4607736.06
6105,R1-299,EDISTRIBUCIÓN REDES DIGITALES S.L.U.,Barcelona,"Torre de Claramunt, La",890435.65,4607736.06,CAPELLADES,25,0,No,72.23,0,0,890435.65,4607736.06
6106,R1-299,EDISTRIBUCIÓN REDES DIGITALES S.L.U.,Barcelona,Navàs,891103.65,4646545.58,CARDONA,110,0,No,0,0,0,891103.65,4646545.58
6107,R1-299,EDISTRIBUCIÓN REDES DIGITALES S.L.U.,Barcelona,Navàs,891103.65,4646545.58,CARDONA,25,0,No,12.62,0,0,891103.65,4646545.58
6108,R1-299,EDISTRIBUCIÓN REDES DIGITALES S.L.U.,Barcelona,Castellbisbal,916566.82,4600236.47,CASTELLBIS,25,10.26,No,124.19,47.5,0,916566.82,4600236.47
6109,R1-299,EDISTRIBUCIÓN REDES DIGITALES S.L.U.,Barcelona,Castellet i la Gornal,883917.81,4577324.59,CASTELLET,25,0,No,114.92,4.56,0,883917.81,4577324.59
6110,R1-299,EDISTRIBUCIÓN REDES DIGITALES S.L.U.,Barcelona,Centelles,933067.06,4641582.55,CENTELLES,25,6.55,No,42.35,0,0,933067.06,4641582.55
6111,R1-299,EDISTRIBUCIÓN REDES DIGITALES S.L.U.,Barcelona,Cercs,901298.43,4680501.75,CERCS,110,0,No,0,0,0,901298.43,4680501.75
6112,R1-299,EDISTRIBUCIÓN REDES DIGITALES S.L.U.,Barcelona,Cercs,901298.43,4680501.75,CERCS,25,0,No,51.66,0,0,901298.43,4680501.75
6113,R1-299,EDISTRIBUCIÓN REDES DIGITALES S.L.U.,Barcelona,Barcelona,929957.91,4589598.99,CERDA,25,0,No,76.7,0,0,929957.91,4589598.99
6114,R1-299,EDISTRIBUCIÓN REDES DIGITALES S.L.U.,Barcelona,Cerdanyola del Vallès,927129.66,4607255.9,CERDANYOLA,110,0,No,0,0,0,927129.66,4607255.9
6115,R1-299,EDISTRIBUCIÓN REDES DIGITALES S.L.U.,Barcelona,Cardedeu,947429.7,4622751.74,LLINARS,132,0,No,0,0,0,947429.7,4622751.74
6116,R1-299,EDISTRIBUCIÓN REDES DIGITALES S.L.U.,Barcelona,Cardedeu,947429.7,4622751.74,LLINARS,25,0,No,81.07,0,0,947429.7,4622751.74
6117,R1-299,EDISTRIBUCIÓN REDES DIGITALES S.L.U.,Barcelona,Barcelona,927079.12,4588647.96,LLOBREGAT,110,0,No,22.8,0,0,927079.12,4588647.96
6118,R1-299,EDISTRIBUCIÓN REDES DIGITALES S.L.U.,Barcelona,Barcelona,927079.12,4588647.96,LLOBREGAT,25,0,No,125.76,0,0,927079.12,4588647.96
6119,R1-299,EDISTRIBUCIÓN REDES DIGITALES S.L.U.,Barcelona,Manresa,902510.08,4631396.58,MANRESA,110,0,No,0,0,0,902510.08,4631396.58
6120,R1-299,EDISTRIBUCIÓN REDES DIGITALES S.L.U.,Barcelona,Cerdanyola del Vallès,927129.66,4607255.9,CERDANYOLA,25,0,No,136.46,0,0,927129.66,4607255.9
6121,R1-299,EDISTRIBUCIÓN REDES DIGITALES S.L.U.,Barcelona,Cervelló,917090.43,4595931.51,CERVELLO,25,0,No,80.74,0,0,917090.43,4595931.51
6122,R1-299,EDISTRIBUCIÓN REDES DIGITALES S.L.U.,Barcelona,Cerdanyola del Vallès,925794.88,4604394.12,CODONYERS,25,0,No,148.57,0,0,925794.88,4604394.12
6123,R1-299,EDISTRIBUCIÓN REDES DIGITALES S.L.U.,Barcelona,"Hospitalet de Llobregat, L'",927025.21,4593130.55,COLLBLANC,110,0,No,39.8,0,0,927025.21,4593130.55
6124,R1-299,EDISTRIBUCIÓN REDES DIGITALES S.L.U.,Barcelona,"Hospitalet de Llobregat, L'",927025.21,4593130.55,COLLBLANC,25,0,No,74.58,0,0,927025.21,4593130.55
6125,R1-299,EDISTRIBUCIÓN REDES DIGITALES S.L.U.,Barcelona,"Hospitalet de Llobregat, L'",927025.21,4593130.55,COLLBLANC,11,0,No,58.21,0,0,927025.21,4593130.55
6126,R1-299,EDISTRIBUCIÓN REDES DIGITALES S.L.U.,Barcelona,Manresa,900017.79,4630722.65,CONGOST,110,0,No,0,0,0,900017.79,4630722.65
6127,R1-299,EDISTRIBUCIÓN REDES DIGITALES S.L.U.,Barcelona,Manresa,900017.79,4630722.65,CONGOST,25,0,No,79.39,0,0,900017.79,4630722.65
6128,R1-299,EDISTRIBUCIÓN REDES DIGITALES S.L.U.,Barcelona,Gavà,914009.11,4583184.62,ECOGARRAF,66,0,No,0,0,0,914009.11,4583184.62
6129,R1-299,EDISTRIBUCIÓN REDES DIGITALES S.L.U.,Barcelona,Terrassa,917426.82,4615415.87,EGARA,110,0,No,0,0,0,917426.82,4615415.87
6130,R1-299,EDISTRIBUCIÓN REDES DIGITALES S.L.U.,Barcelona,Terrassa,917426.82,4615415.87,EGARA,25,0,No,70.97,0.77,0,917426.82,4615415.87
6131,R1-299,EDISTRIBUCIÓN REDES DIGITALES S.L.U.,Barcelona,Barcelona,932117.51,4597064.37,EIXAMPLE,25,21.42,No,28.68,0,0,932117.51,4597064.37
6132,R1-299,EDISTRIBUCIÓN REDES DIGITALES S.L.U.,Barcelona,Barcelona,932117.51,4597064.37,EIXAMPLE,11,0,No,41.36,0,0,932117.51,4597064.37
6133,R1-299,EDISTRIBUCIÓN REDES DIGITALES S.L.U.,Barcelona,Barcelona,928120.97,4594022.41,FACULTATS,25,0,No,81.14,0,0,928120.97,4594022.41
6134,R1-299,EDISTRIBUCIÓN REDES DIGITALES S.L.U.,Barcelona,Cubelles,890550.08,4572557.45,FOIX,25,0,No,50.96,0,0,890550.08,4572557.45
6135,R1-299,EDISTRIBUCIÓN REDES DIGITALES S.L.U.,Barcelona,"Franqueses del Vallès, Les",939940.49,4623589.69,FRANQUESES,25,0,No,142.9,0,0,939940.49,4623589.69
6136,R1-299,EDISTRIBUCIÓN REDES DIGITALES S.L.U.,Barcelona,Vilanova i la Geltrú,895479.68,4577865.28,GARRAF,110,0,No,70.06,0,0,895479.68,4577865.28
6137,R1-299,EDISTRIBUCIÓN REDES DIGITALES S.L.U.,Barcelona,Badalona,939347.89,4603461.65,GUIXERES,25,0,No,92.82,0,0,939347.89,4603461.65
6138,R1-299,EDISTRIBUCIÓN REDES DIGITALES S.L.U.,Barcelona,"Hospitalet de Llobregat, L'",926700.89,4589786.2,HOSPITALET,110,0,No,0,0,0,926700.89,4589786.2
6139,R1-299,EDISTRIBUCIÓN REDES DIGITALES S.L.U.,Barcelona,Barcelona,930657.74,4592938.73,HOSTAFRANC,110,0,No,0,0,0,930657.74,4592938.73
6140,R1-299,EDISTRIBUCIÓN REDES DIGITALES S.L.U.,Barcelona,Mataró,952512.37,4611551.62,ILURO,25,0,No,44.52,6.33,0,952512.37,4611551.62
6141,R1-299,EDISTRIBUCIÓN REDES DIGITALES S.L.U.,Barcelona,Calonge de Segarra,876373.82,4630713.12,LAFORTESA,110,0,No,0,0,0,876373.82,4630713.12
6142,R1-299,EDISTRIBUCIÓN REDES DIGITALES S.L.U.,Barcelona,Calonge de Segarra,876373.82,4630713.12,LAFORTESA,25,0,No,47.56,0,0,876373.82,4630713.12
6143,R1-299,EDISTRIBUCIÓN REDES DIGITALES S.L.U.,Barcelona,Barcelona,929638.19,4594516.39,LESCORTS,110,0,No,0,0,0,929638.19,4594516.39
6144,R1-299,EDISTRIBUCIÓN REDES DIGITALES S.L.U.,Barcelona,"Hospitalet de Llobregat, L'",926700.89,4589786.2,HOSPITALET,25,0,No,208.71,1.33,0,926700.89,4589786.2
6145,R1-299,EDISTRIBUCIÓN REDES DIGITALES S.L.U.,Barcelona,Barcelona,930657.74,4592938.73,HOSTAFRANC,25,0,No,34.99,0,0,930657.74,4592938.73
6146,R1-299,EDISTRIBUCIÓN REDES DIGITALES S.L.U.,Barcelona,Barcelona,930657.74,4592938.73,HOSTAFRANC,11,0,No,45.26,0,0,930657.74,4592938.73
6147,R1-299,EDISTRIBUCIÓN REDES DIGITALES S.L.U.,Barcelona,Mataró,952512.37,4611551.62,ILURO,110,0,No,0,0,0,952512.37,4611551.62
